[backblue.gif]
[fade.gif]
[index.html]
[cdn.prod.website-files.com/62014dd97e014e5a161f0175/65f0368d80e94d0722e85621_sigle_site-32.png]
[cdn.prod.website-files.com/62014dd97e014e5a161f0175/65f0369289f33ecd87728b9d_sigle_site-256.png]
[cdn.prod.website-files.com/62014dd97e014e5a161f0175/65cb7b5604ea2ab4cc2268b8_300pxEscort-ezgif.com-resize-300px.webp]
[cdn.prod.website-files.com/62014dd97e014e5a161f0175/65cb7657f4fb97f5f1b7d8c8_Contenu_Jackpot-ezgif.com-video-to-webp-converter.webp]
[cdn.prod.website-files.com/62014dd97e014e5a161f0175/65cb7657f4fb97f5f1b7d8c8_Contenu_Jackpot-ezgif.com-video-to-webp-converter-p-500.webp]
[cdn.prod.website-files.com/62014dd97e014e5a161f0175/65cb87d6a401a9410bbc9c29_Contenu_BickDick-ezgif.com-video-to-webp-converter (1).webp]
[cdn.prod.website-files.com/62014dd97e014e5a161f0175/65cb89652e7c90b26c91a9cf_Contenu_LgmHub-ezgif.com-video-to-webp-converter.webp]
[cdn.prod.website-files.com/62014dd97e014e5a161f0175/65cb89652e7c90b26c91a9cf_Contenu_LgmHub-ezgif.com-video-to-webp-converter-p-500.webp]
[cdn.prod.website-files.com/62014dd97e014e5a161f0175/65cb8f5f6d0b8492957f58a7_Contenu_Spam_Secte-ezgif.com-video-to-webp-converter.webp]
[cdn.prod.website-files.com/62014dd97e014e5a161f0175/65cb8f5f6d0b8492957f58a7_Contenu_Spam_Secte-ezgif.com-video-to-webp-converter-p-500.webp]
[cdn.prod.website-files.com/62014dd97e014e5a161f0175/65cb901b2bd24ad4fd23033b_Contenu_Sexologue-ezgif.com-video-to-webp-converter.webp]
[cdn.prod.website-files.com/62014dd97e014e5a161f0175/65cb901b2bd24ad4fd23033b_Contenu_Sexologue-ezgif.com-video-to-webp-converter-p-500.webp]
[cdn.prod.website-files.com/62014dd97e014e5a161f0175/65cb93a244caae357e653aea_Contenu_Sextoys-ezgif.com-video-to-webp-converter (1).webp]
[cdn.prod.website-files.com/62014dd97e014e5a161f0175/65cb983fb9910f5497f2ee69_Contenu_Webcam-ezgif.com-video-to-webp-converter.webp]
[cdn.prod.website-files.com/62014dd97e014e5a161f0175/65cb983fb9910f5497f2ee69_Contenu_Webcam-ezgif.com-video-to-webp-converter-p-500.webp]
[cdn.prod.website-files.com/62014dd97e014e5a161f0175/65cb94e8de7072b7a6088f92_Contenu_Voyage-ezgif.com-video-to-webp-converter.webp]
[cdn.prod.website-files.com/62014dd97e014e5a161f0175/65cb973b4876ea14b429fb97_Contenu_Telephone-ezgif.com-video-to-webp-converter.webp]
[cdn.prod.website-files.com/62014dd97e014e5a161f0175/65cb973b4876ea14b429fb97_Contenu_Telephone-ezgif.com-video-to-webp-converter-p-500.webp]
[cdn.prod.website-files.com/62014dd97e014e5a161f0175/65cb9c5ca4f3fce1a326e514_Contenu_Horoscope-ezgif.com-video-to-webp-converter (2).webp]
[cdn.prod.website-files.com/62014dd97e014e5a161f0175/6592be70b4985a7582afae4a_vert-full.png]
[cdn.prod.website-files.com/62014dd97e014e5a161f0175/65ccdb91a2833c508e0368b2_green-empty-clean.png]
[cdn.prod.website-files.com/62014dd97e014e5a161f0175/6592be704d6df02a5f87f49e_jaune-full.png]
[cdn.prod.website-files.com/62014dd97e014e5a161f0175/65e8460f4bb6d37ca02e1fd1_tt2.webp]
[cdn.prod.website-files.com/62014dd97e014e5a161f0175/6592be709e5521d3a7085e04_bleu-full.png]
[cdn.prod.website-files.com/62014dd97e014e5a161f0175/65ccdb91b1601e71fc514a1e_bleu-empty-clean.webp]
[cdn.prod.website-files.com/62014dd97e014e5a161f0175/67727f0720afbbf853cc930e_juliette-ico.webp]
[cdn.prod.website-files.com/62014dd97e014e5a161f0175/65cb3e32e100a44971ca4ac7_Hélène 2.png]
[cdn.prod.website-files.com/62014dd97e014e5a161f0175/6844305ee03eff9968e9207f_icon-hugo.png]
[cdn.prod.website-files.com/62014dd97e014e5a161f0175/678f67e4ed8c6a73e463d183_vivian-ico.avif]
[cdn.prod.website-files.com/62014dd97e014e5a161f0175/684606383a62db625d535068_PNG-allan.png]
[cdn.prod.website-files.com/62014dd97e014e5a161f0175/67726ce39b8408e6153b5a42_quentin-ico.webp]
[cdn.prod.website-files.com/62014dd97e014e5a161f0175/676a7c83fae99b11d81ba253_vitorien-ico.webp]
[cdn.prod.website-files.com/62014dd97e014e5a161f0175/6773b76078d2a7a790272e7e_hippo-ico.webp]
[cdn.prod.website-files.com/62014dd97e014e5a161f0175/65cb3e3e84ba1c8a122b3e0d_Hélène 1.png]
[cdn.prod.website-files.com/62014dd97e014e5a161f0175/67697eeff2abd948e4e2534d_emmag.webp]
[cdn.prod.website-files.com/62014dd97e014e5a161f0175/65cb3e4a7aa9aab2f5554ef3_Hélène 1.png]
[cdn.prod.website-files.com/62014dd97e014e5a161f0175/676a848f645b4284c7bbaaa2_selene-ico.webp]
[cdn.prod.website-files.com/62014dd97e014e5a161f0175/65cb3e555b40376af51277a3_Hélène 3.png]
[cdn.prod.website-files.com/62014dd97e014e5a161f0175/65cb3e3df93e58330ad198ab_Hélène 2.png]
[cdn.prod.website-files.com/62014dd97e014e5a161f0175/65cb3e3ea411962082dd4817_Hélène 4.png]
[cdn.prod.website-files.com/62014dd97e014e5a161f0175/65cb3e635b40376af512870c_Hélène 5.png]
[cdn.prod.website-files.com/62014dd97e014e5a161f0175/65cb3e3271b68906f7eadff2_Hélène 1.png]
[cdn.prod.website-files.com/62014dd97e014e5a161f0175/65cb3e63d97ba9c3e3aa5191_Hélène 4-1.png]
[cdn.prod.website-files.com/62014dd97e014e5a161f0175/65cb3e62488b1ccd7b12ec71_Hélène 2.png]
[cdn.prod.website-files.com/62014dd97e014e5a161f0175/676436722ac6b456a3632543_clara-ico.webp]
[cdn.prod.website-files.com/62014dd97e014e5a161f0175/684604a5c88f5cd474c6bef9_PNG-nicolas.png]
[cdn.prod.website-files.com/62014dd97e014e5a161f0175/65cb3e4a0401cde3419e0c90_Hélène 5.png]
[cdn.prod.website-files.com/62014dd97e014e5a161f0175/65cb3e575b40376af5127822_Hélène 5.png]
[cdn.prod.website-files.com/62014dd97e014e5a161f0175/674703c5033a8ef5fb564e45_manon-clean.webp]
[cdn.prod.website-files.com/62014dd97e014e5a161f0175/65aa75055aa7ad8ab27c4dc1_folder-open.webp]
[cdn.prod.website-files.com/62014dd97e014e5a161f0175/65cf771a0d51baade09893dd_close-folder.webp]
[cdn.prod.website-files.com/62014dd97e014e5a161f0175/68443a4551a8b2f1e389b281_phone-close-background.png]
[cdn.prod.website-files.com/62014dd97e014e5a161f0175/68443a4551a8b2f1e389b281_phone-close-background-p-500.png]
[cdn.prod.website-files.com/62014dd97e014e5a161f0175/6846e943a35359221a0731ad_icon-home-sanstitre-lock.png]
[cdn.prod.website-files.com/62014dd97e014e5a161f0175/6846e943d3e99c19b9964e12_icon-home-sanstitre-dynamite.png]
[cdn.prod.website-files.com/62014dd97e014e5a161f0175/6846e943a2e7a1f42c306bb4_icon-home-sanstitre-cube.png]
[cdn.prod.website-files.com/62014dd97e014e5a161f0175/68444186cf68363720baf8bb_icon-home-medias-video.png]
[cdn.prod.website-files.com/62014dd97e014e5a161f0175/6846e7413d6cc140a671d6df_icon-home-mediatheque.png]
[cdn.prod.website-files.com/62014dd97e014e5a161f0175/65c9ecaa7350572734003027_file-png_2 1.png]
[cdn.prod.website-files.com/62014dd97e014e5a161f0175/65c9ecb018a74904c71edd71_file-png_2 1 copie.png]
[cdn.prod.website-files.com/62014dd97e014e5a161f0175/65c9ededf34c4960156e4db8_file-png_2 1.png]
[cdn.prod.website-files.com/62014dd97e014e5a161f0175/65c9ee266b4929c3ccda117a_file-png_2 1.png]
[cdn.prod.website-files.com/62014dd97e014e5a161f0175/65c9ecb017a59904adc56697_file-png_2 1 copie 2.png]
[cdn.prod.website-files.com/62014dd97e014e5a161f0175/65c9ecaef85b750a4d3d29e5_file-png_2 1 copie 3.png]
[cdn.prod.website-files.com/62014dd97e014e5a161f0175/65c9ecb02577df7a9e35ccfe_file-png_2 1 copie 4.png]
[cdn.prod.website-files.com/62014dd97e014e5a161f0175/65c9eee371ab7b44b9c30446_file-png_2 1.png]
[cdn.prod.website-files.com/62014dd97e014e5a161f0175/65c9ecad1aed2a3e77bf9494_file-png_2 1 copie 5.png]
[cdn.prod.website-files.com/62014dd97e014e5a161f0175/65c9ecae8ec979d4fa71c877_file-png_2 1 copie 6.png]
[cdn.prod.website-files.com/62014dd97e014e5a161f0175/65c9ecadbc3f6a83d7544cc6_file-png_2 1 copie 7.png]
[cdn.prod.website-files.com/62014dd97e014e5a161f0175/65c9ecacc9ba4489249d8472_file-png_2 1 copie 8.png]
[cdn.prod.website-files.com/62014dd97e014e5a161f0175/65c9ecac7d0ed045b21a90b7_file-png_2 1 copie 10.png]
[cdn.prod.website-files.com/62014dd97e014e5a161f0175/65c9ecaa0fb1d8aaefcf19c9_file-png_2 1 copie 14.png]
[cdn.prod.website-files.com/62014dd97e014e5a161f0175/65c9ecaae6e2e11bd047ac56_file-png_2 1 copie 12.png]
[cdn.prod.website-files.com/62014dd97e014e5a161f0175/65ca1c246b4929c3ccf0731d_file-png_2 1.png]
[cdn.prod.website-files.com/62014dd97e014e5a161f0175/65ca11b6ee5183efd952b56b_file-png_2 1 (18).png]
[cdn.prod.website-files.com/62014dd97e014e5a161f0175/65ca11b7b980349c044591e4_file-png_2 1 (17).png]
[cdn.prod.website-files.com/62014dd97e014e5a161f0175/65ca11b6d2e95d7d83ba859c_file-png_2 1 (16).png]
[cdn.prod.website-files.com/62014dd97e014e5a161f0175/65ca11b8037d4dc464453b84_file-png_2 1 (15).png]
[cdn.prod.website-files.com/62014dd97e014e5a161f0175/65ca11ba037d4dc464453c0f_file-png_2 1 (14).png]
[cdn.prod.website-files.com/62014dd97e014e5a161f0175/65ca11baf7f87d37ecacdd76_file-png_2 1 (13).png]
[cdn.prod.website-files.com/62014dd97e014e5a161f0175/65ca11b9ccaefe25934e17bb_file-png_2 1 (12).png]
[cdn.prod.website-files.com/62014dd97e014e5a161f0175/65ca11ba28fb43ddfa62f23f_file-png_2 1 (11).png]
[cdn.prod.website-files.com/62014dd97e014e5a161f0175/65ca11bb18a74904c72fa02b_file-png_2 1 (10).png]
[cdn.prod.website-files.com/62014dd97e014e5a161f0175/65ca11bb05e89a2632e843f5_file-png_2 1 (9).png]
[cdn.prod.website-files.com/62014dd97e014e5a161f0175/65ca11bb18a74904c72fa02e_file-png_2 1 (8).png]
[cdn.prod.website-files.com/62014dd97e014e5a161f0175/65ca11bc037d4dc464453cf7_file-png_2 1 (7).png]
[cdn.prod.website-files.com/62014dd97e014e5a161f0175/65ca11bdc1cfe27d0d4de68a_file-png_2 1 (6).png]
[cdn.prod.website-files.com/62014dd97e014e5a161f0175/65ca11bd075432eb469f04a0_file-png_2 1 (5).png]
[cdn.prod.website-files.com/62014dd97e014e5a161f0175/65ca11bd9711b7e17474e593_file-png_2 1 (4).png]
[cdn.prod.website-files.com/62014dd97e014e5a161f0175/65ca195a6b4929c3ccef3677_file-png_2 1 (3).png]
[cdn.prod.website-files.com/62014dd97e014e5a161f0175/65ca11bfe8917a97220fd96f_file-png_2 1 (2).png]
[cdn.prod.website-files.com/62014dd97e014e5a161f0175/65ca195ac3ae31fe6716cf19_file-png_2 1 (1).png]
[cdn.prod.website-files.com/62014dd97e014e5a161f0175/65ca11b62ca54db5538591ea_file-png_2 1.png]
[cdn.prod.website-files.com/62014dd97e014e5a161f0175/65ca20888b26da17fec03e2a_file-png_2 1.png]
[cdn.prod.website-files.com/62014dd97e014e5a161f0175/65ca208eaf03edea3631ede0_file-png_2 1.png]
[cdn.prod.website-files.com/62014dd97e014e5a161f0175/65ca23ae7c3a6796ddbe92ca_green.png]
[cdn.prod.website-files.com/62014dd97e014e5a161f0175/65ca20a9ff66b3e5cfa5fe3f_file-png_2 1.png]
[cdn.prod.website-files.com/62014dd97e014e5a161f0175/65ca20adc609cbc9842268e5_file-png_2 1.png]
[cdn.prod.website-files.com/62014dd97e014e5a161f0175/65ca20b22639524f741b5f8b_file-png_2 1.png]
[cdn.prod.website-files.com/62014dd97e014e5a161f0175/65ca20b7757b9efe4735bc6b_file-png_2 1.png]
[cdn.prod.website-files.com/62014dd97e014e5a161f0175/65ca20bc78cc598de8465141_file-png_2 1.png]
[cdn.prod.website-files.com/62014dd97e014e5a161f0175/65ca20c07ffcff169f019fb4_file-png_2 1.png]
[cdn.prod.website-files.com/62014dd97e014e5a161f0175/65ca20c5033c8cc19927b6e2_file-png_2 1.png]
[cdn.prod.website-files.com/62014dd97e014e5a161f0175/65ca20caf2202e9ce409a6cf_file-png_2 1.png]
[cdn.prod.website-files.com/62014dd97e014e5a161f0175/65ca25311aed2a3e77daed39_moitie.png]
[cdn.prod.website-files.com/62014dd97e014e5a161f0175/65ca25ae46bd04e9de1e7367_caca.png]
[cdn.prod.website-files.com/62014dd97e014e5a161f0175/65ca25c07023d693859da7f5_fenetre.png]
[cdn.prod.website-files.com/62014dd97e014e5a161f0175/65ca20cfb4d36600151272d1_file-png_2 1.png]
[cdn.prod.website-files.com/62014dd97e014e5a161f0175/65ca26081fa58941b8a09137_tkllla.png]
[cdn.prod.website-files.com/62014dd97e014e5a161f0175/65ca20d40bc306298be17dc8_file-png_2 1.png]
[cdn.prod.website-files.com/62014dd97e014e5a161f0175/65ca20d928fb43ddfa6a49dc_file-png_2 1.png]
[cdn.prod.website-files.com/62014dd97e014e5a161f0175/6579c0b497c39fba1b0c352d_warning2.png]
[cdn.prod.website-files.com/62014dd97e014e5a161f0175/65d727e7c89ee366f93c3a6d_Flamme_Render_Pixel_02-ezgif.com-gif-to-webp-converter.webp]
[cdn.prod.website-files.com/62014dd97e014e5a161f0175/65d727e7c89ee366f93c3a6d_Flamme_Render_Pixel_02-ezgif.com-gif-to-webp-converter-p-500.webp]
[cdn.prod.website-files.com/62014dd97e014e5a161f0175/65d727e7c89ee366f93c3a6d_Flamme_Render_Pixel_02-ezgif.com-gif-to-webp-converter-p-800.webp]
[cdn.prod.website-files.com/62014dd97e014e5a161f0175/65d727e7c89ee366f93c3a6d_Flamme_Render_Pixel_02-ezgif.com-gif-to-webp-converter-p-1080.webp]
[cdn.prod.website-files.com/62014dd97e014e5a161f0175/65d727e7c89ee366f93c3a6d_Flamme_Render_Pixel_02-ezgif.com-gif-to-webp-converter-p-1600.webp]
[cdn.prod.website-files.com/62014dd97e014e5a161f0175/65d88f3b1fdcee4861ab6585_mochi-heart-empty.png]
[cdn.prod.website-files.com/62014dd97e014e5a161f0175/65d88f3b1fdcee4861ab6587_mochi-heart-full.png]
[cdn.prod.website-files.com/62014dd97e014e5a161f0175/65d88f3b1fdcee4861ab6593_mochi-heart-green.png]
[cdn.prod.website-files.com/62014dd97e014e5a161f0175/65d88f3b1fdcee4861ab6589_mochi-bone.png]
[cdn.prod.website-files.com/62014dd97e014e5a161f0175/65d88f3b1fdcee4861ab6595_mochi-bone-green.png]
[cdn.prod.website-files.com/62014dd97e014e5a161f0175/65aa75051158fa9bc184d824_folder-close.webp]
[cdn.prod.website-files.com/62014dd97e014e5a161f0175/6846ccda346415bfcbbb312f_icon-home-error.png]
[cdn.prod.website-files.com/62014dd97e014e5a161f0175/672a1a60c182602bf648eb86_play-pushed-row.png]
[cdn.prod.website-files.com/62014dd97e014e5a161f0175/669758634b8f23910ddc7be6_bouton pause enfoncé.png]
[cdn.prod.website-files.com/62014dd97e014e5a161f0175/65a11bbe61e4e39a6119de90_COMP_Mochi_Coeur2-poster-00001.jpg]
[cdn.prod.website-files.com/62014dd97e014e5a161f0175/65a11bbe61e4e39a6119de90_COMP_Mochi_Coeur2-transcode.mp4]
[cdn.prod.website-files.com/62014dd97e014e5a161f0175/65a11bbe61e4e39a6119de90_COMP_Mochi_Coeur2-transcode.webm]
[cdn.prod.website-files.com/62014dd97e014e5a161f0175/65a11cfbe47b86a5d8025945_COMP_Mochi_Nonos2-poster-00001.jpg]
[cdn.prod.website-files.com/62014dd97e014e5a161f0175/65a11cfbe47b86a5d8025945_COMP_Mochi_Nonos2-transcode.mp4]
[cdn.prod.website-files.com/62014dd97e014e5a161f0175/65a11cfbe47b86a5d8025945_COMP_Mochi_Nonos2-transcode.webm]
[cdn.prod.website-files.com/62014dd97e014e5a161f0175/65a11d98dfbfd2af6ba96634_COMP_Mochi_Dodo2-poster-00001.jpg]
[cdn.prod.website-files.com/62014dd97e014e5a161f0175/65a11d98dfbfd2af6ba96634_COMP_Mochi_Dodo2-transcode.mp4]
[cdn.prod.website-files.com/62014dd97e014e5a161f0175/65a11d98dfbfd2af6ba96634_COMP_Mochi_Dodo2-transcode.webm]
[cdn.prod.website-files.com/62014dd97e014e5a161f0175/6848c0c669c9fc20fd290e8e_ca va eller ma belle 2.png]
[cdn.prod.website-files.com/62014dd97e014e5a161f0175/6848c0c6ee2796440d5f86a3_ca va eller ma belle 4.png]
[cdn.prod.website-files.com/62014dd97e014e5a161f0175/6848c0c5f271f51d785825c6_ca va eller ma belle 3.png]
[cdn.prod.website-files.com/62014dd97e014e5a161f0175/6848c0c6b5d7a75d4042ebe9_ca va eller ma belle 9.png]
[cdn.prod.website-files.com/62014dd97e014e5a161f0175/6848c0c78cbd285044a89f63_ca va eller ma belle 10.png]
[cdn.prod.website-files.com/62014dd97e014e5a161f0175/6848c0c784b1a6c6c8d8e8d0_ca va eller ma belle 11.png]
[cdn.prod.website-files.com/62014dd97e014e5a161f0175/6848c0c7d11fd50ee94e545b_ca va eller ma belle 12.png]
[cdn.prod.website-files.com/62014dd97e014e5a161f0175/6848c0c6fd4727d1964d9ae6_ca va eller ma belle 13.png]
[cdn.prod.website-files.com/62014dd97e014e5a161f0175/6848c0c899fcf15ecb336f14_ca va eller ma belle 14.png]
[cdn.prod.website-files.com/62014dd97e014e5a161f0175/65c9e41d6fb5439f081edffa_Calque_1 (2).png]
[cdn.prod.website-files.com/62014dd97e014e5a161f0175/66def2d9a6508e2697e9643f_home2.webp]
[cdn.prod.website-files.com/62014dd97e014e5a161f0175/66e296465d6b63a22bf0e61d_palette.webp]
[cdn.prod.website-files.com/62014dd97e014e5a161f0175/66def25b312de6b027addcb6_agence.webp]
[cdn.prod.website-files.com/62014dd97e014e5a161f0175/66def0e6f2487d0c01d457b7_phone2.webp]
[cdn.prod.website-files.com/62014dd97e014e5a161f0175/65cce3eb75d5ba7c6d76cc12_coeur rose.png]
[cdn.prod.website-files.com/62014dd97e014e5a161f0175/66ffa5c6edcd6f719bcb69eb_modele-ico-nav2.webp]
[cdn.prod.website-files.com/62014dd97e014e5a161f0175/6846b5397078cf845a7f4fbd_menu-icon-reglages.png]
[cdn.prod.website-files.com/62014dd97e014e5a161f0175/6846b5392eccd47cd05f7035_menu-icon-help.png]
[cdn.prod.website-files.com/62014dd97e014e5a161f0175/6846b539fbc53a84a3e10a44_menu-icon-note.png]
[cdn.prod.website-files.com/62014dd97e014e5a161f0175/6846b539fa317dd8d9f9bae0_menu-icon-media.png]
[cdn.prod.website-files.com/62014dd97e014e5a161f0175/6846b539d8d005918cf10c8b_menu-icon-jeux.png]
[cdn.prod.website-files.com/62014dd97e014e5a161f0175/6846b53880fbf5ac2a1290ce_menu-icon-contact.png]
[cdn.prod.website-files.com/62014dd97e014e5a161f0175/6846b5398cf0e6448d2b47ca_menu-icon-eteindre.png]
[cdn.prod.website-files.com/62014dd97e014e5a161f0175/6846c32cc5f7127d72e940df_menu-icon-phototheque.png]
[cdn.prod.website-files.com/62014dd97e014e5a161f0175/6846c32beac606087c8904d1_menu-icon-videotheque.png]
[cdn.prod.website-files.com/62014dd97e014e5a161f0175/6846c32c179e1b0ee38ca6c6_menu-icon-tamamochi.png]
[cdn.prod.website-files.com/62014dd97e014e5a161f0175/6846c32bfea1eb8bc1bdaca7_menu-icon-mochisnake.png]
[cdn.prod.website-files.com/62014dd97e014e5a161f0175/6846c32bca5601b2975ba9c9_menu-icon-mail.png]
[cdn.prod.website-files.com/62014dd97e014e5a161f0175/6846c32bc95798ed66894686_menu-icon-facebook.png]
[cdn.prod.website-files.com/62014dd97e014e5a161f0175/6846c32b88813db739a4bc09_menu-icon-insta.png]
[cdn.prod.website-files.com/62014dd97e014e5a161f0175/6846c32bfb297bfbf45e6b25_menu-icon-linkedin.png]
[cdn.prod.website-files.com/62014dd97e014e5a161f0175/65ef4de5e0db5d8eafa1d9b4_MAINCOMP_LGM_WEB-poster-00001.jpg]
[cdn.prod.website-files.com/62014dd97e014e5a161f0175/65ef4de5e0db5d8eafa1d9b4_MAINCOMP_LGM_WEB-transcode.mp4]
[cdn.prod.website-files.com/62014dd97e014e5a161f0175/65ef4de5e0db5d8eafa1d9b4_MAINCOMP_LGM_WEB-transcode.webm]
[cdn.prod.website-files.com/62014dd97e014e5a161f0175/65ef7551c965662995a912ce_mobile-nav-button-lgm.png]
[cdn.prod.website-files.com/62014dd97e014e5a161f0175/65ef7551c965662995a912c5_mobile-nav-battery.png]
[cdn.prod.website-files.com/62014dd97e014e5a161f0175/65ef7551c965662995a912ca_mobile-nav-time.png]
[cdn.prod.website-files.com/62014dd97e014e5a161f0175/65ef7551c965662995a912cc_mobile-nav-burger.png]
[cdn.prod.website-files.com/62014dd97e014e5a161f0175/65ef7551c965662995a9130b_mobile-nav-burger-over.png]
[cdn.prod.website-files.com/62014dd97e014e5a161f0175/65ef7551c965662995a912c7_mobile-nav-menu.png]
[cdn.prod.website-files.com/62014dd97e014e5a161f0175/65ef7551c965662995a9130d_mobile-nav-menu.png]
[cdn.prod.website-files.com/62014dd97e014e5a161f0175/670f8979c2fe347f5ec31527_new picto_hot.webp]
[cdn.prod.website-files.com/62014dd97e014e5a161f0175/671676328c19cc47bf49b6ab_new picto_game2.webp]
[cdn.prod.website-files.com/62014dd97e014e5a161f0175/670f8979937c24dab0e52a42_new picto_film.webp]
[cdn.prod.website-files.com/62014dd97e014e5a161f0175/670f89796c5c1d8102591f1f_new picto_reglage.webp]
[cdn.prod.website-files.com/62014dd97e014e5a161f0175/670f897b3be26367c02d7e34_new picto_photo.webp]
[cdn.prod.website-files.com/62014dd97e014e5a161f0175/65ef7551c965662995a912b1_mobile-home-video-cursor.png]
[cdn.prod.website-files.com/62014dd97e014e5a161f0175/65ef7551c965662995a912b7_mobile-home-game.png]
[cdn.prod.website-files.com/62014dd97e014e5a161f0175/65ef7551c965662995a912ef_mobile-home-creations.png]
[cdn.prod.website-files.com/62014dd97e014e5a161f0175/65ef7551c965662995a912f5_mobile-home-agence.png]
[cdn.prod.website-files.com/62014dd97e014e5a161f0175/65ef7551c965662995a912e9_mobile-home-contact.png]
[cdn.prod.website-files.com/62014dd97e014e5a161f0175/65ef7551c965662995a912e7_mobile-home-film.png]
[cdn.prod.website-files.com/62014dd97e014e5a161f0175/65ef7551c965662995a912f3_mobile-home-phototheque.png]
[cdn.prod.website-files.com/62014dd97e014e5a161f0175/65ef7551c965662995a912eb_mobile-home-reglages.png]
[cdn.prod.website-files.com/62014dd97e014e5a161f0175/65ef7551c965662995a912ed_mobile-home-hot.png]
[cdn.prod.website-files.com/62014dd97e014e5a161f0175/65ef7551c965662995a912f1_mobile-home-game.png]
[cdn.prod.website-files.com/65bbaeb047b2544555e45534/65ce12b41a86cc49565c755a_mochi-heart-empty.png]
[cdn.prod.website-files.com/65bbaeb047b2544555e45534/65ce12b50cb64572beb15cd7_mochi-heart-full.png]
[cdn.prod.website-files.com/65bbaeb047b2544555e45534/65ce2c6afea2c7bfb26248f4_mochi-heart-green.png]
[cdn.prod.website-files.com/65bbaeb047b2544555e45534/65ce1334c141c10d7d5455c2_mochi-bone.png]
[cdn.prod.website-files.com/65bbaeb047b2544555e45534/65ce2c6ab66d3561dc2df710_mochi-bone-green.png]
[cdn.prod.website-files.com/62014dd97e014e5a161f0175/66e29689b24886ef4f4bd6b9_palette2.webp]
[cdn.prod.website-files.com/62014dd97e014e5a161f0175/66e29acbe8ffda38b7490d5b_phone4.webp]
[cdn.prod.website-files.com/65bbaeb047b2544555e45534/65df6cedd6f7bb5b6fdcd6f7_flame.webp]
[lesgrosmotsfinal.webflow.io/index.html]
[cdn.prod.website-files.com/index.html]
[cdn.prod.website-files.com/62014dd97e014e5a161f0175/685044df6fb75a92cad8b191_COMICBD.TTF]
[cdn.prod.website-files.com/62014dd97e014e5a161f0175/6850431e96be878f2a0ffcde_ComicSansMS3.ttf]
[cdn.prod.website-files.com/62014dd97e014e5a161f0175/643ec15e5fcdc250e1c1de73_le-monde-home-hero2.jpg]
[cdn.prod.website-files.com/62014dd97e014e5a161f0175/6446990ed96200931067af34_interfel-print.jpg]
[cdn.prod.website-files.com/62014dd97e014e5a161f0175/6448d331e1673427d7d84bf1_pitch-hero.jpg]
[cdn.prod.website-files.com/62014dd97e014e5a161f0175/64492e3d0c33f81c52cfeadf_val-de-loire.jpg]
[cdn.prod.website-files.com/62014dd97e014e5a161f0175/646337e4ece9061a1d2d478a_pago-new-.jpg]
[cdn.prod.website-files.com/62014dd97e014e5a161f0175/644a6fb1e6ee99741da0fbe6_myriam-hero.jpg]
[cdn.prod.website-files.com/62014dd97e014e5a161f0175/646f511c00e64cd1e2a827b4_chauffeur-privee-bill-ok.webp]
[cdn.prod.website-files.com/62014dd97e014e5a161f0175/6450c20318e2122bfdf1ff8a_speeddy-graphique.webp]
[cdn.prod.website-files.com/62014dd97e014e5a161f0175/64513c90b3d9a62b5d3b6e29_habitat-campagne-hero.webp]
[cdn.prod.website-files.com/62014dd97e014e5a161f0175/6451ffc7fd81daaacbdcd504_hero-pavillon-france.jpg]
[cdn.prod.website-files.com/62014dd97e014e5a161f0175/645524143d3dd8a4819134c8_puy-du-fou-campagne-affichage.webp]
[cdn.prod.website-files.com/62014dd97e014e5a161f0175/6468caae899246757f12ea59_citadium-3500.webp]
[cdn.prod.website-files.com/62014dd97e014e5a161f0175/646c6402d6bfc6b34445cf3f_place-home.webp]
[cdn.prod.website-files.com/62014dd97e014e5a161f0175/646dac10024f9988ecbd555c_pasquier-hom.webp]
[cdn.prod.website-files.com/62014dd97e014e5a161f0175/646e009f79c4390786e8c7f1_bret-home-more-height.jpg]
[cdn.prod.website-files.com/62014dd97e014e5a161f0175/6514006c06c8aef877e38f8f_HEADER-identite.webp]
[cdn.prod.website-files.com/62014dd97e014e5a161f0175/6513fb469ce90eda6b3b3cd3_veau-heroe-superbig.webp]
[cdn.prod.website-files.com/62014dd97e014e5a161f0175/652d2d20e1187d0536b752cc_jamais-trop-fiers-hero.webp]
[cdn.prod.website-files.com/62014dd97e014e5a161f0175/6616684187d014cdeee21a21_mockup_gare_2-big-2.jpeg]
[cdn.prod.website-files.com/62014dd97e014e5a161f0175/6686990dbf496d6e0c3e4c8c_interbev-head.webp]
[cdn.prod.website-files.com/62014dd97e014e5a161f0175/660fb4c165c305cbdf40babe_comartin-better-cut.webp]
[cdn.prod.website-files.com/62014dd97e014e5a161f0175/662fae7b8adcae6708d96131_mixte-less-compression.webp]
[cdn.prod.website-files.com/62014dd97e014e5a161f0175/661f8b1321815580dd7f68a2_hom-peche-etale.webp]
[cdn.prod.website-files.com/62014dd97e014e5a161f0175/666701efe379f2bb192101e5_meli.webp]
[cdn.prod.website-files.com/62014dd97e014e5a161f0175/66a8abe6eeb21086a23e608c_affiche-context-savéol.webp]
[cdn.prod.website-files.com/62014dd97e014e5a161f0175/66f6a9880a60f46612bfa58e_speedy-jo.webp]
[cdn.prod.website-files.com/62014dd97e014e5a161f0175/67d938e4c47b3e4754dd53cf_MOCKUP-AFFICHE.webp]
[cdn.prod.website-files.com/62014dd97e014e5a161f0175/6777af2f54983b7dfa357b88_cite-home.avif]
[cdn.prod.website-files.com/62014dd97e014e5a161f0175/67a08a442e59789433537794_hero-vinsta.avif]
[cdn.prod.website-files.com/62014dd97e014e5a161f0175/67ab537afbce6c2c6c0b1cab_OOH10.avif]
[cdn.prod.website-files.com/62014dd97e014e5a161f0175/67f3a39c2e9847d11a30a68f_lepied-hero.avif]
[cdn.prod.website-files.com/62014dd97e014e5a161f0175/680112479ef1a5c2ec6b9c41_freizh-hero.avif]
[cdn.prod.website-files.com/62014dd97e014e5a161f0175/65ef03fbb95157f5c4954168_65ef02a29d94c555ffce5cef_FOND_RAINBOW.webp]
[cdn.prod.website-files.com/62014dd97e014e5a161f0175/65c5f297c435a90ffe15e410_bouton ok classique.png]
[cdn.prod.website-files.com/62014dd97e014e5a161f0175/65c5f29710ab3330d568df85_bouton OK enfoncé.png]
[cdn.prod.website-files.com/62014dd97e014e5a161f0175/65cccbd9be389eaf307db498_BOUTON_COEUR-ezgif.com-resize.gif]
[cdn.prod.website-files.com/62014dd97e014e5a161f0175/65ccd3f89246efaf7677f205_BOUTON_OS-ezgif.com-resize.gif]
[cdn.prod.website-files.com/62014dd97e014e5a161f0175/65ccd452747be656e15c5dd5_BOUTON_ZZZ-ezgif.com-resize.gif]
[cdn.prod.website-files.com/62014dd97e014e5a161f0175/65c5f7726377dc0f2c9549bf_bouton classique flèche droite.png]
[cdn.prod.website-files.com/62014dd97e014e5a161f0175/6846e026eb7e5fa5fe23b336_btn-left.png]
[cdn.prod.website-files.com/62014dd97e014e5a161f0175/65c5f6d3e182d0b35b2356d9_bouton enfoncé flèche gauche.png]
[cdn.prod.website-files.com/62014dd97e014e5a161f0175/65c5f6d325b942490926783c_bouton classique flèche gauche.png]
[cdn.prod.website-files.com/62014dd97e014e5a161f0175/6697c8a8a2f9e9259654abbe_bouton classique play-moi.png]
[cdn.prod.website-files.com/62014dd97e014e5a161f0175/669757cab7f3723e29b00b83_bouton enfoncé lecture.png]
[cdn.prod.website-files.com/62014dd97e014e5a161f0175/6697587764cae5124f380bec_bouton classique pause.png]
[cdn.prod.website-files.com/62014dd97e014e5a161f0175/672a198c5b2bf4ad1081648d_play-raw.png]
[cdn.prod.website-files.com/62014dd97e014e5a161f0175/65c4e7772eeacabcfbf2a867_bouton alphabétique enfoncé.png]
[cdn.prod.website-files.com/62014dd97e014e5a161f0175/65c4e7848816e0838e5c76b1_bouton alphabétique classique.png]
[cdn.prod.website-files.com/62014dd97e014e5a161f0175/65c490ea9efb7fd4627e411c_bouton réglages classique.png]
[cdn.prod.website-files.com/62014dd97e014e5a161f0175/65c491c4993fe39bcc96d66b_bouton réglages enfoncé.png]
[cdn.prod.website-files.com/62014dd97e014e5a161f0175/65c49299498afbe787281476_bouton patte classique.png]
[cdn.prod.website-files.com/62014dd97e014e5a161f0175/65c492a5e1f2a4ceb211a2b9_bouton patte enfoncé.png]
[cdn.prod.website-files.com/62014dd97e014e5a161f0175/65c494f2d0089034b604ce67_menu burger classique.png]
[cdn.prod.website-files.com/62014dd97e014e5a161f0175/65c494f2472c5aa523c7efc9_menu burger enfoncé.png]
[cdn.prod.website-files.com/62014dd97e014e5a161f0175/6846090f5eb778fb0b469589_button-nav-bar.png]
[cdn.prod.website-files.com/62014dd97e014e5a161f0175/6846090f38d8d5f90228b7b9_button-nav-bar-pressed.png]
[cdn.prod.website-files.com/62014dd97e014e5a161f0175/65c4a98350eebb1237a6753a_bouton tiret classique.png]
[cdn.prod.website-files.com/62014dd97e014e5a161f0175/65c4a9839fac9ecd190377ad_bouton tiret  enfoncé.png]
[cdn.prod.website-files.com/62014dd97e014e5a161f0175/65c4aac38ca5e779dc395be4_bouton fenêtre classique.png]
[cdn.prod.website-files.com/62014dd97e014e5a161f0175/65c4aad6346eb5ade17ef43d_bouton fenêtre enfoncé.png]
[cdn.prod.website-files.com/62014dd97e014e5a161f0175/65c4ab143540f759f7d4dc3a_bouton classique croix.png]
[cdn.prod.website-files.com/62014dd97e014e5a161f0175/65c4ab236687ae3b029533cc_bouton fenêtre enfoncé croix.png]
[cdn.prod.website-files.com/62014dd97e014e5a161f0175/65c4cd6acace7bc868edb94b_bouton flèche classique.png]
[cdn.prod.website-files.com/62014dd97e014e5a161f0175/65c4cdb86d8eb3b7647a0fd5_bouton flèche enfoncé.png]
[cdn.prod.website-files.com/62014dd97e014e5a161f0175/65c4cef81a615f6f78fb5c47_bouton fuck classique.png]
[cdn.prod.website-files.com/62014dd97e014e5a161f0175/65c4cef82f4b9d4b16a57cf9_bouton fuck enfoncé.png]
[cdn.prod.website-files.com/62014dd97e014e5a161f0175/65c4dc7e6dda639dad59dee8_bouton CD classique.png]
[cdn.prod.website-files.com/62014dd97e014e5a161f0175/65c4dc814e2aa4c6247e751d_bouton CD enfoncé.png]
[cdn.prod.website-files.com/62014dd97e014e5a161f0175/65c4dc81d8f91679ddc7e7fd_bouton coeur classique.png]
[cdn.prod.website-files.com/62014dd97e014e5a161f0175/65c4dc8146e0fea917482bc1_bouton coeur enfoncé.png]
[cdn.prod.website-files.com/62014dd97e014e5a161f0175/65c4dc80c97c00ab047ce5ea_bouton coussin peteur classique.png]
[cdn.prod.website-files.com/62014dd97e014e5a161f0175/65c4dd378b3b7e3a11efce42_bouton peteur enfoncé.png]
[cdn.prod.website-files.com/62014dd97e014e5a161f0175/65e83324f3a12c31c85a337b_bouton coussin peteur classique-2.png]
[cdn.prod.website-files.com/62014dd97e014e5a161f0175/65e83347dcebe49054c53f16_bouton peteur enfoncé-2.png]
[cdn.prod.website-files.com/62014dd97e014e5a161f0175/65c4dc7f190a6f408ee3ed73_bouton chat classique.png]
[cdn.prod.website-files.com/62014dd97e014e5a161f0175/65c4dc80cd6a456440a43f70_bouton chat enfoncé.png]
[cdn.prod.website-files.com/62014dd97e014e5a161f0175/65c4dc7f6e442a5c5571a44d_bouton papillon classique.png]
[cdn.prod.website-files.com/62014dd97e014e5a161f0175/65c4dc7eb98f2d60af00f983_bouton papillon enfoncé.png]
[cdn.prod.website-files.com/62014dd97e014e5a161f0175/65c4dc7e5f4faf070bbf7b63_bouton clé classique.png]
[cdn.prod.website-files.com/62014dd97e014e5a161f0175/65c4dc7e94fe513fb1ab2872_bouton clé enfoncé.png]
[cdn.prod.website-files.com/62014dd97e014e5a161f0175/65e832fb723942fa8125772f_bouton clé classique-2.png]
[cdn.prod.website-files.com/62014dd97e014e5a161f0175/65e8330c20d945d9e0c954f5_bouton clé enfoncé-2.png]
[cdn.prod.website-files.com/62014dd97e014e5a161f0175/65c4e559d0a2a5b4a063b62e_bouton chronologique enfoncé.png]
[cdn.prod.website-files.com/62014dd97e014e5a161f0175/65c4e532bd861d7a56c694d2_bouton classique chronologique.png]
[cdn.prod.website-files.com/62014dd97e014e5a161f0175/65dcbb888b463f82176bc5ee_Croix.webp]
[cdn.prod.website-files.com/62014dd97e014e5a161f0175/65d88f3b1fdcee4861ab659b_Mochi_Snake_logo_anim.gif]
[cdn.prod.website-files.com/62014dd97e014e5a161f0175/65d88f3b1fdcee4861ab6579_arrow-right.png]
[cdn.prod.website-files.com/62014dd97e014e5a161f0175/65d88f3b1fdcee4861ab658b_arrow-right-over.png]
[cdn.prod.website-files.com/62014dd97e014e5a161f0175/65d88f3b1fdcee4861ab6597_mochi-screen-gameover.png]
[cdn.prod.website-files.com/62014dd97e014e5a161f0175/65d88f3b1fdcee4861ab657d_arrow-left.png]
[cdn.prod.website-files.com/62014dd97e014e5a161f0175/65d88f3b1fdcee4861ab658d_arrow-left-over.png]
[cdn.prod.website-files.com/62014dd97e014e5a161f0175/65d88f3b1fdcee4861ab6581_mochi-button-start.png]
[cdn.prod.website-files.com/62014dd97e014e5a161f0175/65d88f3b1fdcee4861ab657f_mochi-button-start-over.png]
[cdn.prod.website-files.com/62014dd97e014e5a161f0175/65d88f3b1fdcee4861ab6583_mochi-greyarea.png]
[cdn.prod.website-files.com/62014dd97e014e5a161f0175/65d88f3b1fdcee4861ab657b_arrow-up.png]
[cdn.prod.website-files.com/62014dd97e014e5a161f0175/65d88f3b1fdcee4861ab6591_arrow-up-over.png]
[cdn.prod.website-files.com/62014dd97e014e5a161f0175/65d88f3b1fdcee4861ab6577_arrow-down.png]
[cdn.prod.website-files.com/62014dd97e014e5a161f0175/65d88f3b1fdcee4861ab658f_arrow-down-over.png]
[cdn.prod.website-files.com/62014dd97e014e5a161f0175/65e6e92d6e080fe5988b368f_contact-button-piecejointe.png]
[cdn.prod.website-files.com/62014dd97e014e5a161f0175/65e6e92d6e080fe5988b3691_contact-button-piecejointe-over.png]
[cdn.prod.website-files.com/62014dd97e014e5a161f0175/65e6e92d6e080fe5988b3699_contact-mail-body.png]
[cdn.prod.website-files.com/62014dd97e014e5a161f0175/65e6e92d6e080fe5988b367c_contact-email-bottom-button-send.png]
[cdn.prod.website-files.com/62014dd97e014e5a161f0175/65e6e92d6e080fe5988b368b_contact-email-bottom-button-send-over.png]
[cdn.prod.website-files.com/62014dd97e014e5a161f0175/65e6e92d6e080fe5988b367a_contact-email-top-button.png]
[cdn.prod.website-files.com/62014dd97e014e5a161f0175/65e6e92d6e080fe5988b368d_contact-email-top-button-over.png]
[cdn.prod.website-files.com/62014dd97e014e5a161f0175/65e6e92d6e080fe5988b3697_contact-email-bottom-area.png]
[cdn.prod.website-files.com/62014dd97e014e5a161f0175/65e6e92d6e080fe5988b3683_contact-send-confirmation.png]
[cdn.prod.website-files.com/62014dd97e014e5a161f0175/65e6e92d6e080fe5988b367e_contact-contact-bg.png]
[cdn.prod.website-files.com/62014dd97e014e5a161f0175/65e6e92d6e080fe5988b3677_contact-email-top-bg.png]
[cdn.prod.website-files.com/62014dd97e014e5a161f0175/65e6e92d6e080fe5988b3695_contact-contact-button-copy.png]
[cdn.prod.website-files.com/62014dd97e014e5a161f0175/65e6e92d6e080fe5988b3689_contact-contact-button-copy-over.png]
[cdn.prod.website-files.com/62014dd97e014e5a161f0175/65e6e92d6e080fe5988b366d_contact-button-copy.png]
[cdn.prod.website-files.com/62014dd97e014e5a161f0175/65e6e92d6e080fe5988b3687_contact-button-copy-over.png]
[cdn.prod.website-files.com/62014dd97e014e5a161f0175/65ead99ff354c2945dcf2a79_rse-window-recyclage.png]
[cdn.prod.website-files.com/62014dd97e014e5a161f0175/65ead99ff354c2945dcf2a85_rse-window-capsules.png]
[cdn.prod.website-files.com/62014dd97e014e5a161f0175/65ead99ff354c2945dcf2a89_rse-button.png]
[cdn.prod.website-files.com/62014dd97e014e5a161f0175/65ead99ff354c2945dcf2a8b_rse-button-over.png]
[cdn.prod.website-files.com/62014dd97e014e5a161f0175/65ead99ff354c2945dcf2a82_rse-window-main.png]
[cdn.prod.website-files.com/62014dd97e014e5a161f0175/65ead99ff354c2945dcf2a7f_rse-window-happyplace.png]
[cdn.prod.website-files.com/62014dd97e014e5a161f0175/65ead99ff354c2945dcf2a87_rse-window-eco.png]
[cdn.prod.website-files.com/62014dd97e014e5a161f0175/65ead99ff354c2945dcf2a7d_rse-windows-calc.png]
[cdn.prod.website-files.com/62014dd97e014e5a161f0175/65ead99ff354c2945dcf2a77_rse-window-courses.png]
[cdn.prod.website-files.com/62014dd97e014e5a161f0175/67161762c9310b651335e8fd_videoframe_0.avif]
[cdn.prod.website-files.com/62014dd97e014e5a161f0175/664dc87efeb0c299efda4483_veau-last-img.webp]
[cdn.prod.website-files.com/62014dd97e014e5a161f0175/6821eee8895800d37a0a80d0_rse-window-very-safe-place-crop.png]
[cdn.prod.website-files.com/62014dd97e014e5a161f0175/680f76c66c936e4b6ff21e1d_rse-bg-button-featuring.png]
[cdn.prod.website-files.com/62014dd97e014e5a161f0175/687bb87b74cb0118106e2b56_rse-bg-button-featuring-pressed.png]
[cdn.prod.website-files.com/62014dd97e014e5a161f0175/680f8d0e53cdf8f2a089dfa6_rse-feupartez-image.jpg]
[cdn.prod.website-files.com/62014dd97e014e5a161f0175/680fa71b2dc338152fd1537e_rse-image-givetime.png]
[cdn.prod.website-files.com/62014dd97e014e5a161f0175/6828abce79fb1a05bf3bc29f_agence-window-agencespe.png]
[cdn.prod.website-files.com/62014dd97e014e5a161f0175/6828c24b395d922891001d65_agence-btn.png]
[cdn.prod.website-files.com/62014dd97e014e5a161f0175/6828c700c207ec8e35e6a94c_agence-btn-pressed.png]
[cdn.prod.website-files.com/62014dd97e014e5a161f0175/682b1c7d810e55e2d75cd777_agence-locaux-image.png]
[cdn.prod.website-files.com/62014dd97e014e5a161f0175/682b2e7a0207f639b911a6c8_agence2-Lauryne.png]
[cdn.prod.website-files.com/62014dd97e014e5a161f0175/684eff1783fd647894210c19_icon-emma.png]
[cdn.prod.website-files.com/62014dd97e014e5a161f0175/682b2a8f1ffff070500f7c0a_agence2-Marine.png]
[cdn.prod.website-files.com/62014dd97e014e5a161f0175/682b39970ac8bd8a72c4c5d3_instagram-profile-img.png]
[cdn.prod.website-files.com/62014dd97e014e5a161f0175/684f002da16df6a9f89b64b0_SOME-backstage-IMG10.jpeg]
[cdn.prod.website-files.com/62014dd97e014e5a161f0175/682b3fc90dfe69d7a87253fd_agence-3-img-nicolas.png]
[cdn.prod.website-files.com/62014dd97e014e5a161f0175/682b530859a485db53af3884_agence4-diane.png]
[cdn.prod.website-files.com/62014dd97e014e5a161f0175/682cf178b46723a5b4479d92_agence-draw-empy-space.png]
[cdn.prod.website-files.com/62014dd97e014e5a161f0175/684f872aa2f854b06e490f73_pencil.png]
[cdn.prod.website-files.com/62014dd97e014e5a161f0175/684f87d38f8d8db6fcba10b3_bombe.png]
[cdn.prod.website-files.com/62014dd97e014e5a161f0175/684f87d270396646e130c411_gomme.png]
[cdn.prod.website-files.com/62014dd97e014e5a161f0175/684f87d24221e3e177004fd8_brush.png]
[cdn.prod.website-files.com/62014dd97e014e5a161f0175/684f87d2382cf10289ff2d38_peinture.png]
[cdn.prod.website-files.com/62014dd97e014e5a161f0175/684f87d3fabb5a8f121353eb_typo.png]
[cdn.prod.website-files.com/62014dd97e014e5a161f0175/684f87d2d7f8d2b9a03ae8f0_RECTANGLE.png]
[cdn.prod.website-files.com/62014dd97e014e5a161f0175/684f87d343ae75864c156540_ROND.png]
[cdn.prod.website-files.com/62014dd97e014e5a161f0175/684f87d3d21e077681a04410_TRAIT.png]
[cdn.prod.website-files.com/62014dd97e014e5a161f0175/682d247cb0da9b3ebaa01d5b_draw-clearall.png]
[cdn.prod.website-files.com/62014dd97e014e5a161f0175/682d247c53d9098749649ac0_draw-undo.png]
[cdn.prod.website-files.com/62014dd97e014e5a161f0175/682d247ceb5776577624fa36_draw-redo.png]
[cdn.prod.website-files.com/62014dd97e014e5a161f0175/682cea35bcd55256dd86f9ec_window-img.png]
[cdn.prod.website-files.com/62014dd97e014e5a161f0175/682cf2c212956cac52a35100_draw-paint.png]
[cdn.prod.website-files.com/62014dd97e014e5a161f0175/682cf32030334e94d50dce26_draw-crayon.png]
[cdn.prod.website-files.com/62014dd97e014e5a161f0175/682cf36e37f4bd3eaa13d39d_draw-gomme.png]
[cdn.prod.website-files.com/62014dd97e014e5a161f0175/682b3bf471643f4ccea0813e_img-insta-1.png]
[cdn.prod.website-files.com/62014dd97e014e5a161f0175/6846b257556ed21f1cc17078_button-pressed.png]
[cdn.prod.website-files.com/62014dd97e014e5a161f0175/6846136432a3e49047fcdcf6_background-reglages-content.png]
[cdn.prod.website-files.com/62014dd97e014e5a161f0175/684615f788813db7395d7723_background-reglages-1.png]
[cdn.prod.website-files.com/62014dd97e014e5a161f0175/684615f7c5b1c484795b0e89_background-reglages-2.png]
[cdn.prod.website-files.com/62014dd97e014e5a161f0175/684615f7d7ed248b65e4ea05_background-reglages-3.png]
[cdn.prod.website-files.com/62014dd97e014e5a161f0175/684615f517dd14854eff8c56_background-reglages-4.png]
[cdn.prod.website-files.com/62014dd97e014e5a161f0175/684616628225cafe7ec7b9da_background-reglages-5.png]
[cdn.prod.website-files.com/62014dd97e014e5a161f0175/68461663214ed46f965682f3_background-reglages-6.png]
[cdn.prod.website-files.com/62014dd97e014e5a161f0175/68461b36b04676740977e9e7_button-reglages.png]
[cdn.prod.website-files.com/62014dd97e014e5a161f0175/6846b34117dd14854e40e8ad_button-reglages-pressed.png]
[cdn.prod.website-files.com/62014dd97e014e5a161f0175/6846bec5484243f47e4db023_icon-submenu.png]
[cdn.prod.website-files.com/62014dd97e014e5a161f0175/682d207eb0da9b3eba9cef4e_draw-paint.png]
[cdn.prod.website-files.com/62014dd97e014e5a161f0175/682d20c03eeffaf9a6e87c11_draw-crayon.png]
[cdn.prod.website-files.com/62014dd97e014e5a161f0175/682d2100e2b092d6627b1505_draw-gomme.png]
[cdn.prod.website-files.com/62014dd97e014e5a161f0175/682f3c83daf3a4a5cf7185d8_330d2878d0c8563268e238a70d54c8c6_draw-highlighter.png]
[cdn.prod.website-files.com/62014dd97e014e5a161f0175/682d223dcdbf9407e1ff5c82_draw-sceau.png]
[cdn.prod.website-files.com/62014dd97e014e5a161f0175/682d2284f13b90b494ff53d7_draw-text.png]
[cdn.prod.website-files.com/62014dd97e014e5a161f0175/682d247c538afe7487530d48_draw-rectangle.png]
[cdn.prod.website-files.com/62014dd97e014e5a161f0175/682d247c419fe5482e78d74e_draw-ellispe.png]
[cdn.prod.website-files.com/62014dd97e014e5a161f0175/682d247d02df9aecb32b9f21_draw-trait.png]
[cdn.prod.website-files.com/62014dd97e014e5a161f0175/6846d8f3217851356f938ad6_phototheque-bg-folder.png]
[cdn.prod.website-files.com/62014dd97e014e5a161f0175/6846dcf5c95798ed669864e6_phototeque-1.png]
[cdn.prod.website-files.com/62014dd97e014e5a161f0175/6846e026d847827794e54061_btn-left-pressed.png]
[cdn.prod.website-files.com/62014dd97e014e5a161f0175/6846e02635b5bec5a41b0732_btn-right.png]
[cdn.prod.website-files.com/62014dd97e014e5a161f0175/6846e02644fc80bc6b54f77b_btn-right-pressed.png]
[cdn.prod.website-files.com/62014dd97e014e5a161f0175/682b3bf4b4c743e7aca641cc_img-insta-3.png]
[cdn.prod.website-files.com/62014dd97e014e5a161f0175/682b5308146f4dbd902804de_agence4-ines.png]
[cdn.prod.website-files.com/62014dd97e014e5a161f0175/682b5308b789e300ccca4083_agence4-mathilde.png]
[cdn.prod.website-files.com/62014dd97e014e5a161f0175/6851f8df1259f5b2bc12fc4c_btn-bold.png]
[cdn.prod.website-files.com/62014dd97e014e5a161f0175/6851f8dfceff6a8a0033a0ba_btn-italic.png]
[cdn.prod.website-files.com/62014dd97e014e5a161f0175/6851f8dfdb1ca3f039a07965_btn-underline.png]
[cdn.prod.website-files.com/62014dd97e014e5a161f0175/6851f8df2b1a30c72f155d59_btn-highlight.png]
[cdn.prod.website-files.com/62014dd97e014e5a161f0175/6851f8df7bb0663a30287c48_btn-alignment-left.png]
[cdn.prod.website-files.com/62014dd97e014e5a161f0175/6851f8dfef806c720fc75fcd_btn-alignment-center.png]
[cdn.prod.website-files.com/62014dd97e014e5a161f0175/6851f8dfd9235b45e563433e_btn-alignment-right.png]
[cdn.prod.website-files.com/62014dd97e014e5a161f0175/680eba0877a9f7af11068a90_rse-img-makeshitdone.png]
[cdn.prod.website-files.com/62014dd97e014e5a161f0175/6638978b89ade5eb217aa197_place-home-mobile3.webp]
[cdn.prod.website-files.com/62014dd97e014e5a161f0175/66bc666030aa86747892190c_image-boeuf-mobile.webp]
[cdn.prod.website-files.com/62014dd97e014e5a161f0175/664dcb7719a81d11abeeb636_veau-last-img-mobile.webp]
[cdn.prod.website-files.com/62014dd97e014e5a161f0175/66a8ae6a4c40e166b72f88a3_affiche-context-savéol-mobile.webp]
[cdn.prod.website-files.com/62014dd97e014e5a161f0175/6638984c5240bf0d97f8f29d_place-home-mobile4.webp]
[cdn.prod.website-files.com/62014dd97e014e5a161f0175/65ef7551c965662995a912dc_mobile-phototheque-arrow-left.png]
[cdn.prod.website-files.com/62014dd97e014e5a161f0175/65ef7551c965662995a912d8_mobile-phototheque-arrow-left-over.png]
[cdn.prod.website-files.com/62014dd97e014e5a161f0175/673f57e86b39f9fa13657572_fond_mobile_01-smll.webp]
[cdn.prod.website-files.com/62014dd97e014e5a161f0175/65ef7551c965662995a91309_mobile-feedcrea-arrow-up.png]
[cdn.prod.website-files.com/62014dd97e014e5a161f0175/65ef7551c965662995a912d2_mobile-home-video-button-pause.png]
[cdn.prod.website-files.com/62014dd97e014e5a161f0175/65ef7551c965662995a912d0_mobile-home-video-button-pause-over.png]
[cdn.prod.website-files.com/62014dd97e014e5a161f0175/65ef7551c965662995a912ff_arrow-right.png]
[cdn.prod.website-files.com/62014dd97e014e5a161f0175/65ef7551c965662995a912f7_mobile-home-button-start.png]
[cdn.prod.website-files.com/62014dd97e014e5a161f0175/65ef7551c965662995a912f9_mobile-home-button-start-over.png]
[cdn.prod.website-files.com/62014dd97e014e5a161f0175/65ef7551c965662995a912b3_mobile-home-video-timeline.png]
[cdn.prod.website-files.com/62014dd97e014e5a161f0175/65ef7551c965662995a91305_mobile-feedcrea-scroll-bg.png]
[cdn.prod.website-files.com/62014dd97e014e5a161f0175/65ef7551c965662995a91301_arrow-down.png]
[cdn.prod.website-files.com/62014dd97e014e5a161f0175/65ef7551c965662995a912fd_arrow-left.png]
[cdn.prod.website-files.com/62014dd97e014e5a161f0175/65ef7551c965662995a91307_mobile-feedcrea-scroll-cursor.png]
[cdn.prod.website-files.com/62014dd97e014e5a161f0175/65ef7551c965662995a912af_mobile-home-video-controlsbg.png]
[cdn.prod.website-files.com/62014dd97e014e5a161f0175/65ef7551c965662995a912de_mobile-phototheque-arrow-right.png]
[cdn.prod.website-files.com/62014dd97e014e5a161f0175/65ef7551c965662995a912da_mobile-phototheque-arrow-right-over.png]
[cdn.prod.website-files.com/62014dd97e014e5a161f0175/65ef7551c965662995a912e4_home-reglages-bg2.png]
[cdn.prod.website-files.com/62014dd97e014e5a161f0175/65ef7551c965662995a91311_mobile-phototheque.png]
[cdn.prod.website-files.com/62014dd97e014e5a161f0175/65ef7551c965662995a912d6_mobile-home-video-button-play.png]
[cdn.prod.website-files.com/62014dd97e014e5a161f0175/65ef7551c965662995a912d4_mobile-home-video-over.png]
[cdn.prod.website-files.com/62014dd97e014e5a161f0175/65ef7551c965662995a912bf_mobile-button-close.png]
[cdn.prod.website-files.com/62014dd97e014e5a161f0175/65ef7551c965662995a912ad_mobile-home-video-time.png]
[cdn.prod.website-files.com/62014dd97e014e5a161f0175/65ef7551c965662995a912fb_arrow-up.png]
[cdn.prod.website-files.com/62014dd97e014e5a161f0175/65ef7551c965662995a912e2_home-reglages-button-ok.png]
[cdn.prod.website-files.com/62014dd97e014e5a161f0175/65ef7551c965662995a912e0_home-reglages-button-ok-over.png]
[cdn.prod.website-files.com/62014dd97e014e5a161f0175/65ef7551c965662995a91303_mobile-feedcrea-arrow-down.png]
[cdn.prod.website-files.com/62014dd97e014e5a161f0175/65ef90ee59c7f8ae870732b1_Vinsta 1.png]
[cdn.prod.website-files.com/62014dd97e014e5a161f0175/65ef90ee59c7f8ae870732c0_mobile-agence-expertise-bg2.png]
[cdn.prod.website-files.com/62014dd97e014e5a161f0175/65ef90ee59c7f8ae870732c3_mobile-phototheque-arrow-right2.png]
[cdn.prod.website-files.com/62014dd97e014e5a161f0175/65ef90ee59c7f8ae870732c9_mobile-phototheque-arrow-left2.png]
[cdn.prod.website-files.com/62014dd97e014e5a161f0175/65ef90ee59c7f8ae870732c7_mobile-phototheque-arrow-left2-over.png]
[cdn.prod.website-files.com/62014dd97e014e5a161f0175/65ef90ee59c7f8ae870732b3_mobilge-agence-logobg.png]
[cdn.prod.website-files.com/62014dd97e014e5a161f0175/65ef90ee59c7f8ae870732bd_mobile-agence-photobg.png]
[cdn.prod.website-files.com/62014dd97e014e5a161f0175/65ef9321bd8ea3096a53d635_mobile-contact-button-copy.png]
[cdn.prod.website-files.com/62014dd97e014e5a161f0175/65ef9321bd8ea3096a53d642_mobile-button-copy-over.png]
[cdn.prod.website-files.com/62014dd97e014e5a161f0175/65ef9467270274087751d9db_mobile-rse-slide2-fourche.png]
[cdn.prod.website-files.com/62014dd97e014e5a161f0175/65ef9468270274087751d9eb_mobile-rse-button-ok.png]
[cdn.prod.website-files.com/62014dd97e014e5a161f0175/65ef9468270274087751d9e5_mobile-rse-button-ok-over.png]
[cdn.prod.website-files.com/62014dd97e014e5a161f0175/65ead99ff354c2945dcf2a8f_COMP_GIRL_BOSS_DOWNLOAD_ROSE.webp]
[cdn.prod.website-files.com/62014dd97e014e5a161f0175/65ef9468270274087751d9f1_mobile-rse-paint.png]
[cdn.prod.website-files.com/62014dd97e014e5a161f0175/65ef9468270274087751d9f4_mobile-button-close.png]
[cdn.prod.website-files.com/62014dd97e014e5a161f0175/65ef9467270274087751d9d6_mobile-rse-slide1.png]
[cdn.prod.website-files.com/62014dd97e014e5a161f0175/65ef9468270274087751d9dd_mobile-rse-slide2-recycl.png]
[cdn.prod.website-files.com/62014dd97e014e5a161f0175/65ef9468270274087751d9e7_mobile-rse-calc.png]
[cdn.prod.website-files.com/62014dd97e014e5a161f0175/65ef9468270274087751d9e3_mobile-rse-button-period.png]
[cdn.prod.website-files.com/62014dd97e014e5a161f0175/65ef9468270274087751d9e1_mobile-rse-button-period-over.png]
[cdn.prod.website-files.com/62014dd97e014e5a161f0175/65ef9468270274087751d9df_mobile-rse-slide2-greenly.png]
[cdn.prod.website-files.com/62014dd97e014e5a161f0175/65ef9467270274087751d9d9_mobile-rse-slide2-capsule.png]
[cdn.prod.website-files.com/62014dd97e014e5a161f0175/65ead99ff354c2945dcf2a93_COMP_GIRL_BOSS_DOWNLOAD_JAUNE.webp]
[cdn.prod.website-files.com/62014dd97e014e5a161f0175/65ef958a63af76f7e5155ea4_Nouveau promobile-feedcrea-line2.png]
[cdn.prod.website-files.com/62014dd97e014e5a161f0175/65ef958a63af76f7e5155ea6_Nouveau promobile-feedcrea-line1.png]
[cdn.prod.website-files.com/62014dd97e014e5a161f0175/css/lesgrosmotsfinal.webflow.shared.0b898c5fc.css]
[cdn.prod.website-files.com/62014dd97e014e5a161f0175/66c728cd88b2843fa5e8cd0c_Aline_Las%20Vegas-p-500.png]
[cdn.prod.website-files.com/62014dd97e014e5a161f0175/66c728cd88b2843fa5e8cd0c_Aline_Las Vegas.png]
[cdn.prod.website-files.com/62014dd97e014e5a161f0175/66c728ce88b2843fa5e8cdd7_Aline_Frites.png]
[cdn.prod.website-files.com/62014dd97e014e5a161f0175/66c728ce88b2843fa5e8cdf0_Aline_Yummi.jpg]
[cdn.prod.website-files.com/62014dd97e014e5a161f0175/66c728ce88b2843fa5e8cd66_Aline_As.gif]
[cdn.prod.website-files.com/62014dd97e014e5a161f0175/66c728cd88b2843fa5e8cc74_Aline_Jeton.png]
[cdn.prod.website-files.com/62014dd97e014e5a161f0175/66c728ce88b2843fa5e8ce3a_Camille_Shopping.jpg]
[cdn.prod.website-files.com/62014dd97e014e5a161f0175/66c728cf88b2843fa5e8cebb_Camille_Poney_01.gif]
[cdn.prod.website-files.com/62014dd97e014e5a161f0175/66c728cf88b2843fa5e8ce8a_Camille_Poney_02.gif]
[cdn.prod.website-files.com/62014dd97e014e5a161f0175/66c728cf88b2843fa5e8ce64_Camille_Poney_03-p-500.png]
[cdn.prod.website-files.com/62014dd97e014e5a161f0175/66c728cf88b2843fa5e8ce64_Camille_Poney_03.png]
[cdn.prod.website-files.com/62014dd97e014e5a161f0175/66c728d088b2843fa5e8cec9_Camille_Gun.gif]
[cdn.prod.website-files.com/62014dd97e014e5a161f0175/66c728d188b2843fa5e8cfd3_Emma_Olive-p-500.png]
[cdn.prod.website-files.com/62014dd97e014e5a161f0175/66c728d188b2843fa5e8cfd3_Emma_Olive.png]
[cdn.prod.website-files.com/62014dd97e014e5a161f0175/66c728d288b2843fa5e8d05c_Emma_Brésil.gif]
[cdn.prod.website-files.com/62014dd97e014e5a161f0175/66c728d188b2843fa5e8d025_Emma_Mochi.gif]
[cdn.prod.website-files.com/62014dd97e014e5a161f0175/66c728d288b2843fa5e8d03c_Emma_Micro.gif]
[cdn.prod.website-files.com/62014dd97e014e5a161f0175/66c728d688b2843fa5e8d66b_Fanny_Cookie.png]
[cdn.prod.website-files.com/62014dd97e014e5a161f0175/66c728d588b2843fa5e8d5e7_Fanny_Dés.png]
[cdn.prod.website-files.com/62014dd97e014e5a161f0175/66c728d588b2843fa5e8d5ab_Fanny_Café.png]
[cdn.prod.website-files.com/62014dd97e014e5a161f0175/66c728d688b2843fa5e8d625_Fanny_Cadeau-p-500.png]
[cdn.prod.website-files.com/62014dd97e014e5a161f0175/66c728d688b2843fa5e8d625_Fanny_Cadeau.png]
[cdn.prod.website-files.com/62014dd97e014e5a161f0175/66c728d888b2843fa5e8d808_Justine_Rouge à Lèvres.gif]
[cdn.prod.website-files.com/62014dd97e014e5a161f0175/66c728d888b2843fa5e8d75c_Justine_Georges-p-500.png]
[cdn.prod.website-files.com/62014dd97e014e5a161f0175/66c728d888b2843fa5e8d75c_Justine_Georges.png]
[cdn.prod.website-files.com/62014dd97e014e5a161f0175/66c728d988b2843fa5e8d881_Justine_Watch.gif]
[cdn.prod.website-files.com/62014dd97e014e5a161f0175/66c728d988b2843fa5e8d859_Justine_Tirelire.gif]
[cdn.prod.website-files.com/62014dd97e014e5a161f0175/66c728d988b2843fa5e8d842_Justine_Coudre-p-500.png]
[cdn.prod.website-files.com/62014dd97e014e5a161f0175/66c728d988b2843fa5e8d842_Justine_Coudre.png]
[cdn.prod.website-files.com/62014dd97e014e5a161f0175/66c728d888b2843fa5e8d72d_Justine_Sardines-p-500.png]
[cdn.prod.website-files.com/62014dd97e014e5a161f0175/66c728d888b2843fa5e8d72d_Justine_Sardines-p-800.png]
[cdn.prod.website-files.com/62014dd97e014e5a161f0175/66c728d888b2843fa5e8d72d_Justine_Sardines.png]
[cdn.prod.website-files.com/62014dd97e014e5a161f0175/66c728d788b2843fa5e8d71a_Justine_Chien-p-500.png]
[cdn.prod.website-files.com/62014dd97e014e5a161f0175/66c728d788b2843fa5e8d71a_Justine_Chien.png]
[cdn.prod.website-files.com/62014dd97e014e5a161f0175/66c728da88b2843fa5e8d92e_Lauryne_Chien.png]
[cdn.prod.website-files.com/62014dd97e014e5a161f0175/66c728db88b2843fa5e8da46_Lauryne_Stars-p-500.png]
[cdn.prod.website-files.com/62014dd97e014e5a161f0175/66c728db88b2843fa5e8da46_Lauryne_Stars.png]
[cdn.prod.website-files.com/62014dd97e014e5a161f0175/66c728da88b2843fa5e8d9ea_Lauryne_Barbie.gif]
[cdn.prod.website-files.com/62014dd97e014e5a161f0175/66c728da88b2843fa5e8d8f0_Lauryne_Photo.png]
[cdn.prod.website-files.com/62014dd97e014e5a161f0175/66c728d988b2843fa5e8d8aa_Lauryne_Xilophone.png]
[cdn.prod.website-files.com/62014dd97e014e5a161f0175/66c728db88b2843fa5e8da85_Lise_Te%CC%81le%CC%81phone-p-500.png]
[cdn.prod.website-files.com/62014dd97e014e5a161f0175/66c728db88b2843fa5e8da85_Lise_Téléphone.png]
[cdn.prod.website-files.com/62014dd97e014e5a161f0175/66c728dc88b2843fa5e8db04_Lise_Calculette.gif]
[cdn.prod.website-files.com/62014dd97e014e5a161f0175/66c728db88b2843fa5e8dadc_Lise_Chaussures-p-500.png]
[cdn.prod.website-files.com/62014dd97e014e5a161f0175/66c728db88b2843fa5e8dadc_Lise_Chaussures.png]
[cdn.prod.website-files.com/62014dd97e014e5a161f0175/66c728dd88b2843fa5e8dbaa_LN_Cheval-p-500.png]
[cdn.prod.website-files.com/62014dd97e014e5a161f0175/66c728dd88b2843fa5e8dbaa_LN_Cheval.png]
[cdn.prod.website-files.com/62014dd97e014e5a161f0175/66c728dd88b2843fa5e8db95_LN_Chat.png]
[cdn.prod.website-files.com/62014dd97e014e5a161f0175/66c728dc88b2843fa5e8db5a_LN_Picto-p-500.png]
[cdn.prod.website-files.com/62014dd97e014e5a161f0175/66c728dc88b2843fa5e8db5a_LN_Picto.png]
[cdn.prod.website-files.com/62014dd97e014e5a161f0175/66c728dc88b2843fa5e8db78_LN_Fuck.png]
[cdn.prod.website-files.com/62014dd97e014e5a161f0175/66c728e088b2843fa5e8de7c_Mae%CC%88lle_Piano-p-500.png]
[cdn.prod.website-files.com/62014dd97e014e5a161f0175/66c728e088b2843fa5e8de7c_Maëlle_Piano.png]
[cdn.prod.website-files.com/62014dd97e014e5a161f0175/66c728df88b2843fa5e8de05_Mae%CC%88lle_Avion-p-500.png]
[cdn.prod.website-files.com/62014dd97e014e5a161f0175/66c728df88b2843fa5e8de05_Maëlle_Avion.png]
[cdn.prod.website-files.com/62014dd97e014e5a161f0175/66c728df88b2843fa5e8dd99_Maëlle_Coca.png]
[cdn.prod.website-files.com/62014dd97e014e5a161f0175/66c728e088b2843fa5e8dec8_Malak_Drapeau.gif]
[cdn.prod.website-files.com/62014dd97e014e5a161f0175/66c728e088b2843fa5e8de9f_Malak_Roller.png]
[cdn.prod.website-files.com/62014dd97e014e5a161f0175/66c728e088b2843fa5e8de95_Malak_Soucoupe-p-500.png]
[cdn.prod.website-files.com/62014dd97e014e5a161f0175/66c728e088b2843fa5e8de95_Malak_Soucoupe.png]
[cdn.prod.website-files.com/62014dd97e014e5a161f0175/66c728e188b2843fa5e8df34_Martine_Chien.png]
[cdn.prod.website-files.com/62014dd97e014e5a161f0175/66c728e288b2843fa5e8df81_Martine_Tricot%20-p-500.png]
[cdn.prod.website-files.com/62014dd97e014e5a161f0175/66c728e288b2843fa5e8df81_Martine_Tricot .png]
[cdn.prod.website-files.com/62014dd97e014e5a161f0175/66c728e288b2843fa5e8df3b_Martine_Pelotte.png]
[cdn.prod.website-files.com/62014dd97e014e5a161f0175/66c728e188b2843fa5e8def6_Martine_Radio.png]
[cdn.prod.website-files.com/62014dd97e014e5a161f0175/66c728e288b2843fa5e8df70_Martine_Buzz%20-p-500.png]
[cdn.prod.website-files.com/62014dd97e014e5a161f0175/66c728e288b2843fa5e8df70_Martine_Buzz .png]
[cdn.prod.website-files.com/62014dd97e014e5a161f0175/66c728e588b2843fa5e8e127_Mogan_Chaises-p-500.png]
[cdn.prod.website-files.com/62014dd97e014e5a161f0175/66c728e588b2843fa5e8e127_Mogan_Chaises.png]
[cdn.prod.website-files.com/62014dd97e014e5a161f0175/66c728e688b2843fa5e8e1ed_Mogan_Groseille-p-500.png]
[cdn.prod.website-files.com/62014dd97e014e5a161f0175/66c728e688b2843fa5e8e1ed_Mogan_Groseille.png]
[cdn.prod.website-files.com/62014dd97e014e5a161f0175/66c728e588b2843fa5e8e11c_Mogan_Jouet.png]
[cdn.prod.website-files.com/62014dd97e014e5a161f0175/66c728e588b2843fa5e8e0bf_Mogan_Walkman.png]
[cdn.prod.website-files.com/62014dd97e014e5a161f0175/66c728e588b2843fa5e8e0eb_Mogan_Etoile-p-500.png]
[cdn.prod.website-files.com/62014dd97e014e5a161f0175/66c728e588b2843fa5e8e0eb_Mogan_Etoile.png]
[cdn.prod.website-files.com/62014dd97e014e5a161f0175/66c728e788b2843fa5e8e3ef_MV_Bretzel-p-500.png]
[cdn.prod.website-files.com/62014dd97e014e5a161f0175/66c728e788b2843fa5e8e3ef_MV_Bretzel.png]
[cdn.prod.website-files.com/62014dd97e014e5a161f0175/66c728e688b2843fa5e8e355_MV_Chat_02.png]
[cdn.prod.website-files.com/62014dd97e014e5a161f0175/66c728e788b2843fa5e8e3aa_MV_Chat_01-p-500.png]
[cdn.prod.website-files.com/62014dd97e014e5a161f0175/66c728e788b2843fa5e8e3aa_MV_Chat_01.png]
[cdn.prod.website-files.com/62014dd97e014e5a161f0175/66c728e788b2843fa5e8e37a_MV_Ordi-p-500.png]
[cdn.prod.website-files.com/62014dd97e014e5a161f0175/66c728e788b2843fa5e8e37a_MV_Ordi.png]
[cdn.prod.website-files.com/62014dd97e014e5a161f0175/66c728e988b2843fa5e8e4e5_MX_Chien-p-500.png]
[cdn.prod.website-files.com/62014dd97e014e5a161f0175/66c728e988b2843fa5e8e4e5_MX_Chien.png]
[cdn.prod.website-files.com/62014dd97e014e5a161f0175/66c728e888b2843fa5e8e461_MX_Chaine.png]
[cdn.prod.website-files.com/62014dd97e014e5a161f0175/66c728e888b2843fa5e8e484_MX_Pêche.png]
[cdn.prod.website-files.com/62014dd97e014e5a161f0175/66c728e888b2843fa5e8e4b0_MX_Mochi.gif]
[cdn.prod.website-files.com/62014dd97e014e5a161f0175/66c728e788b2843fa5e8e424_MX_Etoiles.png]
[cdn.prod.website-files.com/62014dd97e014e5a161f0175/66c728e888b2843fa5e8e48e_MX_Coquillage-p-500.png]
[cdn.prod.website-files.com/62014dd97e014e5a161f0175/66c728e888b2843fa5e8e48e_MX_Coquillage.png]
[cdn.prod.website-files.com/62014dd97e014e5a161f0175/66c728ea88b2843fa5e8e702_Nawel_Cup-p-500.png]
[cdn.prod.website-files.com/62014dd97e014e5a161f0175/66c728ea88b2843fa5e8e702_Nawel_Cup.png]
[cdn.prod.website-files.com/62014dd97e014e5a161f0175/66c728ea88b2843fa5e8e5f6_Nawel_Zac.png]
[cdn.prod.website-files.com/62014dd97e014e5a161f0175/66c728eb88b2843fa5e8e749_Nawel_Hollywood-p-500.png]
[cdn.prod.website-files.com/62014dd97e014e5a161f0175/66c728eb88b2843fa5e8e749_Nawel_Hollywood.png]
[cdn.prod.website-files.com/62014dd97e014e5a161f0175/66c728ea88b2843fa5e8e5ca_Nawel_Dollar.png]
[cdn.prod.website-files.com/62014dd97e014e5a161f0175/66c728e988b2843fa5e8e533_Nawel_Sucette-p-500.png]
[cdn.prod.website-files.com/62014dd97e014e5a161f0175/66c728e988b2843fa5e8e533_Nawel_Sucette.png]
[cdn.prod.website-files.com/62014dd97e014e5a161f0175/66c728ea88b2843fa5e8e5c2_Nawel_Bouche-p-500.png]
[cdn.prod.website-files.com/62014dd97e014e5a161f0175/66c728ea88b2843fa5e8e5c2_Nawel_Bouche.png]
[cdn.prod.website-files.com/62014dd97e014e5a161f0175/66c728e988b2843fa5e8e569_Nawel_Msn-p-500.png]
[cdn.prod.website-files.com/62014dd97e014e5a161f0175/66c728e988b2843fa5e8e569_Nawel_Msn.png]
[cdn.prod.website-files.com/62014dd97e014e5a161f0175/66c728ec88b2843fa5e8e7c2_Nico_NY-p-500.png]
[cdn.prod.website-files.com/62014dd97e014e5a161f0175/66c728ec88b2843fa5e8e7c2_Nico_NY.png]
[cdn.prod.website-files.com/62014dd97e014e5a161f0175/66c728ec88b2843fa5e8e7b8_Nico_Tour-p-500.png]
[cdn.prod.website-files.com/62014dd97e014e5a161f0175/66c728ec88b2843fa5e8e7b8_Nico_Tour.png]
[cdn.prod.website-files.com/62014dd97e014e5a161f0175/66c728eb88b2843fa5e8e772_Nico_Machine à écrire.png]
[cdn.prod.website-files.com/62014dd97e014e5a161f0175/66c728eb88b2843fa5e8e79d_Nico_Cacahuetes-p-500.png]
[cdn.prod.website-files.com/62014dd97e014e5a161f0175/66c728eb88b2843fa5e8e79d_Nico_Cacahuetes.png]
[cdn.prod.website-files.com/62014dd97e014e5a161f0175/66c728ed88b2843fa5e8e892_Robin_Casque.png]
[cdn.prod.website-files.com/62014dd97e014e5a161f0175/66c728ed88b2843fa5e8e845_Robin_Ve%CC%81lo-p-500.png]
[cdn.prod.website-files.com/62014dd97e014e5a161f0175/66c728ed88b2843fa5e8e845_Robin_Vélo.png]
[cdn.prod.website-files.com/62014dd97e014e5a161f0175/66c728ed88b2843fa5e8e958_scie-p-500.png]
[cdn.prod.website-files.com/62014dd97e014e5a161f0175/66c728ed88b2843fa5e8e958_scie-p-800.png]
[cdn.prod.website-files.com/62014dd97e014e5a161f0175/66c728ed88b2843fa5e8e958_scie.png]
[cdn.prod.website-files.com/62014dd97e014e5a161f0175/66c728ec88b2843fa5e8e822_Robin_Marteau.png]
[cdn.prod.website-files.com/62014dd97e014e5a161f0175/66c728ee88b2843fa5e8ea67_Fleur_05.png]
[cdn.prod.website-files.com/62014dd97e014e5a161f0175/66c728f088b2843fa5e8ec07_Fleur_03.png]
[cdn.prod.website-files.com/62014dd97e014e5a161f0175/66c728ef88b2843fa5e8eb37_Fleur_01.png]
[cdn.prod.website-files.com/62014dd97e014e5a161f0175/66c728ef88b2843fa5e8eba2_Fleur_02.png]
[cdn.prod.website-files.com/62014dd97e014e5a161f0175/66c728f188b2843fa5e8ec80_Fleur_04.png]
[cdn.prod.website-files.com/62014dd97e014e5a161f0175/66c728f188b2843fa5e8ec72_Camille_Guitare.png]
[cdn.prod.website-files.com/62014dd97e014e5a161f0175/66c728f088b2843fa5e8ebd1_Camille_Pop Corn_Mobile.png]
[cdn.prod.website-files.com/62014dd97e014e5a161f0175/6777e2a267b8a1062e77e1f3_Manon_Lunettes-p-500.avif]
[cdn.prod.website-files.com/62014dd97e014e5a161f0175/6777e2a267b8a1062e77e1f3_Manon_Lunettes.avif]
[cdn.prod.website-files.com/62014dd97e014e5a161f0175/6777e36772033c5fdbbdf443_Manon_Papillon-p-500.webp]
[cdn.prod.website-files.com/62014dd97e014e5a161f0175/6777e36772033c5fdbbdf443_Manon_Papillon.webp]
[cdn.prod.website-files.com/62014dd97e014e5a161f0175/67619ab81978ae688ee80ad9_Hugo_AppareilPhoto-ezgif.com-resize (1)-p-500.webp]
[cdn.prod.website-files.com/62014dd97e014e5a161f0175/67619ab81978ae688ee80ad9_Hugo_AppareilPhoto-ezgif.com-resize (1).webp]
[cdn.prod.website-files.com/62014dd97e014e5a161f0175/67619adc554d535b8ac2958f_Hugo_BouleDisco_Collage-p-500.avif]
[cdn.prod.website-files.com/62014dd97e014e5a161f0175/67619adc554d535b8ac2958f_Hugo_BouleDisco_Collage.avif]
[cdn.prod.website-files.com/62014dd97e014e5a161f0175/67619b0691ddd441edda5a40_Hugo_Balle-ezgif.com-video-to-webp-converter.webp]
[cdn.prod.website-files.com/62014dd97e014e5a161f0175/67642f1ed09cfecce9ca39f2_Nicolas_Tickets-ezgif.com-gif-to-webp-converter.webp]
[cdn.prod.website-files.com/62014dd97e014e5a161f0175/6764171e4d16908242f5078c_Vin_Nicolas-ezgif.com-gif-to-webp-converter.webp]
[cdn.prod.website-files.com/62014dd97e014e5a161f0175/676438f356a8f4d62e884f9b_soucoupe-p-500.webp]
[cdn.prod.website-files.com/62014dd97e014e5a161f0175/676438f356a8f4d62e884f9b_soucoupe.webp]
[cdn.prod.website-files.com/62014dd97e014e5a161f0175/676941cb5fa8ec29f796fca9_Rozenn_Grèce.avif]
[cdn.prod.website-files.com/62014dd97e014e5a161f0175/676941cb5fa8ec29f796fca9_Rozenn_Grèce-p-500.avif]
[cdn.prod.website-files.com/62014dd97e014e5a161f0175/676943486604a0e7cb005847_Rozenn_Jouet.avif]
[cdn.prod.website-files.com/62014dd97e014e5a161f0175/67696d5c943b35501f568278_Rozenn_Chocolat-cut.avif]
[cdn.prod.website-files.com/62014dd97e014e5a161f0175/67696d94883d6937369d08f8_Rozenn_Dauphins-p-500.webp]
[cdn.prod.website-files.com/62014dd97e014e5a161f0175/67696d94883d6937369d08f8_Rozenn_Dauphins.webp]
[cdn.prod.website-files.com/62014dd97e014e5a161f0175/67697603f8afad4a90c3dc93_Emma_Chat .avif]
[cdn.prod.website-files.com/62014dd97e014e5a161f0175/6769760382c1108af42f1512_Emma_Gym.avif]
[cdn.prod.website-files.com/62014dd97e014e5a161f0175/6769760382c1108af42f1512_Emma_Gym-p-500.avif]
[cdn.prod.website-files.com/62014dd97e014e5a161f0175/676976010b9e95ac05eb1544_Emma_Radio.avif]
[cdn.prod.website-files.com/62014dd97e014e5a161f0175/6769763482d9a8a028616ec0_Emma_Avocat-smll.avif]
[cdn.prod.website-files.com/62014dd97e014e5a161f0175/67697d4ae4d546944a309380_Emma_Pizza-resize.webp]
[cdn.prod.website-files.com/62014dd97e014e5a161f0175/676a798aed6cbad1a0dc00e2_Victorien_Botte.avif]
[cdn.prod.website-files.com/62014dd97e014e5a161f0175/676a798a32919c25679192f8_Victorien_Note.avif]
[cdn.prod.website-files.com/62014dd97e014e5a161f0175/66c728e388b2843fa5e8e038_Matthias_Ballon.gif]
[cdn.prod.website-files.com/62014dd97e014e5a161f0175/66c728e288b2843fa5e8df9d_Matthias_Kebab.png]
[cdn.prod.website-files.com/62014dd97e014e5a161f0175/676a84a1629c9585148f28c8_Sélène_Crayon.avif]
[cdn.prod.website-files.com/62014dd97e014e5a161f0175/676a84a1e0dc53fbaac7ccde_Sélène_Barbie.avif]
[cdn.prod.website-files.com/62014dd97e014e5a161f0175/676a84a1e0a57746f52ad75d_Sélène_Avion.avif]
[cdn.prod.website-files.com/62014dd97e014e5a161f0175/67726d72c5a4b67f4377ded4_Quentin_Chien.avif]
[cdn.prod.website-files.com/62014dd97e014e5a161f0175/67726d6cc2d3862e0f5f8d6d_Quentin_Bus.avif]
[cdn.prod.website-files.com/62014dd97e014e5a161f0175/67726d70e8c2c2ef726167da_Quentin_G_Ordi.avif]
[cdn.prod.website-files.com/62014dd97e014e5a161f0175/67726d6a52bfddc5688c9b6f_Quentin_G_Caméra.avif]
[cdn.prod.website-files.com/62014dd97e014e5a161f0175/67727967f9646840f28276a0_Juliette_Micro.webp]
[cdn.prod.website-files.com/62014dd97e014e5a161f0175/6772783fc2d3862e0f693759_Juliette_Pop Corn.avif]
[cdn.prod.website-files.com/62014dd97e014e5a161f0175/67727842068ace623580568b_Juliette_Guitare.avif]
[cdn.prod.website-files.com/62014dd97e014e5a161f0175/66c728e388b2843fa5e8dffc_Matthias_Fatal-p-500.png]
[cdn.prod.website-files.com/62014dd97e014e5a161f0175/66c728e388b2843fa5e8dffc_Matthias_Fatal.png]
[cdn.prod.website-files.com/62014dd97e014e5a161f0175/6773b7b47ebf314cca3566d7_Hippo_Living life.avif]
[cdn.prod.website-files.com/62014dd97e014e5a161f0175/6777eb1204d01eddebcd535e_graff-clean-p-500.webp]
[cdn.prod.website-files.com/62014dd97e014e5a161f0175/6777eb1204d01eddebcd535e_graff-clean-p-800.webp]
[cdn.prod.website-files.com/62014dd97e014e5a161f0175/6777eb1204d01eddebcd535e_graff-clean.webp]
[cdn.prod.website-files.com/62014dd97e014e5a161f0175/6773b7c34747f8af10501c50_Hippo_Mum.gif]
[cdn.prod.website-files.com/62014dd97e014e5a161f0175/678f78b9fe11c548247ea68b_Vivian_Sport.avif]
[cdn.prod.website-files.com/62014dd97e014e5a161f0175/678f78b9fe11c548247ea68b_Vivian_Sport-p-500.avif]
[cdn.prod.website-files.com/62014dd97e014e5a161f0175/66c728d388b2843fa5e8d509_Eva_Casque.gif]
[cdn.prod.website-files.com/62014dd97e014e5a161f0175/66c728d388b2843fa5e8d4dc_Eva_Etoile.png]
[cdn.prod.website-files.com/62014dd97e014e5a161f0175/678f7abd80c582b4c235da65_Vivian_Village-smll.avif]
[cdn.prod.website-files.com/62014dd97e014e5a161f0175/678f793c57b9d5577f6a2b91_Vivian_Altère-smll.avif]
[cdn.prod.website-files.com/62014dd97e014e5a161f0175/6773b84df97e2c0970746cee_Allan_Poisson.avif]
[cdn.prod.website-files.com/62014dd97e014e5a161f0175/6773b84df97e2c0970746cee_Allan_Poisson-p-500.avif]
[cdn.prod.website-files.com/62014dd97e014e5a161f0175/66c728d488b2843fa5e8d547_Eva_Pâtes.png]
[cdn.prod.website-files.com/62014dd97e014e5a161f0175/6777e8d580d591cbdfd2bcbd_Allan_Pokemon_-cut.webp]
[cdn.prod.website-files.com/62014dd97e014e5a161f0175/6777e8d580d591cbdfd2bcbd_Allan_Pokemon_-cut-p-500.webp]
[cdn.prod.website-files.com/62014dd97e014e5a161f0175/66c728d388b2843fa5e8d367_Eva_Barbie.png]
[cdn.prod.website-files.com/62014dd97e014e5a161f0175/6799f25e988cee9e5917cdad_Enzo_Monsieur.avif]
[cdn.prod.website-files.com/62014dd97e014e5a161f0175/6799f25ffea3d4fbd746c5c7_Enzo_Corpo.avif]
[cdn.prod.website-files.com/62014dd97e014e5a161f0175/6799f26003d8a531b6dc653d_Enzo_Les Profs.avif]
[cdn.prod.website-files.com/62014dd97e014e5a161f0175/6799f5c1145976671d511679_Enzo_Vélo.webp]
[cdn.prod.website-files.com/62014dd97e014e5a161f0175/6799f2bcd0bf2dbf757639ec_Enzo_Pola-p-500.webp]
[cdn.prod.website-files.com/62014dd97e014e5a161f0175/6799f2bcd0bf2dbf757639ec_Enzo_Pola.webp]
[cdn.prod.website-files.com/62014dd97e014e5a161f0175/676190ffd1e7091b1b08870a_hugo-clean2.webp]
[cdn.prod.website-files.com/62014dd97e014e5a161f0175/67693f92c7e7b59dd79a9ea2_rozenn-icone.webp]
[cdn.prod.website-files.com/62014dd97e014e5a161f0175/67614c9c60c9dc913510c48e_nicolas-2.webp]
[cdn.prod.website-files.com/62014dd97e014e5a161f0175/6773b760b5ba436d8e4fc11c_allan-ico.webp]
[cdn.prod.website-files.com/62014dd97e014e5a161f0175/66c728f288b2843fa5e8ece4_PNG_CAMILLE_D-p-500.png]
[cdn.prod.website-files.com/62014dd97e014e5a161f0175/66c728f288b2843fa5e8ece4_PNG_CAMILLE_D-p-800.png]
[cdn.prod.website-files.com/62014dd97e014e5a161f0175/66c728f288b2843fa5e8ece4_PNG_CAMILLE_D-p-1080.png]
[cdn.prod.website-files.com/62014dd97e014e5a161f0175/66c728f288b2843fa5e8ece4_PNG_CAMILLE_D.png]
[cdn.prod.website-files.com/62014dd97e014e5a161f0175/66c7326269ceb2b035d34a5a_Annelle_Roi-p-500.png]
[cdn.prod.website-files.com/62014dd97e014e5a161f0175/66c7326269ceb2b035d34a5a_Annelle_Roi-p-800.png]
[cdn.prod.website-files.com/62014dd97e014e5a161f0175/66c7326269ceb2b035d34a5a_Annelle_Roi.png]
[cdn.prod.website-files.com/62014dd97e014e5a161f0175/66c7326269ceb2b035d34a91_Aline_As.png]
[cdn.prod.website-files.com/62014dd97e014e5a161f0175/66c7326369ceb2b035d34aa2_Camille_Poney.png]
[cdn.prod.website-files.com/62014dd97e014e5a161f0175/66c7326369ceb2b035d34ab0_Emma_Micro.png]
[cdn.prod.website-files.com/62014dd97e014e5a161f0175/6773cb733f08400a34813178_micro-mobile.webp]
[cdn.prod.website-files.com/662a555293418d0c4c52bd47/6638db583ce733027c9e0ca4_Fanny_Café.png]
[cdn.prod.website-files.com/62014dd97e014e5a161f0175/66c7326469ceb2b035d34b38_Justine_Rouge à Lèvre_02 (0-00-03-21).png]
[cdn.prod.website-files.com/62014dd97e014e5a161f0175/66c7326469ceb2b035d34b38_Justine_Rouge%20%C3%A0%20L%C3%A8vre_02%20(0-00-03-21)-p-500.png]
[cdn.prod.website-files.com/662a555293418d0c4c52bd47/6638f054b4effb2a99de4feb_Lauryne_Photo.png]
[cdn.prod.website-files.com/62014dd97e014e5a161f0175/66c7326469ceb2b035d34b6e_Lise_Calculette_Mobile.png]
[cdn.prod.website-files.com/62014dd97e014e5a161f0175/66c7326469ceb2b035d34bc3_LN_Boule_Mobile.png]
[cdn.prod.website-files.com/62014dd97e014e5a161f0175/66c7326469ceb2b035d34bc3_LN_Boule_Mobile-p-500.png]
[cdn.prod.website-files.com/662a555293418d0c4c52bd47/664a893a1d8d72cf50970bcf_Maëlle_Coca.png]
[cdn.prod.website-files.com/662a555293418d0c4c52bd47/664b062c4d83ea06cdd6cac0_Malak_Roller.png]
[cdn.prod.website-files.com/662a555293418d0c4c52bd47/664b0ac082afce49018e72ff_Martine_Buzz .png]
[cdn.prod.website-files.com/62014dd97e014e5a161f0175/67471d7469892c8323cc5804_sunglasses.webp]
[cdn.prod.website-files.com/62014dd97e014e5a161f0175/67471d7469892c8323cc5804_sunglasses-p-500.webp]
[cdn.prod.website-files.com/62014dd97e014e5a161f0175/67471d7469892c8323cc5804_sunglasses-p-800.webp]
[cdn.prod.website-files.com/662a555293418d0c4c52bd47/664b25e61fd1fed627ca130e_MV_Bretzel.png]
[cdn.prod.website-files.com/62014dd97e014e5a161f0175/66c7326569ceb2b035d34c9a_MX_Chassure_Mobile.png]
[cdn.prod.website-files.com/62014dd97e014e5a161f0175/66c7326569ceb2b035d34c9a_MX_Chassure_Mobile-p-500.png]
[cdn.prod.website-files.com/662a555293418d0c4c52bd47/664b44e9e855d44771205f57_nawel_Hollywood.png]
[cdn.prod.website-files.com/662a555293418d0c4c52bd47/664b4a63efcf46bafa48b51d_Nico_Tour.png]
[cdn.prod.website-files.com/662a555293418d0c4c52bd47/66a8a5df10054ff044a8c32d_scie.png]
[cdn.prod.website-files.com/662a555293418d0c4c52bd47/66aa106029cee6d215873d0a_Camille_Pop Corn.png]
[cdn.prod.website-files.com/62014dd97e014e5a161f0175/67642f7c3719b39d0ac4141f_Nicolas_Ticket-still.webp]
[cdn.prod.website-files.com/62014dd97e014e5a161f0175/679a29489e65ae57a42984bc_Enzo_Vélo-small.avif]
[cdn.prod.website-files.com/662a555293418d0c4c52bd47/66aa1069b8954607494a013d_PNG_CAMILLE_D.png]
[lesgrosmotsfinal.webflow.io/equipe.html]
[cdn.prod.website-files.com/62014dd97e014e5a161f0175/6828ac9139ea6ea598136465_agence-file-icon-pdf.png]
[cdn.prod.website-files.com/62014dd97e014e5a161f0175/6828ac914650440bc7ab3d18_agence-file-icon-docx.png]
[cdn.prod.website-files.com/62014dd97e014e5a161f0175/6828ac8fb42d35f3769296ee_agence-file-icon-mov.png]
[cdn.prod.website-files.com/62014dd97e014e5a161f0175/682b37cad62a5df0f8ae81d8_agence-file-icon-psd.png]
[cdn.prod.website-files.com/62014dd97e014e5a161f0175/6828bf14b42d35f3769c0b03_agence-name-logo.png]
[cdn.prod.website-files.com/62014dd97e014e5a161f0175/6828bf14b42d35f3769c0b03_agence-name-logo-p-500.png]
[cdn.prod.website-files.com/62014dd97e014e5a161f0175/6828bf14b42d35f3769c0b03_agence-name-logo-p-800.png]
[cdn.prod.website-files.com/62014dd97e014e5a161f0175/6828bf14b42d35f3769c0b03_agence-name-logo-p-1080.png]
[cdn.prod.website-files.com/62014dd97e014e5a161f0175/6828bf14b42d35f3769c0b03_agence-name-logo-p-1600.png]
[cdn.prod.website-files.com/62014dd97e014e5a161f0175/65cf770a0eecf7701b4ae00c_open-folder.webp]
[cdn.prod.website-files.com/62014dd97e014e5a161f0175/684eef4d73648fc5bdd51b5f_PPT SITE-01.png]
[cdn.prod.website-files.com/62014dd97e014e5a161f0175/684eee745d7b799c78bb3f8d_PPT SITE-01-02.png]
[cdn.prod.website-files.com/62014dd97e014e5a161f0175/684eef4ae754b91ef2cfb843_PPT SITE-01-03.png]
[cdn.prod.website-files.com/62014dd97e014e5a161f0175/684eef4ba4da85d78e631196_PPT SITE-01-04.png]
[cdn.prod.website-files.com/62014dd97e014e5a161f0175/684eef50a7f9fdaed810eb51_PPT SITE-02.png]
[cdn.prod.website-files.com/62014dd97e014e5a161f0175/684eef4fe12658d76389b073_PPT SITE-03.png]
[cdn.prod.website-files.com/62014dd97e014e5a161f0175/684eef4e4db92f4d0722af60_PPT SITE-04.png]
[cdn.prod.website-files.com/62014dd97e014e5a161f0175/684eef4db75822365986339e_PPT SITE-05.png]
[cdn.prod.website-files.com/62014dd97e014e5a161f0175/684eef4e38384711bea78f93_PPT SITE-06.png]
[cdn.prod.website-files.com/62014dd97e014e5a161f0175/684eef4d1a2a516a285a8614_PPT SITE-07.png]
[cdn.prod.website-files.com/62014dd97e014e5a161f0175/684eefc633a01d2d8c2f0e77_PPT SITE-08.png]
[cdn.prod.website-files.com/62014dd97e014e5a161f0175/684eef4d8f8d8db6fc86cdc5_PPT SITE-09.png]
[cdn.prod.website-files.com/62014dd97e014e5a161f0175/684eef5076e08a8ae28c64b5_PPT SITE-10.png]
[cdn.prod.website-files.com/62014dd97e014e5a161f0175/684eef4ef8608f8600d2e56d_PPT SITE-11.png]
[cdn.prod.website-files.com/62014dd97e014e5a161f0175/65d4be349e45da179d35dad1_barre.webp]
[cdn.prod.website-files.com/62014dd97e014e5a161f0175/65d4be349e45da179d35dad1_barre-p-500.webp]
[cdn.prod.website-files.com/62014dd97e014e5a161f0175/65d4be349e45da179d35dad1_barre-p-800.webp]
[cdn.prod.website-files.com/62014dd97e014e5a161f0175/65d4be349e45da179d35dad1_barre-p-1080.webp]
[cdn.prod.website-files.com/62014dd97e014e5a161f0175/65d4be349e45da179d35dad1_barre-p-1600.webp]
[cdn.prod.website-files.com/62014dd97e014e5a161f0175/65e72794544c0a1f7f09936a_PPT_PHRASE_04_1.webp]
[cdn.prod.website-files.com/62014dd97e014e5a161f0175/65d5c19496770623dcadfae8_file-png_2 1.png]
[cdn.prod.website-files.com/62014dd97e014e5a161f0175/66447769f16b829665950eea_cniel-logo.webp]
[cdn.prod.website-files.com/62014dd97e014e5a161f0175/6644780e2c9584f113c60e5a_leche.webp]
[cdn.prod.website-files.com/62014dd97e014e5a161f0175/66447563c95369c0f409e5d7_synalaf2.webp]
[cdn.prod.website-files.com/62014dd97e014e5a161f0175/664475ea1fed3aa790f9a649_uevos.webp]
[cdn.prod.website-files.com/62014dd97e014e5a161f0175/664475ea1fed3aa790f9a649_uevos-p-500.webp]
[cdn.prod.website-files.com/62014dd97e014e5a161f0175/65d5db7fc4969cede1b4241d_monde.webp]
[cdn.prod.website-files.com/62014dd97e014e5a161f0175/65d5fa3b64fe87b6733976a2_GettyImages-477785574 1.webp]
[cdn.prod.website-files.com/62014dd97e014e5a161f0175/65d5fa3b64fe87b6733976a2_GettyImages-477785574 1-p-500.webp]
[cdn.prod.website-files.com/62014dd97e014e5a161f0175/65e602d16344e8cd37e977f7_pitch2.png]
[cdn.prod.website-files.com/62014dd97e014e5a161f0175/65d5ff547a26abd3cd017e91_ballons 4.webp]
[cdn.prod.website-files.com/62014dd97e014e5a161f0175/65f81f8cebebf206125be7ae_pasquier 5.png]
[cdn.prod.website-files.com/62014dd97e014e5a161f0175/65d600ee521a3b86743a6c27_brioche 1.webp]
[cdn.prod.website-files.com/62014dd97e014e5a161f0175/65d5f53ed6e554ae03336013_speedy.webp]
[cdn.prod.website-files.com/62014dd97e014e5a161f0175/65d6020dc6bac90b5a262a3e_GettyImages-467490519 1.webp]
[cdn.prod.website-files.com/62014dd97e014e5a161f0175/65d5f53d6113dec5279a8ef0_citadium.webp]
[cdn.prod.website-files.com/62014dd97e014e5a161f0175/65d60287c6bac90b5a266a42_Sans titre-1 11 (1).webp]
[cdn.prod.website-files.com/62014dd97e014e5a161f0175/65d5f53dd8f2bbc7157ed2c9_habitat.webp]
[cdn.prod.website-files.com/62014dd97e014e5a161f0175/65d602ec876f397d14267f60_tabouret 4.webp]
[cdn.prod.website-files.com/62014dd97e014e5a161f0175/65d5f53d3a8e1b5f221eb1da_flunch.webp]
[cdn.prod.website-files.com/62014dd97e014e5a161f0175/65d60358c440702bf26f0d59_FLUNCH COLLAGE 1.webp]
[cdn.prod.website-files.com/62014dd97e014e5a161f0175/65d5f53c0a0408670d95e31f_pagpo.webp]
[cdn.prod.website-files.com/62014dd97e014e5a161f0175/65d603bc83095a45974e9757_GettyImages-485113836 1.webp]
[cdn.prod.website-files.com/62014dd97e014e5a161f0175/65d5f53f4aca861aa652ac07_interfel.webp]
[cdn.prod.website-files.com/62014dd97e014e5a161f0175/65d5fd7ed53d4599346aacb5_avodaco 1.webp]
[cdn.prod.website-files.com/62014dd97e014e5a161f0175/65d5f53f326c1878b1146c5a_laforet.webp]
[cdn.prod.website-files.com/62014dd97e014e5a161f0175/65d5ffbc755d592fb601a538_collage_laforet4 2.webp]
[cdn.prod.website-files.com/62014dd97e014e5a161f0175/65d5f53e890ae6daf71b4595_creditagri.webp]
[cdn.prod.website-files.com/62014dd97e014e5a161f0175/65d60bd656d096ea809b9ab5_GettyImages-684123206_0006_Calque-4.webp]
[cdn.prod.website-files.com/62014dd97e014e5a161f0175/65d5f53edff132f081077aad_auchamps.webp]
[cdn.prod.website-files.com/62014dd97e014e5a161f0175/65d60cb70100f28bafffb74c_caddie 1.webp]
[cdn.prod.website-files.com/62014dd97e014e5a161f0175/65d5f53dc6a2bf96d1f92933_durex.webp]
[cdn.prod.website-files.com/62014dd97e014e5a161f0175/65d60d33d67a0fbfbd2b5d4d_aubergine 1.webp]
[cdn.prod.website-files.com/62014dd97e014e5a161f0175/65d5f53cb73736839fdca265_babylyss.webp]
[cdn.prod.website-files.com/62014dd97e014e5a161f0175/65d60e4b425f1de864b97ae2_seche cheveux 1.webp]
[cdn.prod.website-files.com/62014dd97e014e5a161f0175/65d5f53c1d7bd464eb086bcc_chauffeur.webp]
[cdn.prod.website-files.com/62014dd97e014e5a161f0175/65d60e996dcdd330c42c0b82_GettyImages-1199617827 3.webp]
[cdn.prod.website-files.com/62014dd97e014e5a161f0175/65e6033594c84356779987ab_saint-2.png]
[cdn.prod.website-files.com/62014dd97e014e5a161f0175/65d60f16115fe2055a5dd1ee_casque chantier 1.webp]
[cdn.prod.website-files.com/62014dd97e014e5a161f0175/65d5f53bd8f2bbc7157ed264_puydufou.webp]
[cdn.prod.website-files.com/62014dd97e014e5a161f0175/65d605759a00376b521c79ab_GettyImages-1128534674 3.webp]
[cdn.prod.website-files.com/62014dd97e014e5a161f0175/65e6035586cae4e6c76e0a87_pavillon.png]
[cdn.prod.website-files.com/62014dd97e014e5a161f0175/65d6102f012d12c135583a48_PF_UNUSUAL SUSPECT_collage 1.webp]
[cdn.prod.website-files.com/62014dd97e014e5a161f0175/65d5f53b6ba6424300a63fbc_saveol.webp]
[cdn.prod.website-files.com/62014dd97e014e5a161f0175/65d605c973e8ae938ec3ada3_Capture d’écran 2024-01-10 à 11.24 2 (1).webp]
[cdn.prod.website-files.com/62014dd97e014e5a161f0175/65d5f53bf58a9daba2ebdba3_monument.webp]
[cdn.prod.website-files.com/62014dd97e014e5a161f0175/65d610d3aa83e6b3ff0c09fc_tour eiffel 1.webp]
[cdn.prod.website-files.com/62014dd97e014e5a161f0175/65d5f53aa5e595d5958364ff_coyotte.webp]
[cdn.prod.website-files.com/62014dd97e014e5a161f0175/65d6062383051176413775dd_vouiture 1.webp]
[cdn.prod.website-files.com/62014dd97e014e5a161f0175/65d5f5396d92044b37ca593f_giraudy.webp]
[cdn.prod.website-files.com/62014dd97e014e5a161f0175/65d6117746664ffc844bbcda_Capture d’écran 2023-12-20 à 10.21 3.webp]
[cdn.prod.website-files.com/62014dd97e014e5a161f0175/65d5f5390100f28baff1e169_legrand.webp]
[cdn.prod.website-files.com/62014dd97e014e5a161f0175/65d6079e3383c46240fd7de9_ampoule 1.webp]
[cdn.prod.website-files.com/62014dd97e014e5a161f0175/65d5f539c1f3f04f74899af8_vinsta.webp]
[cdn.prod.website-files.com/62014dd97e014e5a161f0175/65d6123d70665604b4b2afcb_feuille vigne 1.webp]
[cdn.prod.website-files.com/62014dd97e014e5a161f0175/65d5f5396d92044b37ca591f_armani.webp]
[cdn.prod.website-files.com/62014dd97e014e5a161f0175/65d607ecc6bac90b5a294612_ken 1.webp]
[cdn.prod.website-files.com/62014dd97e014e5a161f0175/65d5f53896380802774f76d7_christ.webp]
[cdn.prod.website-files.com/62014dd97e014e5a161f0175/65d612c0f9936df499636ae5_bonbec 1.webp]
[cdn.prod.website-files.com/62014dd97e014e5a161f0175/65d5f538f58a9daba2ebda23_brico.webp]
[cdn.prod.website-files.com/62014dd97e014e5a161f0175/65d608431c25e61782bc3f54_scie 1.webp]
[cdn.prod.website-files.com/62014dd97e014e5a161f0175/65d5f5381d7bd464eb086ae3_bridgestone.webp]
[cdn.prod.website-files.com/62014dd97e014e5a161f0175/65d614b9f135c581bcb5c8be_pneu 1.webp]
[cdn.prod.website-files.com/62014dd97e014e5a161f0175/65d5f53823b3dbb85c6f503d_interbev.webp]
[cdn.prod.website-files.com/62014dd97e014e5a161f0175/65d61527fd171977f8e37a9f_BEEF_collage 1 (2).webp]
[cdn.prod.website-files.com/62014dd97e014e5a161f0175/65d5f537ce946b26e55cff27_placo.webp]
[cdn.prod.website-files.com/62014dd97e014e5a161f0175/65d615b95c6b142a0c3099c4_logo beton 1.webp]
[cdn.prod.website-files.com/62014dd97e014e5a161f0175/65d5f5379fcb69bd5e9f6bda_isover.webp]
[cdn.prod.website-files.com/62014dd97e014e5a161f0175/65d61634449f8f286885ebe0_8c088b17-2216-4862-9413-2d1dcc15a94a-resize-950x633 1.webp]
[cdn.prod.website-files.com/62014dd97e014e5a161f0175/65d5f53765b6a0ec64e37b8c_vinloire.webp]
[cdn.prod.website-files.com/62014dd97e014e5a161f0175/65d6169c886dd24b79fa7051_Sans titre-4 1 (1).webp]
[cdn.prod.website-files.com/62014dd97e014e5a161f0175/65d5f53799c20f2e58ccaa8d_fruitiere.webp]
[cdn.prod.website-files.com/62014dd97e014e5a161f0175/65d617643b6953d6c69a2449_banane compagnie fruitiere 1.webp]
[cdn.prod.website-files.com/62014dd97e014e5a161f0175/682b41fcadde782eb73564d3_img-collegues-agence2.png]
[cdn.prod.website-files.com/62014dd97e014e5a161f0175/682b41fb2bf87a122b65b7d7_img-dancing-agence2.png]
[cdn.prod.website-files.com/62014dd97e014e5a161f0175/682b4847c4482a1954cc1a48_icon-notes.png]
[cdn.prod.website-files.com/62014dd97e014e5a161f0175/6850de86b9d80e2d0ed90fbe_header-note-unbossing.png]
[cdn.prod.website-files.com/62014dd97e014e5a161f0175/6850ded3fb6eff205acffbb4_img-note-unbossing.png]
[cdn.prod.website-files.com/62014dd97e014e5a161f0175/685046ffae485e8d5d5a48b5_header-note-pressing.png]
[cdn.prod.website-files.com/62014dd97e014e5a161f0175/6850402c4fffc7576ad5477d_img.png]
[cdn.prod.website-files.com/62014dd97e014e5a161f0175/6850dca0f44a5e14196dc331_img-note-echec.png]
[cdn.prod.website-files.com/62014dd97e014e5a161f0175/684ef6f6855793293e341998_logo-agence-2.gif]
[cdn.prod.website-files.com/62014dd97e014e5a161f0175/682b354ce3767517cae49031_agence-like-img.png]
[cdn.prod.website-files.com/62014dd97e014e5a161f0175/684efa2db7582236598a9572_logo-agence-3.gif]
[cdn.prod.website-files.com/62014dd97e014e5a161f0175/682e87f1462bb62bf5d5f208_icon-folder-agence.png]
[cdn.prod.website-files.com/62014dd97e014e5a161f0175/682b538c31d8efdac02c960d_agence-4-bazzzar-img.png]
[cdn.prod.website-files.com/62014dd97e014e5a161f0175/684efa2df2c1b17660f8c1d5_logo-agence-4.gif]
[cdn.prod.website-files.com/62014dd97e014e5a161f0175/682cea342c1f5d3b42d25971_file-icon-dessin.png]
[cdn.prod.website-files.com/62014dd97e014e5a161f0175/65ef90ee59c7f8ae870732bb_mobile-agence-png.png]
[cdn.prod.website-files.com/62014dd97e014e5a161f0175/65ef90ee59c7f8ae870732b9_mobile-agence-expertise-folder.png]
[cdn.prod.website-files.com/62014dd97e014e5a161f0175/65ef90ee59c7f8ae870732b7_mobile-agence-expertise-folder-open.png]
[lesgrosmotsfinal.webflow.io/agence.html]
[cdn.prod.website-files.com/62014dd97e014e5a161f0175/65ae9c414755f48b02600e1f_fleche-bas-droit-bigger.png]
[cdn.prod.website-files.com/62014dd97e014e5a161f0175/6800cde311f244e349c31401_MP4_fraises_pageprojet-ezgif.com-video-to-webp-converter.webp]
[cdn.prod.website-files.com/62014dd97e014e5a161f0175/65a7edb93b833c93ee9c3245_BOUTON_RÉDUIRE.jpg]
[cdn.prod.website-files.com/62014dd97e014e5a161f0175/65a7edbaa954365a907f943b_BOUTON_AGRANDIR.jpg]
[cdn.prod.website-files.com/62014dd97e014e5a161f0175/65a7edb9ebaf2c1080459c51_BOUTON_FERMER.jpg]
[cdn.prod.website-files.com/62014dd97e014e5a161f0175/65c4f6b6c1ac79f6609bd15c_fleches.webp]
[cdn.prod.website-files.com/62014dd97e014e5a161f0175/6800baa18961cd0dc39b2196_Capture d’écran 2025-03-27 à 11.37.11 2.avif]
[cdn.prod.website-files.com/62014dd97e014e5a161f0175/6800baa18961cd0dc39b2196_Capture d’écran 2025-03-27 à 11.37.11 2-p-500.avif]
[cdn.prod.website-files.com/62014dd97e014e5a161f0175/6800baa1645a3df6cb1714c2_Capture d’écran 2025-03-27 à 11.37.11 3.avif]
[cdn.prod.website-files.com/62014dd97e014e5a161f0175/6800baa1645a3df6cb1714c2_Capture d’écran 2025-03-27 à 11.37.11 3-p-500.avif]
[cdn.prod.website-files.com/62014dd97e014e5a161f0175/67f4e54ddabea5e97b96b6b2_Group 144.avif]
[cdn.prod.website-files.com/62014dd97e014e5a161f0175/67f4e54ddabea5e97b96b6b2_Group 144-p-500.avif]
[cdn.prod.website-files.com/62014dd97e014e5a161f0175/67f4e7349c8cab4031948d36_FEEDCREA-interfel2025-2.webp]
[cdn.prod.website-files.com/62014dd97e014e5a161f0175/67ff58fe8c75d6a530ff261f_PUBFILMINTERFEL-ezgif.com-video-to-webp-converter.webp]
[cdn.prod.website-files.com/62014dd97e014e5a161f0175/67f4e9c48a62989f4dd71f7a_Group 148.avif]
[cdn.prod.website-files.com/62014dd97e014e5a161f0175/67f4e9c48a62989f4dd71f7a_Group 148-p-500.avif]
[cdn.prod.website-files.com/62014dd97e014e5a161f0175/67f4e9c48a62989f4dd71f7a_Group 148-p-800.avif]
[cdn.prod.website-files.com/62014dd97e014e5a161f0175/67f4d12aff9e27e23a453b0c_pied-a-verre-monté.avif]
[cdn.prod.website-files.com/62014dd97e014e5a161f0175/67f4d1f7c7921f41380887ad_FEEDCREA-vinsta-piedaverre-webp.webp]
[cdn.prod.website-files.com/62014dd97e014e5a161f0175/67f4d1f7c7921f41380887ad_FEEDCREA-vinsta-piedaverre-webp-p-500.webp]
[cdn.prod.website-files.com/62014dd97e014e5a161f0175/67f4d12a2381540fb68f6ab1_0E9A0344-1 1.avif]
[cdn.prod.website-files.com/62014dd97e014e5a161f0175/67f4d129a61636b7b331210f_2022_09_02_FAZEEK_PRODUCT16204 1.avif]
[cdn.prod.website-files.com/62014dd97e014e5a161f0175/679a463e05fbf6bcfa741963_vino3.webp]
[cdn.prod.website-files.com/62014dd97e014e5a161f0175/679a463e05fbf6bcfa741963_vino3-p-500.webp]
[cdn.prod.website-files.com/62014dd97e014e5a161f0175/67dd32bc56c9e2d3d5441add_videoleo.webp]
[cdn.prod.website-files.com/62014dd97e014e5a161f0175/67dd32bc56c9e2d3d5441add_videoleo-p-500.webp]
[cdn.prod.website-files.com/62014dd97e014e5a161f0175/67dd32a1e489f3de97a24310_image lele feed.webp]
[cdn.prod.website-files.com/62014dd97e014e5a161f0175/67dd32a1e489f3de97a24310_image lele feed-p-500.webp]
[cdn.prod.website-files.com/62014dd97e014e5a161f0175/67dd32a1e489f3de97a24310_image lele feed-p-800.webp]
[cdn.prod.website-files.com/62014dd97e014e5a161f0175/67dd32a248cd5b1323f0c11a_phone-lelo.png]
[cdn.prod.website-files.com/62014dd97e014e5a161f0175/67dd350e09711ef5240af417_phone-lelo-cut.webp]
[cdn.prod.website-files.com/62014dd97e014e5a161f0175/67a1f24c39c1b4b714bda2f1_vinsta-doute.avif]
[cdn.prod.website-files.com/62014dd97e014e5a161f0175/67a1f247efb852d8b36bacdc_gif-vinsta-frame.gif]
[cdn.prod.website-files.com/62014dd97e014e5a161f0175/67a1f24bf906a0c5047b4159_14bbb1de26dc6f65d13d760b9be7e4fc 4.avif]
[cdn.prod.website-files.com/62014dd97e014e5a161f0175/67a1f24bf906a0c5047b4159_14bbb1de26dc6f65d13d760b9be7e4fc 4-p-500.avif]
[cdn.prod.website-files.com/62014dd97e014e5a161f0175/67a1f24ca001742c3e37ea70_14bbb1de26dc6f65d13d760b9be7e4fc 3.avif]
[cdn.prod.website-files.com/62014dd97e014e5a161f0175/67a1f24ca001742c3e37ea70_14bbb1de26dc6f65d13d760b9be7e4fc 3-p-500.avif]
[cdn.prod.website-files.com/62014dd97e014e5a161f0175/679a506a78ca34e364843480_glagla.webp]
[cdn.prod.website-files.com/62014dd97e014e5a161f0175/679a506a78ca34e364843480_glagla-p-500.webp]
[cdn.prod.website-files.com/62014dd97e014e5a161f0175/679a527fddd496a2d8c6cde9_raisins-glitter 1.avif]
[cdn.prod.website-files.com/62014dd97e014e5a161f0175/679a527fddd496a2d8c6cde9_raisins-glitter 1-p-500.avif]
[cdn.prod.website-files.com/62014dd97e014e5a161f0175/679a52807772f6a02b4885f7_raisins-glitter 2.avif]
[cdn.prod.website-files.com/62014dd97e014e5a161f0175/679a52807772f6a02b4885f7_raisins-glitter 2-p-500.avif]
[cdn.prod.website-files.com/62014dd97e014e5a161f0175/66f6bbee172ce862e61b1448_2- speedy-feed-2.webp]
[cdn.prod.website-files.com/62014dd97e014e5a161f0175/66f6bbee172ce862e61b1448_2- speedy-feed-2-p-500.webp]
[cdn.prod.website-files.com/62014dd97e014e5a161f0175/66f6bbee172ce862e61b1448_2- speedy-feed-2-p-800.webp]
[cdn.prod.website-files.com/62014dd97e014e5a161f0175/66f6bbee172ce862e61b1448_2- speedy-feed-2-p-1080.webp]
[cdn.prod.website-files.com/62014dd97e014e5a161f0175/6718b1b764cd2076c725cc20_ima-pasquier-crea.avif]
[cdn.prod.website-files.com/62014dd97e014e5a161f0175/6718b1b764cd2076c725cc20_ima-pasquier-crea-p-500.avif]
[cdn.prod.website-files.com/62014dd97e014e5a161f0175/6718b1b764cd2076c725cc20_ima-pasquier-crea-p-800.avif]
[cdn.prod.website-files.com/62014dd97e014e5a161f0175/6720b0c33749884b5568632d_PASQUIER_DOOHPE--smaller.webp]
[cdn.prod.website-files.com/62014dd97e014e5a161f0175/6720b0c33749884b5568632d_PASQUIER_DOOHPE--smaller-p-500.webp]
[cdn.prod.website-files.com/62014dd97e014e5a161f0175/6718af7f12472cf8f1f9370f_Plan de travail 2 6.avif]
[cdn.prod.website-files.com/62014dd97e014e5a161f0175/6718af7f12472cf8f1f9370f_Plan de travail 2 6-p-500.avif]
[cdn.prod.website-files.com/62014dd97e014e5a161f0175/6718af7e017623de8f23befd_Plan de travail 2 7.avif]
[cdn.prod.website-files.com/62014dd97e014e5a161f0175/6718af7e017623de8f23befd_Plan de travail 2 7-p-500.avif]
[cdn.prod.website-files.com/62014dd97e014e5a161f0175/66f6bbefcc5db9a37be919e8_1speedy-feed1.webp]
[cdn.prod.website-files.com/62014dd97e014e5a161f0175/66f6bbefcc5db9a37be919e8_1speedy-feed1-p-500.webp]
[cdn.prod.website-files.com/62014dd97e014e5a161f0175/66f6bbefcc5db9a37be919e8_1speedy-feed1-p-800.webp]
[cdn.prod.website-files.com/62014dd97e014e5a161f0175/66f6bbefcc5db9a37be919e8_1speedy-feed1-p-1080.webp]
[cdn.prod.website-files.com/62014dd97e014e5a161f0175/66f6bbf50c71b097850a1ac1_voiturette 1.avif]
[cdn.prod.website-files.com/62014dd97e014e5a161f0175/66f6bbf50c71b097850a1ac1_voiturette 1-p-500.avif]
[cdn.prod.website-files.com/62014dd97e014e5a161f0175/66f6bbf52ac1f5ec6b2b8230_voiturette 2.avif]
[cdn.prod.website-files.com/62014dd97e014e5a161f0175/66f6bbf52ac1f5ec6b2b8230_voiturette 2-p-500.avif]
[cdn.prod.website-files.com/62014dd97e014e5a161f0175/66a8b461612e05dbb454168e_sans-pesticide.webp]
[cdn.prod.website-files.com/62014dd97e014e5a161f0175/66a8b461612e05dbb454168e_sans-pesticide-p-500.webp]
[cdn.prod.website-files.com/62014dd97e014e5a161f0175/66a8b400c9323320a6778e10_cocci1.avif]
[cdn.prod.website-files.com/62014dd97e014e5a161f0175/66a8b5d696c87676f49c3f57_cocci2.avif]
[cdn.prod.website-files.com/62014dd97e014e5a161f0175/66a8b5e69bcf41a4f74c3c09_cocci3.avif]
[cdn.prod.website-files.com/62014dd97e014e5a161f0175/66d07aa0fb6f4382b0834432__WINDOW_FILM_fixe.avif]
[cdn.prod.website-files.com/62014dd97e014e5a161f0175/66d07aa0fb6f4382b0834432__WINDOW_FILM_fixe-p-500.avif]
[cdn.prod.website-files.com/62014dd97e014e5a161f0175/66d07aa0fb6f4382b0834432__WINDOW_FILM_fixe-p-800.avif]
[cdn.prod.website-files.com/62014dd97e014e5a161f0175/66d07ce99c8a21f972e86924_lait-reduce-sie.webp]
[cdn.prod.website-files.com/62014dd97e014e5a161f0175/66d07ce99c8a21f972e86924_lait-reduce-sie-p-500.webp]
[cdn.prod.website-files.com/62014dd97e014e5a161f0175/66d079ac4d923aeed5c1e7ea_CNIEL-site-collage 2.avif]
[cdn.prod.website-files.com/62014dd97e014e5a161f0175/66d079ac080d4f603bf1ff77_CNIEL-site-collage 1.avif]
[cdn.prod.website-files.com/62014dd97e014e5a161f0175/66d079ac080d4f603bf1ff77_CNIEL-site-collage 1-p-500.avif]
[cdn.prod.website-files.com/62014dd97e014e5a161f0175/6668703cfdd084a541bc1779_SAVEOL_MELIMELO-ezgif.com-video-to-webp-converter.webp]
[cdn.prod.website-files.com/62014dd97e014e5a161f0175/6668703cfdd084a541bc1779_SAVEOL_MELIMELO-ezgif.com-video-to-webp-converter-p-500.webp]
[cdn.prod.website-files.com/62014dd97e014e5a161f0175/6666fd2925e5d15cf4e44ecb_coeur de pigeon_métro-.webp]
[cdn.prod.website-files.com/62014dd97e014e5a161f0175/6666fd2925e5d15cf4e44ecb_coeur de pigeon_métro--p-500.webp]
[cdn.prod.website-files.com/62014dd97e014e5a161f0175/6666fd2925e5d15cf4e44ecb_coeur de pigeon_métro--p-800.webp]
[cdn.prod.website-files.com/62014dd97e014e5a161f0175/6666ff10a7e03e52da877b7c_Plan de travail 7-2.png]
[cdn.prod.website-files.com/62014dd97e014e5a161f0175/6666ff5425e5d15cf4e685dc_Plan de travail 7-2 (1).png]
[cdn.prod.website-files.com/62014dd97e014e5a161f0175/661d3b2eceb2c2578c286054_AFFICHE 2-mixte.webp]
[cdn.prod.website-files.com/62014dd97e014e5a161f0175/661d3b2eceb2c2578c286054_AFFICHE 2-mixte-p-500.webp]
[cdn.prod.website-files.com/62014dd97e014e5a161f0175/663109cb3a55ffbee887e896_INTERFEL_JAMAIS TROP MIXTE.webp]
[cdn.prod.website-files.com/62014dd97e014e5a161f0175/663109cb3a55ffbee887e896_INTERFEL_JAMAIS TROP MIXTE-p-500.webp]
[cdn.prod.website-files.com/62014dd97e014e5a161f0175/663109cb3a55ffbee887e896_INTERFEL_JAMAIS TROP MIXTE-p-800.webp]
[cdn.prod.website-files.com/62014dd97e014e5a161f0175/661d3c6a2c87643b5292e142_collage-jt-mixte-03 2.webp]
[cdn.prod.website-files.com/62014dd97e014e5a161f0175/661d3c6a2c87643b5292e142_collage-jt-mixte-03 2-p-500.webp]
[cdn.prod.website-files.com/62014dd97e014e5a161f0175/661d3c6a2c87643b5292e142_collage-jt-mixte-03 2-p-800.webp]
[cdn.prod.website-files.com/62014dd97e014e5a161f0175/661d3d986a5a7175af653ad9_collage-jt-mixte-03 3.webp]
[cdn.prod.website-files.com/62014dd97e014e5a161f0175/661d3d986a5a7175af653ad9_collage-jt-mixte-03 3-p-500.webp]
[cdn.prod.website-files.com/62014dd97e014e5a161f0175/660fdd29e5055fd30a22708f_affiche-iterfel-haute.webp]
[cdn.prod.website-files.com/62014dd97e014e5a161f0175/660fdd29e5055fd30a22708f_affiche-iterfel-haute-p-500.webp]
[cdn.prod.website-files.com/62014dd97e014e5a161f0175/660fdd29e5055fd30a22708f_affiche-iterfel-haute-p-800.webp]
[cdn.prod.website-files.com/62014dd97e014e5a161f0175/660fdd2abd77a271c070cd4c_BALLON_KIWI 1.webp]
[cdn.prod.website-files.com/62014dd97e014e5a161f0175/660fdd2abd77a271c070cd4c_BALLON_KIWI 1-p-500.webp]
[cdn.prod.website-files.com/62014dd97e014e5a161f0175/660fdd2abd77a271c070cd4c_BALLON_KIWI 1-p-800.webp]
[cdn.prod.website-files.com/62014dd97e014e5a161f0175/660fdd2abd77a271c070cd4c_BALLON_KIWI 1-p-1080.webp]
[cdn.prod.website-files.com/62014dd97e014e5a161f0175/660fdd2926d83abd5f91a83a_affiche-interfel1.webp]
[cdn.prod.website-files.com/62014dd97e014e5a161f0175/660fdd2926d83abd5f91a83a_affiche-interfel1-p-500.webp]
[cdn.prod.website-files.com/62014dd97e014e5a161f0175/660fdd2926d83abd5f91a83a_affiche-interfel1-p-800.webp]
[cdn.prod.website-files.com/62014dd97e014e5a161f0175/660fdd2a0ed4792fef66c3e7_cerises.webp]
[cdn.prod.website-files.com/62014dd97e014e5a161f0175/660fdd2a0ed4792fef66c3e7_cerises-p-500.webp]
[cdn.prod.website-files.com/62014dd97e014e5a161f0175/660fdd29ee5c408ad22deb96_2 cerise 2.webp]
[cdn.prod.website-files.com/62014dd97e014e5a161f0175/660fdd29ee5c408ad22deb96_2 cerise 2-p-500.webp]
[cdn.prod.website-files.com/62014dd97e014e5a161f0175/660ea9f3202fc08052903cee_DOOH_PF_FENETRE_MERLAN-ezgif.com-video-to-webp-converter (1).webp]
[cdn.prod.website-files.com/62014dd97e014e5a161f0175/660ea7f4a350a71b57993604_DOOH_PF_FENETRE_BULOT-ezgif.com-video-to-webp-converter (1).webp]
[cdn.prod.website-files.com/62014dd97e014e5a161f0175/660eaf4a46b84638cdd6fd0c_poisson coeur 2.webp]
[cdn.prod.website-files.com/62014dd97e014e5a161f0175/660eaf825b6b113c559b0f68_poisson coeur 1.webp]
[cdn.prod.website-files.com/62014dd97e014e5a161f0175/6777c25c79a6ef46c7172f8f_juldela-fram.avif]
[cdn.prod.website-files.com/62014dd97e014e5a161f0175/6777c057dac6676e8a540b7a_Group 116.avif]
[cdn.prod.website-files.com/62014dd97e014e5a161f0175/6777c057dac6676e8a540b7a_Group 116-p-500.avif]
[cdn.prod.website-files.com/62014dd97e014e5a161f0175/6777c43ce4710dba91f21161_MOCKUP LETTRES 2.avif]
[cdn.prod.website-files.com/62014dd97e014e5a161f0175/6777c43ce4710dba91f21161_MOCKUP LETTRES 2-p-500.avif]
[cdn.prod.website-files.com/62014dd97e014e5a161f0175/6777c43ce4710dba91f21161_MOCKUP LETTRES 2-p-800.avif]
[cdn.prod.website-files.com/62014dd97e014e5a161f0175/6777c43152678d1c4dfc1e9a_image 10.avif]
[cdn.prod.website-files.com/62014dd97e014e5a161f0175/6777c43152678d1c4dfc1e9a_image 10-p-500.avif]
[cdn.prod.website-files.com/62014dd97e014e5a161f0175/6777c4276b269ec1c1da30de_MOCKUP LETTRES 3.png]
[cdn.prod.website-files.com/62014dd97e014e5a161f0175/6777c4276b269ec1c1da30de_MOCKUP LETTRES 3-p-500.png]
[cdn.prod.website-files.com/62014dd97e014e5a161f0175/6777c4276b269ec1c1da30de_MOCKUP LETTRES 3-p-800.png]
[cdn.prod.website-files.com/62014dd97e014e5a161f0175/66165efe36ab6ee007bd0bdb_PF_A MOINDRES FRAIS.webp]
[cdn.prod.website-files.com/62014dd97e014e5a161f0175/66165efe36ab6ee007bd0bdb_PF_A MOINDRES FRAIS-p-500.webp]
[cdn.prod.website-files.com/62014dd97e014e5a161f0175/66165efe36ab6ee007bd0bdb_PF_A MOINDRES FRAIS-p-800.webp]
[cdn.prod.website-files.com/62014dd97e014e5a161f0175/66165efe36ab6ee007bd0bdb_PF_A MOINDRES FRAIS-p-1080.webp]
[cdn.prod.website-files.com/62014dd97e014e5a161f0175/65bd17ac560ed9e447670e74_PF_LE POISSON FRAIS-transcode.mp4]
[cdn.prod.website-files.com/62014dd97e014e5a161f0175/65bd17ac560ed9e447670e74_PF_LE POISSON FRAIS-transcode.webm]
[cdn.prod.website-files.com/62014dd97e014e5a161f0175/65b2564f3211145cb755977d_PF_A MOINDRE FRAIS_collage 1.webp]
[cdn.prod.website-files.com/62014dd97e014e5a161f0175/65b25c89a70bd488c056139c_PF_A MOINDRE FRAIS_collage 2.webp]
[cdn.prod.website-files.com/62014dd97e014e5a161f0175/65b25c780db64bd761384d51_PF_A MOINDRE FRAIS_collage 3.webp]
[cdn.prod.website-files.com/62014dd97e014e5a161f0175/65d7299c9d30b278a6d96aa4_BOEUF_RADIO-ezgif.com-video-to-webp-converter.webp]
[cdn.prod.website-files.com/62014dd97e014e5a161f0175/65d7299c9d30b278a6d96aa4_BOEUF_RADIO-ezgif.com-video-to-webp-converter-p-500.webp]
[cdn.prod.website-files.com/62014dd97e014e5a161f0175/65b3b4af3e1abc5cb3af7bfc_BEEF3 1.webp]
[cdn.prod.website-files.com/62014dd97e014e5a161f0175/65b3b4af3e1abc5cb3af7bfc_BEEF3 1-p-500.webp]
[cdn.prod.website-files.com/62014dd97e014e5a161f0175/65b3b4af3e1abc5cb3af7bfc_BEEF3 1-p-800.webp]
[cdn.prod.website-files.com/62014dd97e014e5a161f0175/65b3b4ae88160fd6df2f5795_BEEF2 1.webp]
[cdn.prod.website-files.com/62014dd97e014e5a161f0175/65b3b4ae88160fd6df2f5795_BEEF2 1-p-500.webp]
[cdn.prod.website-files.com/62014dd97e014e5a161f0175/65b3b4ae88160fd6df2f5795_BEEF2 1-p-800.webp]
[cdn.prod.website-files.com/62014dd97e014e5a161f0175/65b3b4aef4acccacbfa6dc84_BEEF 4.webp]
[cdn.prod.website-files.com/62014dd97e014e5a161f0175/65b3b4aef4acccacbfa6dc84_BEEF 4-p-500.webp]
[cdn.prod.website-files.com/62014dd97e014e5a161f0175/65b3b4aef4acccacbfa6dc84_BEEF 4-p-800.webp]
[cdn.prod.website-files.com/62014dd97e014e5a161f0175/65b3b6c57c8d7e2b1064dfec_BEEF_collage 3.webp]
[cdn.prod.website-files.com/62014dd97e014e5a161f0175/65b3b6c6c05215d4d84f7701_BEEF_collage 1.webp]
[cdn.prod.website-files.com/62014dd97e014e5a161f0175/65e03e55974e419e6b8360b4_trop-fev.webp]
[cdn.prod.website-files.com/62014dd97e014e5a161f0175/65e03e55974e419e6b8360b4_trop-fev-p-500.webp]
[cdn.prod.website-files.com/62014dd97e014e5a161f0175/65e03e55974e419e6b8360b4_trop-fev-p-800.webp]
[cdn.prod.website-files.com/62014dd97e014e5a161f0175/65b3cead52cb8853a02b0b39_drapeau-arc-en-ciel-30-x-45-cm-239966 1.png]
[cdn.prod.website-files.com/62014dd97e014e5a161f0175/65b3cead52cb8853a02b0b39_drapeau-arc-en-ciel-30-x-45-cm-239966 1-p-500.png]
[cdn.prod.website-files.com/62014dd97e014e5a161f0175/65b3ba849a4e6db4a01c8e38_INTERFEL_JAMAIS TROP FIERE 1.webp]
[cdn.prod.website-files.com/62014dd97e014e5a161f0175/65b3ba849a4e6db4a01c8e38_INTERFEL_JAMAIS TROP FIERE 1-p-500.webp]
[cdn.prod.website-files.com/62014dd97e014e5a161f0175/65b3ba849a4e6db4a01c8e38_INTERFEL_JAMAIS TROP FIERE 1-p-800.webp]
[cdn.prod.website-files.com/62014dd97e014e5a161f0175/65b3ba83f2e45f684a9ad569_shopping 2.webp]
[cdn.prod.website-files.com/62014dd97e014e5a161f0175/65b3ba83f2e45f684a9ad569_shopping 2-p-500.webp]
[cdn.prod.website-files.com/62014dd97e014e5a161f0175/65b3bf919773bfc4f7e89450_drapeau-de-la-bretagne-sur-hampe 2.png]
[cdn.prod.website-files.com/62014dd97e014e5a161f0175/65b3bf919773bfc4f7e89450_drapeau-de-la-bretagne-sur-hampe 2-p-500.png]
[cdn.prod.website-files.com/62014dd97e014e5a161f0175/65b3c4eee423e10d68bc02e0_-f9cb-4bb5-8495-c336b1add405-poster-00001.jpg]
[cdn.prod.website-files.com/62014dd97e014e5a161f0175/65b3c4eee423e10d68bc02e0_-f9cb-4bb5-8495-c336b1add405-transcode.mp4]
[cdn.prod.website-files.com/62014dd97e014e5a161f0175/65b3c4eee423e10d68bc02e0_-f9cb-4bb5-8495-c336b1add405-transcode.webm]
[cdn.prod.website-files.com/62014dd97e014e5a161f0175/65b3bf91f6982878425015f1_drapeau-de-la-bretagne-sur-hampe 4.png]
[cdn.prod.website-files.com/62014dd97e014e5a161f0175/65b3c490bfb500445a7d50cd_-2ae5-452a-a065-c1041b52c651-poster-00001.jpg]
[cdn.prod.website-files.com/62014dd97e014e5a161f0175/65b3c490bfb500445a7d50cd_-2ae5-452a-a065-c1041b52c651-transcode.mp4]
[cdn.prod.website-files.com/62014dd97e014e5a161f0175/65b3c490bfb500445a7d50cd_-2ae5-452a-a065-c1041b52c651-transcode.webm]
[cdn.prod.website-files.com/62014dd97e014e5a161f0175/65b3c3e733707c9f6a0b16a3_-37e2-4857-8de0-6239410ba8f9-poster-00001.jpg]
[cdn.prod.website-files.com/62014dd97e014e5a161f0175/65b3c3e733707c9f6a0b16a3_-37e2-4857-8de0-6239410ba8f9-transcode.mp4]
[cdn.prod.website-files.com/62014dd97e014e5a161f0175/65b3c3e733707c9f6a0b16a3_-37e2-4857-8de0-6239410ba8f9-transcode.webm]
[cdn.prod.website-files.com/62014dd97e014e5a161f0175/65c23461f9cfe505c38d52bb__Window_IMG_SAVEOL 3.webp]
[cdn.prod.website-files.com/62014dd97e014e5a161f0175/65c23461f9cfe505c38d52bb__Window_IMG_SAVEOL 3-p-500.webp]
[cdn.prod.website-files.com/62014dd97e014e5a161f0175/65b3d7ce8860f2582279fa6a_-48b8-401a-b1ec-eefd945fea56 (1)-transcode.mp4]
[cdn.prod.website-files.com/62014dd97e014e5a161f0175/65b3d7ce8860f2582279fa6a_-48b8-401a-b1ec-eefd945fea56 (1)-transcode.webm]
[cdn.prod.website-files.com/62014dd97e014e5a161f0175/65b3dad701cc221ce711915e_-d87f-4f23-ad0a-6c2daa3585fa (1)-transcode.mp4]
[cdn.prod.website-files.com/62014dd97e014e5a161f0175/65b3dad701cc221ce711915e_-d87f-4f23-ad0a-6c2daa3585fa (1)-transcode.webm]
[cdn.prod.website-files.com/62014dd97e014e5a161f0175/65b3de4116ca4f5c563221c0_Capture d’écran 2024-01-10 à 11.24 2.png]
[cdn.prod.website-files.com/62014dd97e014e5a161f0175/65b3de4116ca4f5c563221c0_Capture d’écran 2024-01-10 à 11.24 2-p-500.png]
[cdn.prod.website-files.com/62014dd97e014e5a161f0175/65b3de414d31365033657403_Capture d’écran 2024-01-10 à 11.24 1.png]
[cdn.prod.website-files.com/62014dd97e014e5a161f0175/65b3de414d31365033657403_Capture d’écran 2024-01-10 à 11.24 1-p-500.png]
[cdn.prod.website-files.com/62014dd97e014e5a161f0175/65bbb20cc67879aa0da7c927_WINDOW_JEUNE.webp]
[cdn.prod.website-files.com/62014dd97e014e5a161f0175/65bbb20cc67879aa0da7c927_WINDOW_JEUNE-p-500.webp]
[cdn.prod.website-files.com/62014dd97e014e5a161f0175/65bbb23cf0aec314097c19db_jeune-2.webp]
[cdn.prod.website-files.com/62014dd97e014e5a161f0175/65bbb23cf0aec314097c19db_jeune-2-p-500.webp]
[cdn.prod.website-files.com/62014dd97e014e5a161f0175/65bbb23cf0aec314097c19db_jeune-2-p-800.webp]
[cdn.prod.website-files.com/62014dd97e014e5a161f0175/65bbb23cf0aec314097c19db_jeune-2-p-1080.webp]
[cdn.prod.website-files.com/62014dd97e014e5a161f0175/67484fda202252c9598d3468_rose--cale.webp]
[cdn.prod.website-files.com/62014dd97e014e5a161f0175/67484fda202252c9598d3468_rose--cale-p-500.webp]
[cdn.prod.website-files.com/62014dd97e014e5a161f0175/6737671397babc25ea4c21cd_jaune-new.webp]
[cdn.prod.website-files.com/62014dd97e014e5a161f0175/6737671397babc25ea4c21cd_jaune-new-p-500.webp]
[cdn.prod.website-files.com/62014dd97e014e5a161f0175/65bbb2492b540f96f91dcfab_9844402786586e172aaeb02183a5089e 2.webp]
[cdn.prod.website-files.com/62014dd97e014e5a161f0175/65bbb2492b540f96f91dcfab_9844402786586e172aaeb02183a5089e 2-p-500.webp]
[cdn.prod.website-files.com/62014dd97e014e5a161f0175/65c39c2a680e7acb1ed3f429_Sans titre-1 9.webp]
[cdn.prod.website-files.com/62014dd97e014e5a161f0175/65c39c2a680e7acb1ed3f429_Sans titre-1 9-p-500.webp]
[cdn.prod.website-files.com/62014dd97e014e5a161f0175/65c39c2a680e7acb1ed3f429_Sans titre-1 9-p-800.webp]
[cdn.prod.website-files.com/62014dd97e014e5a161f0175/65c39c2a680e7acb1ed3f429_Sans titre-1 9-p-1080.webp]
[cdn.prod.website-files.com/62014dd97e014e5a161f0175/65bbba351cecc923e97db21d_PF_UNUSUALSUSPECT_02-poster-00001.jpg]
[cdn.prod.website-files.com/62014dd97e014e5a161f0175/65bbba351cecc923e97db21d_PF_UNUSUALSUSPECT_02-transcode.mp4]
[cdn.prod.website-files.com/62014dd97e014e5a161f0175/65bbba351cecc923e97db21d_PF_UNUSUALSUSPECT_02-transcode.webm]
[cdn.prod.website-files.com/62014dd97e014e5a161f0175/65bbb5ae9d64ac446692abd5_PF_UNUSUALSUSPECT_01-poster-00001.jpg]
[cdn.prod.website-files.com/62014dd97e014e5a161f0175/65bbb5ae9d64ac446692abd5_PF_UNUSUALSUSPECT_01-transcode.mp4]
[cdn.prod.website-files.com/62014dd97e014e5a161f0175/65bbb5ae9d64ac446692abd5_PF_UNUSUALSUSPECT_01-transcode.webm]
[cdn.prod.website-files.com/62014dd97e014e5a161f0175/65bbb8ee6ab8f155d493fc90_PF_UNUSUAL SUSPECT_collage 1.webp]
[cdn.prod.website-files.com/62014dd97e014e5a161f0175/65c5039f8584b40460903584_1111.webp]
[cdn.prod.website-files.com/62014dd97e014e5a161f0175/65c5039f8584b40460903584_1111-p-500.webp]
[cdn.prod.website-files.com/62014dd97e014e5a161f0175/65c503c66968675c84219b41_2222.webp]
[cdn.prod.website-files.com/62014dd97e014e5a161f0175/65c50438719249519a36dd06_333.webp]
[cdn.prod.website-files.com/62014dd97e014e5a161f0175/65c50486fdd9a6ae0f8188af_4444.webp]
[cdn.prod.website-files.com/62014dd97e014e5a161f0175/65bbbe07bb3669d5dbde9f5e_WINDOW_photo_giraudy 2.webp]
[cdn.prod.website-files.com/62014dd97e014e5a161f0175/65bbbe07bb3669d5dbde9f5e_WINDOW_photo_giraudy 2-p-500.webp]
[cdn.prod.website-files.com/62014dd97e014e5a161f0175/65bbbf7903b8d287a41a2154_tuyau vert 1.webp]
[cdn.prod.website-files.com/62014dd97e014e5a161f0175/65bbbe076d16c39b3d145bea_WINDOW_photo_giraudy 1.webp]
[cdn.prod.website-files.com/62014dd97e014e5a161f0175/65bbbe076d16c39b3d145bea_WINDOW_photo_giraudy 1-p-500.webp]
[cdn.prod.website-files.com/62014dd97e014e5a161f0175/65bbbf79dd2f8fe1a65ff76d_vache-qui-rit 2.webp]
[cdn.prod.website-files.com/62014dd97e014e5a161f0175/65bbbf79dd2f8fe1a65ff76d_vache-qui-rit 2-p-500.webp]
[cdn.prod.website-files.com/62014dd97e014e5a161f0175/65bbbf79168b09758f4adbb9_vache-qui-rit 1.webp]
[cdn.prod.website-files.com/62014dd97e014e5a161f0175/65bbbf79168b09758f4adbb9_vache-qui-rit 1-p-500.webp]
[cdn.prod.website-files.com/62014dd97e014e5a161f0175/65c50531f5c8b486f1dfcb38_GIRAUDY_MYRIAM-ezgif.com-resize.gif]
[cdn.prod.website-files.com/62014dd97e014e5a161f0175/65bbc6ec934080bb13b891bc_BEEF 4 (1).webp]
[cdn.prod.website-files.com/62014dd97e014e5a161f0175/65bbc6ec934080bb13b891bc_BEEF 4 (1)-p-500.webp]
[cdn.prod.website-files.com/62014dd97e014e5a161f0175/65bbc6ec934080bb13b891bc_BEEF 4 (1)-p-800.webp]
[cdn.prod.website-files.com/62014dd97e014e5a161f0175/65bbc7ec88bd5b81272893b1_GIRAUDY_MYRIAM-ezgif.com-gif-to-webp-converter (1).webp]
[cdn.prod.website-files.com/62014dd97e014e5a161f0175/65bbcfeb0668b50160f75a85_monde2-2.webp]
[cdn.prod.website-files.com/62014dd97e014e5a161f0175/65bbcfeb0668b50160f75a85_monde2-2-p-500.webp]
[cdn.prod.website-files.com/62014dd97e014e5a161f0175/65bbcfeb0668b50160f75a85_monde2-2-p-800.webp]
[cdn.prod.website-files.com/62014dd97e014e5a161f0175/65bbcfeb0668b50160f75a85_monde2-2-p-1080.webp]
[cdn.prod.website-files.com/62014dd97e014e5a161f0175/65bbd0a9a6c77e62cf006c9c_monde1.webp]
[cdn.prod.website-files.com/62014dd97e014e5a161f0175/65bbd0a9a6c77e62cf006c9c_monde1-p-500.webp]
[cdn.prod.website-files.com/62014dd97e014e5a161f0175/65bbd0a9a6c77e62cf006c9c_monde1-p-800.webp]
[cdn.prod.website-files.com/62014dd97e014e5a161f0175/65bbd0a9a6c77e62cf006c9c_monde1-p-1080.webp]
[cdn.prod.website-files.com/62014dd97e014e5a161f0175/65e5f1052e605ac23e75baae_REVEIL_LAMATINALE_03-ezgif.com-gif-to-webp-converter.webp]
[cdn.prod.website-files.com/62014dd97e014e5a161f0175/65e5f0d3a7670666fda2dda7_REVEIL_LAMATINALE_01-ezgif.com-gif-to-webp-converter.webp]
[cdn.prod.website-files.com/62014dd97e014e5a161f0175/65e5f0ecfdf8e54f5940c1a4_REVEIL_LAMATINALE_02-ezgif.com-gif-to-webp-converter.webp]
[cdn.prod.website-files.com/62014dd97e014e5a161f0175/65bbd498349b70ea8817c224_INTERFEL_JAMAIS TROP-transcode.mp4]
[cdn.prod.website-files.com/62014dd97e014e5a161f0175/65bbd498349b70ea8817c224_INTERFEL_JAMAIS TROP-transcode.webm]
[cdn.prod.website-files.com/62014dd97e014e5a161f0175/65bbd5fc87909de17e10672e_INTERFEL_JAMAIS TROP FIERE 3.webp]
[cdn.prod.website-files.com/62014dd97e014e5a161f0175/65bbd5fc87909de17e10672e_INTERFEL_JAMAIS TROP FIERE 3-p-500.webp]
[cdn.prod.website-files.com/62014dd97e014e5a161f0175/65bbd5fc87909de17e10672e_INTERFEL_JAMAIS TROP FIERE 3-p-800.webp]
[cdn.prod.website-files.com/62014dd97e014e5a161f0175/65bbd52290b738b03dd17685_avodaco 1.png]
[cdn.prod.website-files.com/62014dd97e014e5a161f0175/65bbd52363c0078bc522b6d4_PASTEQUE 1 2.png]
[cdn.prod.website-files.com/62014dd97e014e5a161f0175/65bcc3a3a385c12606c021c6_futur-img.webp]
[cdn.prod.website-files.com/62014dd97e014e5a161f0175/65bcc3a3a385c12606c021c6_futur-img-p-500.webp]
[cdn.prod.website-files.com/62014dd97e014e5a161f0175/65bcc3a3a385c12606c021c6_futur-img-p-800.webp]
[cdn.prod.website-files.com/62014dd97e014e5a161f0175/65bcc3a3a385c12606c021c6_futur-img-p-1080.webp]
[cdn.prod.website-files.com/62014dd97e014e5a161f0175/65bcc1458907f7513c6e4359_SPEEDY_LEFUTUR_03-poster-00001.jpg]
[cdn.prod.website-files.com/62014dd97e014e5a161f0175/65bcc1458907f7513c6e4359_SPEEDY_LEFUTUR_03-transcode.mp4]
[cdn.prod.website-files.com/62014dd97e014e5a161f0175/65bcc1458907f7513c6e4359_SPEEDY_LEFUTUR_03-transcode.webm]
[cdn.prod.website-files.com/62014dd97e014e5a161f0175/65bcbf35ca5e0dcc43c39496_SPEEDY_LEFUTUR_02-poster-00001.jpg]
[cdn.prod.website-files.com/62014dd97e014e5a161f0175/65bcbf35ca5e0dcc43c39496_SPEEDY_LEFUTUR_02-transcode.mp4]
[cdn.prod.website-files.com/62014dd97e014e5a161f0175/65bcbf35ca5e0dcc43c39496_SPEEDY_LEFUTUR_02-transcode.webm]
[cdn.prod.website-files.com/62014dd97e014e5a161f0175/65bcc8ad6748ae624cc9f038_billet-1.webp]
[cdn.prod.website-files.com/62014dd97e014e5a161f0175/65bcc8ac4c770d063d5bc0b1_billet-2.webp]
[cdn.prod.website-files.com/62014dd97e014e5a161f0175/65bcc8adee3ab046fa5cb55a_billet-3.webp]
[cdn.prod.website-files.com/62014dd97e014e5a161f0175/65bcc8ae9097eab6114faace_billet-4.webp]
[cdn.prod.website-files.com/62014dd97e014e5a161f0175/65bcc8abb9ffa3e91035df4e_billet-5.webp]
[cdn.prod.website-files.com/62014dd97e014e5a161f0175/65bcc8adefb223c77fd25b6c_billet-6.webp]
[cdn.prod.website-files.com/62014dd97e014e5a161f0175/65bccdff48baf02527ab5faa_soucoupe.webp]
[cdn.prod.website-files.com/62014dd97e014e5a161f0175/65bccdff48baf02527ab5faa_soucoupe-p-500.webp]
[cdn.prod.website-files.com/62014dd97e014e5a161f0175/65bccdff48baf02527ab5faa_soucoupe-p-800.webp]
[cdn.prod.website-files.com/62014dd97e014e5a161f0175/65bccdff48baf02527ab5faa_soucoupe-p-1080.webp]
[cdn.prod.website-files.com/62014dd97e014e5a161f0175/65bce967b2e25b71723efa1a_WINDOW_PHOTO_PITCH 1.webp]
[cdn.prod.website-files.com/62014dd97e014e5a161f0175/65bce967b2e25b71723efa1a_WINDOW_PHOTO_PITCH 1-p-500.webp]
[cdn.prod.website-files.com/62014dd97e014e5a161f0175/65bce967b2e25b71723efa1a_WINDOW_PHOTO_PITCH 1-p-800.webp]
[cdn.prod.website-files.com/62014dd97e014e5a161f0175/65e055e1e8779b8f6cd698c9_PITCH_V2-ezgif.com-video-to-webp-converter.webp]
[cdn.prod.website-files.com/62014dd97e014e5a161f0175/65e055e1e8779b8f6cd698c9_PITCH_V2-ezgif.com-video-to-webp-converter-p-500.webp]
[cdn.prod.website-files.com/62014dd97e014e5a161f0175/65e055ba82e01b3409673536_PITCH-v1-ezgif.com-video-to-webp-converter.webp]
[cdn.prod.website-files.com/62014dd97e014e5a161f0175/65e055ba82e01b3409673536_PITCH-v1-ezgif.com-video-to-webp-converter-p-500.webp]
[cdn.prod.website-files.com/62014dd97e014e5a161f0175/65bce965ed0bfba8a0d49322_ballons 1.webp]
[cdn.prod.website-files.com/62014dd97e014e5a161f0175/65bce9649097eab6116551de_ballons 4.webp]
[cdn.prod.website-files.com/62014dd97e014e5a161f0175/65bce964a69ba4fc632329a9_ballon orange 1.webp]
[cdn.prod.website-files.com/62014dd97e014e5a161f0175/65bcf9f70971912e8ee59199_saga1.webp]
[cdn.prod.website-files.com/62014dd97e014e5a161f0175/65bcf9f70971912e8ee59199_saga1-p-500.webp]
[cdn.prod.website-files.com/62014dd97e014e5a161f0175/65bcf9f70971912e8ee59199_saga1-p-800.webp]
[cdn.prod.website-files.com/62014dd97e014e5a161f0175/65bcf9f99ab19e1342e70dd2_2-saga.webp]
[cdn.prod.website-files.com/62014dd97e014e5a161f0175/65bcf9f99ab19e1342e70dd2_2-saga-p-500.webp]
[cdn.prod.website-files.com/62014dd97e014e5a161f0175/65bcf9f99ab19e1342e70dd2_2-saga-p-800.webp]
[cdn.prod.website-files.com/62014dd97e014e5a161f0175/65e05753c5aa32770666e870_PdF_SAGA-ezgif.com-video-to-webp-converter.webp]
[cdn.prod.website-files.com/62014dd97e014e5a161f0175/65e05753c5aa32770666e870_PdF_SAGA-ezgif.com-video-to-webp-converter-p-500.webp]
[cdn.prod.website-files.com/62014dd97e014e5a161f0175/65bcf9f9c77797013a2dc233_GettyImages-121674436 3.webp]
[cdn.prod.website-files.com/62014dd97e014e5a161f0175/65bcf9f9c77797013a2dc233_GettyImages-121674436 3-p-500.webp]
[cdn.prod.website-files.com/62014dd97e014e5a161f0175/65bcf9f9b4c40e35559afbf7_GettyImages-121674436 1.webp]
[cdn.prod.website-files.com/62014dd97e014e5a161f0175/65bcf9f9b4c40e35559afbf7_GettyImages-121674436 1-p-500.webp]
[cdn.prod.website-files.com/62014dd97e014e5a161f0175/65bcf9f92dc69c6e56f1940c_GettyImages-121674436 2.webp]
[cdn.prod.website-files.com/62014dd97e014e5a161f0175/65bcf9f92dc69c6e56f1940c_GettyImages-121674436 2-p-500.webp]
[cdn.prod.website-files.com/62014dd97e014e5a161f0175/65bd040493ce377c2a8eb899_liberte-move.webp]
[cdn.prod.website-files.com/62014dd97e014e5a161f0175/65bd040493ce377c2a8eb899_liberte-move-p-500.webp]
[cdn.prod.website-files.com/62014dd97e014e5a161f0175/65bd040493ce377c2a8eb899_liberte-move-p-800.webp]
[cdn.prod.website-files.com/62014dd97e014e5a161f0175/65bd040493ce377c2a8eb899_liberte-move-p-1080.webp]
[cdn.prod.website-files.com/62014dd97e014e5a161f0175/65ef12bc5f7039ae48136efe_PDF_LIBERTE_01-ezgif.com-video-to-webp-converter.webp]
[cdn.prod.website-files.com/62014dd97e014e5a161f0175/65ef12bc5f7039ae48136efe_PDF_LIBERTE_01-ezgif.com-video-to-webp-converter-p-500.webp]
[cdn.prod.website-files.com/62014dd97e014e5a161f0175/65ef14a1ef648acc7e5a13a3_tinywow_PDF_LIBERTE_02_50189479.webp]
[cdn.prod.website-files.com/62014dd97e014e5a161f0175/65ef14a1ef648acc7e5a13a3_tinywow_PDF_LIBERTE_02_50189479-p-500.webp]
[cdn.prod.website-files.com/62014dd97e014e5a161f0175/65bd08fa618e411b92bb4b5a_GettyImages-1128534674 3.webp]
[cdn.prod.website-files.com/62014dd97e014e5a161f0175/65bd08fa618e411b92bb4b5a_GettyImages-1128534674 3-p-500.webp]
[cdn.prod.website-files.com/62014dd97e014e5a161f0175/65bd08fafed5c7ce73bcce55_Group 98.webp]
[cdn.prod.website-files.com/62014dd97e014e5a161f0175/65bd08fafed5c7ce73bcce55_Group 98-p-500.webp]
[cdn.prod.website-files.com/62014dd97e014e5a161f0175/65bd08faef405b93b40998e1_GettyImages-1128534674 2.webp]
[cdn.prod.website-files.com/62014dd97e014e5a161f0175/65bd08faef405b93b40998e1_GettyImages-1128534674 2-p-500.webp]
[cdn.prod.website-files.com/62014dd97e014e5a161f0175/65bd0de1e5633760b261f1e9_Group 110.webp]
[cdn.prod.website-files.com/62014dd97e014e5a161f0175/65bd0de1e5633760b261f1e9_Group 110-p-500.webp]
[cdn.prod.website-files.com/62014dd97e014e5a161f0175/65bd0de1e5633760b261f1e9_Group 110-p-800.webp]
[cdn.prod.website-files.com/62014dd97e014e5a161f0175/65bd0de1e5633760b261f1e9_Group 110-p-1080.webp]
[cdn.prod.website-files.com/62014dd97e014e5a161f0175/65ef1577293a1aaf850b4f6c_PDF_ETERNEL_01-ezgif.com-video-to-webp-converter.webp]
[cdn.prod.website-files.com/62014dd97e014e5a161f0175/65ef1577293a1aaf850b4f6c_PDF_ETERNEL_01-ezgif.com-video-to-webp-converter-p-500.webp]
[cdn.prod.website-files.com/62014dd97e014e5a161f0175/65ef15c98fc41ee4b8f04c3e_PDF_ETERNEL_02-ezgif.com-video-to-webp-converter.webp]
[cdn.prod.website-files.com/62014dd97e014e5a161f0175/65ef15c98fc41ee4b8f04c3e_PDF_ETERNEL_02-ezgif.com-video-to-webp-converter-p-500.webp]
[cdn.prod.website-files.com/62014dd97e014e5a161f0175/65bd0f917f7c617c49c43c35_gettyimages-482496298-2048x2048 2.webp]
[cdn.prod.website-files.com/62014dd97e014e5a161f0175/65bd0f917f7c617c49c43c35_gettyimages-482496298-2048x2048 2-p-500.webp]
[cdn.prod.website-files.com/62014dd97e014e5a161f0175/65bd0f90a45b5c330afaf253_gettyimages-482496298-2048x2048 3.webp]
[cdn.prod.website-files.com/62014dd97e014e5a161f0175/65bd0f90a45b5c330afaf253_gettyimages-482496298-2048x2048 3-p-500.webp]
[cdn.prod.website-files.com/62014dd97e014e5a161f0175/65c239836fcc24ce2eaaa713_under-pago.webp]
[cdn.prod.website-files.com/62014dd97e014e5a161f0175/65c239836fcc24ce2eaaa713_under-pago-p-500.webp]
[cdn.prod.website-files.com/62014dd97e014e5a161f0175/65c239836fcc24ce2eaaa713_under-pago-p-800.webp]
[cdn.prod.website-files.com/62014dd97e014e5a161f0175/65ef19345363a7508de36052_PAGO-LIVRESSEDUFRUIT-ezgif.com-video-to-gif-converter.gif]
[cdn.prod.website-files.com/62014dd97e014e5a161f0175/65c23be368fbdc2bd956acc9_pago2.webp]
[cdn.prod.website-files.com/62014dd97e014e5a161f0175/65c23be368fbdc2bd956acc9_pago2-p-500.webp]
[cdn.prod.website-files.com/62014dd97e014e5a161f0175/65c23be368fbdc2bd956acc9_pago2-p-800.webp]
[cdn.prod.website-files.com/62014dd97e014e5a161f0175/65c23d5cfb578e51f6ce8360_GettyImages-485113836 3.webp]
[cdn.prod.website-files.com/62014dd97e014e5a161f0175/65c23d980ec932276ea7fa73_GettyImages-485113836 2.webp]
[cdn.prod.website-files.com/62014dd97e014e5a161f0175/65c23de6c29ceca17f1a6169_GettyImages-485113836 1.webp]
[cdn.prod.website-files.com/62014dd97e014e5a161f0175/65c256fd348600c5daf9205d_bleu-1.webp]
[cdn.prod.website-files.com/62014dd97e014e5a161f0175/65c257edcc51d71526c6e584_bleu2.webp]
[cdn.prod.website-files.com/62014dd97e014e5a161f0175/65c256215dd72c8872230cde_PF-BLEUBLANCROUGE-ezgif.com-gif-to-webp-converter.webp]
[cdn.prod.website-files.com/62014dd97e014e5a161f0175/65c256215dd72c8872230cde_PF-BLEUBLANCROUGE-ezgif.com-gif-to-webp-converter-p-500.webp]
[cdn.prod.website-files.com/62014dd97e014e5a161f0175/65c258c5c88c2f08c47ada1a_gettyimages-178799615-170667a 1.webp]
[cdn.prod.website-files.com/62014dd97e014e5a161f0175/65c258c5c88c2f08c47ada1a_gettyimages-178799615-170667a 1-p-500.webp]
[cdn.prod.website-files.com/62014dd97e014e5a161f0175/65c258ce0b66ff5bf2cceb7f_gettyimages-178799615-170667a 3.webp]
[cdn.prod.website-files.com/62014dd97e014e5a161f0175/65c258ce0b66ff5bf2cceb7f_gettyimages-178799615-170667a 3-p-500.webp]
[cdn.prod.website-files.com/62014dd97e014e5a161f0175/65c258e32c01928a93231a48_gettyimages-178799615-170667a 2.webp]
[cdn.prod.website-files.com/62014dd97e014e5a161f0175/65c258e32c01928a93231a48_gettyimages-178799615-170667a 2-p-500.webp]
[cdn.prod.website-files.com/62014dd97e014e5a161f0175/65c25d9f0cf6a8fbdcf17ba3_WINDOW_ROSE.webp]
[cdn.prod.website-files.com/62014dd97e014e5a161f0175/65c25d9f0cf6a8fbdcf17ba3_WINDOW_ROSE-p-500.webp]
[cdn.prod.website-files.com/62014dd97e014e5a161f0175/65c25d9f0cf6a8fbdcf17ba3_WINDOW_ROSE-p-800.webp]
[cdn.prod.website-files.com/62014dd97e014e5a161f0175/65e05a54baf718fdbc17332c_HABITAT_gif-ezgif.com-gif-to-webp-converter.webp]
[cdn.prod.website-files.com/62014dd97e014e5a161f0175/65e05a54baf718fdbc17332c_HABITAT_gif-ezgif.com-gif-to-webp-converter-p-500.webp]
[cdn.prod.website-files.com/62014dd97e014e5a161f0175/65e05a54baf718fdbc17332c_HABITAT_gif-ezgif.com-gif-to-webp-converter-p-800.webp]
[cdn.prod.website-files.com/62014dd97e014e5a161f0175/65e05a54baf718fdbc17332c_HABITAT_gif-ezgif.com-gif-to-webp-converter-p-1080.webp]
[cdn.prod.website-files.com/62014dd97e014e5a161f0175/65c2605955da2ebc78647aff_tabouret 3.webp]
[cdn.prod.website-files.com/62014dd97e014e5a161f0175/65c26059de8494f8f4fe2202_tabouret 2.webp]
[cdn.prod.website-files.com/62014dd97e014e5a161f0175/65c26059b1d74f0fe0384f3d_tabouret 4.webp]
[cdn.prod.website-files.com/62014dd97e014e5a161f0175/65c26059b1d74f0fe0384f3d_tabouret 4-p-500.webp]
[cdn.prod.website-files.com/62014dd97e014e5a161f0175/65c268db66a9c8a0a275f15c_WINDOW_PAIN_3.webp]
[cdn.prod.website-files.com/62014dd97e014e5a161f0175/65c268db66a9c8a0a275f15c_WINDOW_PAIN_3-p-500.webp]
[cdn.prod.website-files.com/62014dd97e014e5a161f0175/65c268db66a9c8a0a275f15c_WINDOW_PAIN_3-p-800.webp]
[cdn.prod.website-files.com/62014dd97e014e5a161f0175/65c268dbc3997923faef77dd_WINDOW_PAIN_5.webp]
[cdn.prod.website-files.com/62014dd97e014e5a161f0175/65c268dbc3997923faef77dd_WINDOW_PAIN_5-p-500.webp]
[cdn.prod.website-files.com/62014dd97e014e5a161f0175/65c268dbc3997923faef77dd_WINDOW_PAIN_5-p-800.webp]
[cdn.prod.website-files.com/62014dd97e014e5a161f0175/65c268dbc3997923faef77dd_WINDOW_PAIN_5-p-1080.webp]
[cdn.prod.website-files.com/62014dd97e014e5a161f0175/65c26d24d292d8ce5c35126e_BRIOCHEPASQUIER-BRETZEL-ezgif.com-gif-to-webp-converter.webp]
[cdn.prod.website-files.com/62014dd97e014e5a161f0175/65c26d24d292d8ce5c35126e_BRIOCHEPASQUIER-BRETZEL-ezgif.com-gif-to-webp-converter-p-500.webp]
[cdn.prod.website-files.com/62014dd97e014e5a161f0175/65c26d24d292d8ce5c35126e_BRIOCHEPASQUIER-BRETZEL-ezgif.com-gif-to-webp-converter-p-800.webp]
[cdn.prod.website-files.com/62014dd97e014e5a161f0175/65c26adcb3ec0337eb581cb6_BRETZEL 4.png]
[cdn.prod.website-files.com/62014dd97e014e5a161f0175/65c26aea139dcfbf79f04582_BRETZEL 5.png]
[cdn.prod.website-files.com/62014dd97e014e5a161f0175/65c26aea139dcfbf79f04582_BRETZEL 5-p-500.png]
[cdn.prod.website-files.com/62014dd97e014e5a161f0175/65c26ae91aeed4c5a81cef3a_BRETZEL 3.png]
[cdn.prod.website-files.com/62014dd97e014e5a161f0175/65c26ae91aeed4c5a81cef3a_BRETZEL 3-p-500.png]
[cdn.prod.website-files.com/62014dd97e014e5a161f0175/65ef1a7389c6799c8009541d_PF_CINEMATOGRAPHE_02-compress-ezgif.com-video-to-webp-converter.webp]
[cdn.prod.website-files.com/62014dd97e014e5a161f0175/65ef1a7389c6799c8009541d_PF_CINEMATOGRAPHE_02-compress-ezgif.com-video-to-webp-converter-p-500.webp]
[cdn.prod.website-files.com/62014dd97e014e5a161f0175/65ef1a08a53dc847dbd2ec9a_PF_CINEMATOGRAPHE_01-compress-ezgif.com-video-to-webp-converter.webp]
[cdn.prod.website-files.com/62014dd97e014e5a161f0175/65ef1a08a53dc847dbd2ec9a_PF_CINEMATOGRAPHE_01-compress-ezgif.com-video-to-webp-converter-p-500.webp]
[cdn.prod.website-files.com/62014dd97e014e5a161f0175/65c2748da08b3d61afa91326_oyster 3.webp]
[cdn.prod.website-files.com/62014dd97e014e5a161f0175/65c2748da08b3d61afa91326_oyster 3-p-500.webp]
[cdn.prod.website-files.com/62014dd97e014e5a161f0175/65c2747141b24326a2c2eaee_oyster 1.webp]
[cdn.prod.website-files.com/62014dd97e014e5a161f0175/65c274848c22170ac1b36c22_oyster 2.webp]
[cdn.prod.website-files.com/62014dd97e014e5a161f0175/65c377eb41faf2283c9e55f4_WINDOW_SANS_ENTRAVE.webp]
[cdn.prod.website-files.com/62014dd97e014e5a161f0175/65c377eb41faf2283c9e55f4_WINDOW_SANS_ENTRAVE-p-500.webp]
[cdn.prod.website-files.com/62014dd97e014e5a161f0175/65c377eb41faf2283c9e55f4_WINDOW_SANS_ENTRAVE-p-800.webp]
[cdn.prod.website-files.com/62014dd97e014e5a161f0175/65c37dc41268339ccc0a17e3_CHAUFFEURPRIVE-MAI68-gif.webp]
[cdn.prod.website-files.com/62014dd97e014e5a161f0175/65c37dc41268339ccc0a17e3_CHAUFFEURPRIVE-MAI68-gif-p-500.webp]
[cdn.prod.website-files.com/62014dd97e014e5a161f0175/65c37dc41268339ccc0a17e3_CHAUFFEURPRIVE-MAI68-gif-p-800.webp]
[cdn.prod.website-files.com/62014dd97e014e5a161f0175/65c37dc41268339ccc0a17e3_CHAUFFEURPRIVE-MAI68-gif-p-1080.webp]
[cdn.prod.website-files.com/62014dd97e014e5a161f0175/65c37b24ea4e3b62bb30512d_GettyImages-1199617827 4.webp]
[cdn.prod.website-files.com/62014dd97e014e5a161f0175/65c37b24ea4e3b62bb30512d_GettyImages-1199617827 4-p-500.webp]
[cdn.prod.website-files.com/62014dd97e014e5a161f0175/65c37b23753ad537f201a2e4_GettyImages-1199617827 3.webp]
[cdn.prod.website-files.com/62014dd97e014e5a161f0175/65c37b23753ad537f201a2e4_GettyImages-1199617827 3-p-500.webp]
[cdn.prod.website-files.com/62014dd97e014e5a161f0175/65c37be17c90d97a1382b55d_GettyImages-1199617827 4.webp]
[cdn.prod.website-files.com/62014dd97e014e5a161f0175/65c37be17c90d97a1382b55d_GettyImages-1199617827 4-p-500.webp]
[cdn.prod.website-files.com/62014dd97e014e5a161f0175/65c38269e6950c6ea4d1bbfa_anim survol.webp]
[cdn.prod.website-files.com/62014dd97e014e5a161f0175/65c38269e6950c6ea4d1bbfa_anim survol-p-500.webp]
[cdn.prod.website-files.com/62014dd97e014e5a161f0175/65c382697e1d08400767608b_PITCH-CHOCOPBARRE-ezgif.com-gif-to-webp-converter.webp]
[cdn.prod.website-files.com/62014dd97e014e5a161f0175/65c382697e1d08400767608b_PITCH-CHOCOPBARRE-ezgif.com-gif-to-webp-converter-p-500.webp]
[cdn.prod.website-files.com/62014dd97e014e5a161f0175/65c382697e1d08400767608b_PITCH-CHOCOPBARRE-ezgif.com-gif-to-webp-converter-p-800.webp]
[cdn.prod.website-files.com/62014dd97e014e5a161f0175/65c38269c38fd7b5c1b7fd1f_lead-chocobarre.webp]
[cdn.prod.website-files.com/62014dd97e014e5a161f0175/65c38269c38fd7b5c1b7fd1f_lead-chocobarre-p-500.webp]
[cdn.prod.website-files.com/62014dd97e014e5a161f0175/65c38269c38fd7b5c1b7fd1f_lead-chocobarre-p-800.webp]
[cdn.prod.website-files.com/62014dd97e014e5a161f0175/65c38269c38fd7b5c1b7fd1f_lead-chocobarre-p-1080.webp]
[cdn.prod.website-files.com/62014dd97e014e5a161f0175/65c382665aaf1c2eb28a668f_barre de chocolat 2.webp]
[cdn.prod.website-files.com/62014dd97e014e5a161f0175/65c38267a59f41e0dadbe212_barre de chocolat 1.webp]
[cdn.prod.website-files.com/62014dd97e014e5a161f0175/65c38267680e7acb1ec3e156_barre de chocolat 3.webp]
[cdn.prod.website-files.com/62014dd97e014e5a161f0175/65c38267680e7acb1ec3e156_barre de chocolat 3-p-500.webp]
[cdn.prod.website-files.com/62014dd97e014e5a161f0175/65c38cebeb6a6013e5223efa_WINDOW_AU_PANIER.webp]
[cdn.prod.website-files.com/62014dd97e014e5a161f0175/65c38cebeb6a6013e5223efa_WINDOW_AU_PANIER-p-500.webp]
[cdn.prod.website-files.com/62014dd97e014e5a161f0175/65c38cebeb6a6013e5223efa_WINDOW_AU_PANIER-p-800.webp]
[cdn.prod.website-files.com/62014dd97e014e5a161f0175/65e05c39f6be62afa95007ca_VVL_GIF-ezgif.com-gif-to-webp-converter.webp]
[cdn.prod.website-files.com/62014dd97e014e5a161f0175/65e05c39f6be62afa95007ca_VVL_GIF-ezgif.com-gif-to-webp-converter-p-500.webp]
[cdn.prod.website-files.com/62014dd97e014e5a161f0175/65c38cec0e922658fbffdb44_Sans titre-4 3.png]
[cdn.prod.website-files.com/62014dd97e014e5a161f0175/65c38cec2077606153f17125_Sans titre-4 1.png]
[cdn.prod.website-files.com/62014dd97e014e5a161f0175/65c391264a8fd1bde3babb4b_WINDOW_AU_PANIER (1).webp]
[cdn.prod.website-files.com/62014dd97e014e5a161f0175/65c391264a8fd1bde3babb4b_WINDOW_AU_PANIER (1)-p-500.webp]
[cdn.prod.website-files.com/62014dd97e014e5a161f0175/65c391264a8fd1bde3babb4b_WINDOW_AU_PANIER (1)-p-800.webp]
[cdn.prod.website-files.com/62014dd97e014e5a161f0175/65c391264a8fd1bde3babb4b_WINDOW_AU_PANIER (1)-p-1080.webp]
[cdn.prod.website-files.com/62014dd97e014e5a161f0175/65c3912797c337ec80b81221_WINDOW_AU_PANIER (3).webp]
[cdn.prod.website-files.com/62014dd97e014e5a161f0175/65c3912797c337ec80b81221_WINDOW_AU_PANIER (3)-p-500.webp]
[cdn.prod.website-files.com/62014dd97e014e5a161f0175/65c3912797c337ec80b81221_WINDOW_AU_PANIER (3)-p-800.webp]
[cdn.prod.website-files.com/62014dd97e014e5a161f0175/65c3912797c337ec80b81221_WINDOW_AU_PANIER (3)-p-1080.webp]
[cdn.prod.website-files.com/62014dd97e014e5a161f0175/65e05d78fa8c35f3c2cad652_pasque.webp]
[cdn.prod.website-files.com/62014dd97e014e5a161f0175/65e05d78fa8c35f3c2cad652_pasque-p-500.webp]
[cdn.prod.website-files.com/62014dd97e014e5a161f0175/65e05d78fa8c35f3c2cad652_pasque-p-800.webp]
[cdn.prod.website-files.com/62014dd97e014e5a161f0175/65e05d78fa8c35f3c2cad652_pasque-p-1080.webp]
[cdn.prod.website-files.com/62014dd97e014e5a161f0175/65c391311e3d86ea0f398670_Sans titre-1 12.webp]
[cdn.prod.website-files.com/62014dd97e014e5a161f0175/65c391311e3d86ea0f398670_Sans titre-1 12-p-500.webp]
[cdn.prod.website-files.com/62014dd97e014e5a161f0175/65c3913141faf2283caf86f0_Sans titre-1 11.webp]
[cdn.prod.website-files.com/62014dd97e014e5a161f0175/65c3913141faf2283caf86f0_Sans titre-1 11-p-500.webp]
[cdn.prod.website-files.com/62014dd97e014e5a161f0175/65c39131903e7288cc6c8716_Sans titre-1 10.webp]
[cdn.prod.website-files.com/62014dd97e014e5a161f0175/65aa3efd3ec456b90d777390_PF_A-MOINDRE-FRAIS-1 (1).webp]
[cdn.prod.website-files.com/62014dd97e014e5a161f0175/65aa3efd3ec456b90d777390_PF_A-MOINDRE-FRAIS-1 (1)-p-500.webp]
[cdn.prod.website-files.com/62014dd97e014e5a161f0175/65b244eff6b7c08200ceac5c_Frame 273.png]
[cdn.prod.website-files.com/65bbaeb047b2544555e45534/65d899cf4f371cbea0f8f1c2_mobile-nav-menu.png]
[cdn.prod.website-files.com/62014dd97e014e5a161f0175/65ef958a63af76f7e5155ea8_mobile-feedcrea-vector.png]
[lesgrosmotsfinal.webflow.io/creations.html]
[lesgrosmotsfinal.webflow.io/_https_/cdn.prod.website-files.com/62014dd97e014e290b1f0182/6848b14105dd8de1c97644ff_684615f788813db7395d7723_background-reglages-1.png_.html]
[lesgrosmotsfinal.webflow.io/_https_/cdn.prod.website-files.com/62014dd97e014e290b1f0182/6848b1a0b95ef27ab4362133_684615f7c5b1c484795b0e89_background-reglages-2.png_.html]
[lesgrosmotsfinal.webflow.io/_https_/cdn.prod.website-files.com/62014dd97e014e290b1f0182/6848b1c737403b9a92b1012d_684615f7d7ed248b65e4ea05_background-reglages-3.png_.html]
[lesgrosmotsfinal.webflow.io/_https_/cdn.prod.website-files.com/62014dd97e014e290b1f0182/6848b1dd14e2506fb24b834a_684615f517dd14854eff8c56_background-reglages-4.png_.html]
[lesgrosmotsfinal.webflow.io/_https_/cdn.prod.website-files.com/62014dd97e014e290b1f0182/6848b1f16c68584600fe8174_684616628225cafe7ec7b9da_background-reglages-5.png_.html]
[lesgrosmotsfinal.webflow.io/_https_/cdn.prod.website-files.com/62014dd97e014e290b1f0182/6848b202112bf615d5f173c3_68461663214ed46f965682f3_background-reglages-6.png_.html]
[lesgrosmotsfinal.webflow.io/_https_/cdn.prod.website-files.com/62014dd97e014e5a161f0175/65a11bbe61e4e39a6119de90_COMP_Mochi_Coeur2-poster-00001.jpg_.html]
[cdn.prod.website-files.com/6022af993a6b2191db3ed10c/628299f8aa233b83918e24fd_Pause.svg]
[cdn.prod.website-files.com/6022af993a6b2191db3ed10c/628298b20ae0236682d4b87f_Play-24.svg]
[lesgrosmotsfinal.webflow.io/_https_/cdn.prod.website-files.com/62014dd97e014e5a161f0175/65a11cfbe47b86a5d8025945_COMP_Mochi_Nonos2-poster-00001.jpg_.html]
[lesgrosmotsfinal.webflow.io/_https_/cdn.prod.website-files.com/62014dd97e014e5a161f0175/65a11d98dfbfd2af6ba96634_COMP_Mochi_Dodo2-poster-00001.jpg_.html]
[cdn.prod.website-files.com/62014dd97e014e5a161f0175/65e6e92d6e080fe5988b3693_contact-folder-open.png]
[cdn.prod.website-files.com/62014dd97e014e5a161f0175/65e6e92d6e080fe5988b3671_icon-linkedin.png]
[cdn.prod.website-files.com/62014dd97e014e5a161f0175/65e6e92d6e080fe5988b366f_icon-instagram.png]
[cdn.prod.website-files.com/62014dd97e014e5a161f0175/65e6e92d6e080fe5988b3673_icon-facebook.png]
[cdn.prod.website-files.com/62014dd97e014e5a161f0175/65e6e92d6e080fe5988b366b_contact-addresse-icon.png]
[cdn.prod.website-files.com/62014dd97e014e5a161f0175/65e6e92d6e080fe5988b3675_contact-email-field.png]
[cdn.prod.website-files.com/62014dd97e014e5a161f0175/65e6e92d6e080fe5988b3685_contact-email-preview.gif]
[cdn.prod.website-files.com/62014dd97e014e5a161f0175/65e6e92d6e080fe5988b369b_ezgif-2-ec10415103.gif]
[cdn.prod.website-files.com/62014dd97e014e5a161f0175/6582beb88850065bae59e5e2_icône_chat_bouche_ouverte-32.png]
[cdn.prod.website-files.com/62014dd97e014e5a161f0175/65ef9321bd8ea3096a53d63b_mobile-contact-mail.png]
[cdn.prod.website-files.com/62014dd97e014e5a161f0175/65ef9321bd8ea3096a53d637_mobile-contact-facebook.png]
[cdn.prod.website-files.com/62014dd97e014e5a161f0175/65ef9321bd8ea3096a53d639_mobile-contact-linkedin.png]
[cdn.prod.website-files.com/62014dd97e014e5a161f0175/65ef9321bd8ea3096a53d640_mobile-contact-instagram.png]
[cdn.prod.website-files.com/62014dd97e014e5a161f0175/65ef9321bd8ea3096a53d631_mobile-contact-adsress.png]
[cdn.prod.website-files.com/62014dd97e014e5a161f0175/65ef9321bd8ea3096a53d633_mobile-contact-phone.png]
[cdn.prod.website-files.com/62014dd97e014e5a161f0175/65ef9321bd8ea3096a53d63d_mobile-contact-message.png]
[cdn.prod.website-files.com/62014dd97e014e5a161f0175/65ef9321bd8ea3096a53d63d_mobile-contact-message-p-500.png]
[lesgrosmotsfinal.webflow.io/contact.html]
[cdn.prod.website-files.com/62014dd97e014e5a161f0175/680e88a57698371510addac3_icon-rse-main-calendar.png]
[cdn.prod.website-files.com/62014dd97e014e5a161f0175/680e86c8e59ad68818411ce1_icon-rse-main-hand.png]
[cdn.prod.website-files.com/62014dd97e014e5a161f0175/680e86c8b4c3114f43d502ba_icon-rse-main-suitcase.png]
[cdn.prod.website-files.com/62014dd97e014e5a161f0175/680e86c37d3d4344d35c6e32_icon-rse-main-postit.png]
[cdn.prod.website-files.com/62014dd97e014e5a161f0175/680e86c3257aa316f15f0df7_icon-rse-main-rainbowscreen.png]
[cdn.prod.website-files.com/62014dd97e014e5a161f0175/680e86c315e15addeb3b0e0b_icon-rse-main-shoppingcart.png]
[cdn.prod.website-files.com/62014dd97e014e5a161f0175/680e86c3c005ae3740859aea_icon-rse-main-bin.png]
[cdn.prod.website-files.com/62014dd97e014e5a161f0175/680e86c5f50e344559841f08_icon-rse-main-globe.png]
[cdn.prod.website-files.com/62014dd97e014e5a161f0175/680e86c75fc6125472e97e23_icon-rse-main-joystick.png]
[cdn.prod.website-files.com/62014dd97e014e5a161f0175/680e86c6bc8b1fba73ee1524_icon-rse-main-bandage.png]
[cdn.prod.website-files.com/62014dd97e014e5a161f0175/680e86c68d4fd6f40d58639a_b92ac30ddb9726e1d3ab2a2696db8ba4_icon-rse-calculator.png]
[cdn.prod.website-files.com/62014dd97e014e5a161f0175/680e86c6c5490e5100cbb092_icon-rse-main-degree.png]
[cdn.prod.website-files.com/62014dd97e014e5a161f0175/680e86c713f08e88ca5d0b0f_icon-rse-main-camera.png]
[cdn.prod.website-files.com/62014dd97e014e5a161f0175/680ebbaeff4139ac101de86d_rse-file-icon-makeshitdone.png]
[cdn.prod.website-files.com/62014dd97e014e5a161f0175/65ead99ff354c2945dcf2aa8_coupdetatborder.gif]
[cdn.prod.website-files.com/62014dd97e014e5a161f0175/65ead99ff354c2945dcf2a97_RSE_YAY.webp]
[cdn.prod.website-files.com/62014dd97e014e5a161f0175/65ead99ff354c2945dcf2a8d_rse-coupdetat-img.png]
[cdn.prod.website-files.com/62014dd97e014e5a161f0175/65ead99ff354c2945dcf2a9a_RSE_TAMPON.webp]
[cdn.prod.website-files.com/62014dd97e014e5a161f0175/65ead99ff354c2945dcf2aa1_tampon-lastframe.png]
[cdn.prod.website-files.com/65bbaeb047b2544555e45534/65e0661eae738a2495331185_rse-video-preview.jpg]
[cdn.prod.website-files.com/62014dd97e014e5a161f0175/680f9a995b84aa268b332ab4_rse-icon-bloody-mary.png]
[cdn.prod.website-files.com/62014dd97e014e5a161f0175/680f9be44801547fd50898bc_rse-image-bloodymary.png]
[cdn.prod.website-files.com/62014dd97e014e5a161f0175/680fad8e68dabce4abb0daf7_rse-file-icon-ecobuisness.png]
[cdn.prod.website-files.com/62014dd97e014e5a161f0175/680f87c73a273b7b2399ccef_rse-file-icon-featuring.png]
[cdn.prod.website-files.com/62014dd97e014e5a161f0175/680fa99668dabce4abadee72_rse-icon-andmoney.png]
[cdn.prod.website-files.com/62014dd97e014e5a161f0175/680fa980beaad6237d71b2c5_rse-icon-andmoney.png]
[cdn.prod.website-files.com/62014dd97e014e5a161f0175/684edc2766233c779849b742_gun-animation-first-image.gif]
[cdn.prod.website-files.com/62014dd97e014e5a161f0175/680f929f91f62c76828c1c1d_rse-file-icon-basicobv.png]
[cdn.prod.website-files.com/62014dd97e014e5a161f0175/65ef9468270274087751d9ef_mobile-rse-stope.png]
[cdn.prod.website-files.com/62014dd97e014e5a161f0175/65ef9468270274087751d9e9_mobile-rse-tick.png]
[cdn.prod.website-files.com/62014dd97e014e5a161f0175/65ef9468270274087751d9ed_mobile-rse-tampon.png]
[lesgrosmotsfinal.webflow.io/rse.html]
[lesgrosmotsfinal.webflow.io/_https_/cdn.prod.website-files.com/62014dd97e014e5a161f0175/65ef4de5e0db5d8eafa1d9b4_MAINCOMP_LGM_WEB-poster-00001.jpg_.html]
[cdn.prod.website-files.com/62014dd97e014e5a161f0175/js/webflow.schunk.36b8fb49256177c8.js]
[cdn.prod.website-files.com/62014dd97e014e5a161f0175/js/webflow.schunk.cb997fedfa64a584.js]
[cdn.prod.website-files.com/62014dd97e014e5a161f0175/js/webflow.c1fe5f2e.05a6a14e4575e947.js]
[cdn.prod.website-files.com/62014dd97e014e5a161f0175/63a06c67c2f1f4337caab183_Beatrice-Regular.ttf]
[cdn.prod.website-files.com/62014dd97e014e5a161f0175/62014dd97e014eb62d1f0180_Beatrice-Semibold.otf]
[cdn.prod.website-files.com/62014dd97e014e5a161f0175/6576f77dc4602911abd68162_Trafika Sans Regular.otf]
[cdn.prod.website-files.com/62014dd97e014e5a161f0175/6576f791da2119344428325d_Trafika Sans Bold.otf]
[cdn.prod.website-files.com/62014dd97e014e5a161f0175/65e6fcde9b420340967298db_07-brother1816-regular.otf]
[cdn.prod.website-files.com/62014dd97e014e5a161f0175/62053e23ba351afca493032d_Gradient Landscape.svg]
[cdn.prod.website-files.com/62014dd97e014e5a161f0175/658ad277e6f232cee68f7e08_icône_coeur_tamamochi.svg]
[cdn.prod.website-files.com/62014dd97e014e5a161f0175/658ad333a25a2d49eeb5785f_icône_os_tamamochi.svg]
[cdn.prod.website-files.com/62014dd97e014e5a161f0175/658ad35fd6a454cb5ea0679e_icône_zzzz_tamamochi.svg]
[cdn.prod.website-files.com/62014dd97e014e5a161f0175/65c5f772cf87b9ec5b54509a_bouton enfoncé flèche droite (1]
[cdn.prod.website-files.com/62014dd97e014e5a161f0175/65dcbef15fe4b829ae30e47c_bouton coeur classique (1]
[cdn.prod.website-files.com/62014dd97e014e5a161f0175/65dcbef15586e7ee21dc1e50_EE-bouton coeur (1]
[cdn.prod.website-files.com/62014dd97e014e5a161f0175/65d5d9d2b73736839fcfdd8d_damier.svg]
[cdn.prod.website-files.com/62014dd97e014e5a161f0175/65ef90ee59c7f8ae870732c5_mobile-phototheque-arrow-left2-over (1]
[lesgrosmotsfinal.webflow.io/IMG-9090934.html]
[lesgrosmotsfinal.webflow.io/DCIM-8999.html]
[lesgrosmotsfinal.webflow.io/DCIM_5687687.html]
[lesgrosmotsfinal.webflow.io/DCIM_588687.html]
[lesgrosmotsfinal.webflow.io/DCIM_549048.html]
[lesgrosmotsfinal.webflow.io/DCIM_5.html]
[lesgrosmotsfinal.webflow.io/DCIM_687.html]
[lesgrosmotsfinal.webflow.io/687687.html]
[lesgrosmotsfinal.webflow.io/DCIM_9987.html]
[lesgrosmotsfinal.webflow.io/78787.html]
[lesgrosmotsfinal.webflow.io/DCIM_117.html]
[lesgrosmotsfinal.webflow.io/87.html]
[lesgrosmotsfinal.webflow.io/DCIM_987.html]
[lesgrosmotsfinal.webflow.io/9016736.html]
[lesgrosmotsfinal.webflow.io/_https_/cdn.prod.website-files.com/62014dd97e014e290b1f0182/684f01cd73648fc5bddbf269_SOME-backstage-IMG01.jpeg_.html]
[lesgrosmotsfinal.webflow.io/_https_/cdn.prod.website-files.com/62014dd97e014e290b1f0182/684f0d699aa00e12689fb2bd_SOME-backstage-IMG02.jpeg_.html]
[lesgrosmotsfinal.webflow.io/_https_/cdn.prod.website-files.com/62014dd97e014e290b1f0182/684f0d80fabb5a8f12ebd3b2_SOME-backstage-IMG03.jpeg_.html]
[lesgrosmotsfinal.webflow.io/_https_/cdn.prod.website-files.com/62014dd97e014e290b1f0182/684f0d89f14f5709154df6b1_SOME-backstage-IMG04.jpeg_.html]
[lesgrosmotsfinal.webflow.io/_https_/cdn.prod.website-files.com/62014dd97e014e290b1f0182/684f0df625e45d423c80c548_SOME-backstage-IMG05.jpeg_.html]
[lesgrosmotsfinal.webflow.io/_https_/cdn.prod.website-files.com/62014dd97e014e290b1f0182/684f0e09a192eb8daf82c3c5_SOME-backstage-IMG06.jpeg_.html]
[lesgrosmotsfinal.webflow.io/_https_/cdn.prod.website-files.com/62014dd97e014e290b1f0182/684f0d9e8f8d8db6fc924bb6_SOME-backstage-IMG07.jpeg_.html]
[lesgrosmotsfinal.webflow.io/_https_/cdn.prod.website-files.com/62014dd97e014e290b1f0182/684f0db55a2b95252b7f16c3_SOME-backstage-IMG08.jpeg_.html]
[lesgrosmotsfinal.webflow.io/_https_/cdn.prod.website-files.com/62014dd97e014e290b1f0182/684f0d47813ffc6a4054bdcf_SOME-backstage-IMG10.jpeg_.html]
[cdn.prod.website-files.com/62014dd97e014e5a161f0175/64915d95c984df721fe176c5_la-matinale.jpg]
[cdn.prod.website-files.com/62014dd97e014e5a161f0175/65a55f362fa0c565e47c30ac_big-fleche.png]
[cdn.prod.website-files.com/62014dd97e014e5a161f0175/65a55f362fa0c565e47c30ac_big-fleche-p-500.png]
[cdn.prod.website-files.com/62014dd97e014e5a161f0175/65a55f362fa0c565e47c30ac_big-fleche-p-800.png]
[cdn.prod.website-files.com/62014dd97e014e5a161f0175/680115b9833bc5106601aeb9_VISUEL 1 FREIZH--smaller.avif]
[cdn.prod.website-files.com/62014dd97e014e5a161f0175/680115b9833bc5106601aeb9_VISUEL 1 FREIZH--smaller-p-500.avif]
[cdn.prod.website-files.com/62014dd97e014e5a161f0175/680115b9833bc5106601aeb9_VISUEL 1 FREIZH--smaller-p-800.avif]
[cdn.prod.website-files.com/62014dd97e014e5a161f0175/680115baadc3cd3278eea0b1_ACCROCHE 1 FREIZH-smaller.avif]
[cdn.prod.website-files.com/62014dd97e014e5a161f0175/680115baadc3cd3278eea0b1_ACCROCHE 1 FREIZH-smaller-p-500.avif]
[cdn.prod.website-files.com/62014dd97e014e5a161f0175/680115baadc3cd3278eea0b1_ACCROCHE 1 FREIZH-smaller-p-800.avif]
[cdn.prod.website-files.com/62014dd97e014e5a161f0175/680115baadc3cd3278eea0b1_ACCROCHE 1 FREIZH-smaller-p-1080.avif]
[cdn.prod.website-files.com/62014dd97e014e5a161f0175/680115ba9d1bf5a0b892316d_VISUEL 2 FREIZH--smaller.avif]
[cdn.prod.website-files.com/62014dd97e014e5a161f0175/680115ba9d1bf5a0b892316d_VISUEL 2 FREIZH--smaller-p-500.avif]
[cdn.prod.website-files.com/62014dd97e014e5a161f0175/680115ba9d1bf5a0b892316d_VISUEL 2 FREIZH--smaller-p-800.avif]
[cdn.prod.website-files.com/62014dd97e014e5a161f0175/680115ba9d1bf5a0b892316d_VISUEL 2 FREIZH--smaller-p-1080.avif]
[cdn.prod.website-files.com/62014dd97e014e5a161f0175/680115baa2ba170b357771bf_VISUEL 3 FREIZH-smaller.avif]
[cdn.prod.website-files.com/62014dd97e014e5a161f0175/680115baa2ba170b357771bf_VISUEL 3 FREIZH-smaller-p-500.avif]
[cdn.prod.website-files.com/62014dd97e014e5a161f0175/680115baa2ba170b357771bf_VISUEL 3 FREIZH-smaller-p-800.avif]
[cdn.prod.website-files.com/62014dd97e014e5a161f0175/680115baa2ba170b357771bf_VISUEL 3 FREIZH-smaller-p-1080.avif]
[cdn.prod.website-files.com/62014dd97e014e5a161f0175/68011864d97f7be649542ac9_FREIZ_METREO_3.jpeg]
[cdn.prod.website-files.com/62014dd97e014e5a161f0175/68011864d97f7be649542ac9_FREIZ_METREO_3-p-500.jpeg]
[cdn.prod.website-files.com/62014dd97e014e5a161f0175/680118611ed21868e6c53c71_freiz-mETRO_1.jpeg]
[cdn.prod.website-files.com/62014dd97e014e5a161f0175/680118611ed21868e6c53c71_freiz-mETRO_1-p-500.jpeg]
[cdn.prod.website-files.com/62014dd97e014e5a161f0175/6801186115f6c00c825eb22a_FREIZ_METRO_2.jpeg]
[cdn.prod.website-files.com/62014dd97e014e5a161f0175/6801186115f6c00c825eb22a_FREIZ_METRO_2-p-500.jpeg]
[lesgrosmotsfinal.webflow.io/projects/saveol/freizh-sans-pepins.html]
[cdn.prod.website-files.com/62014dd97e014e5a161f0175/6491618103da210ac7d4110c_Sans titre.jpg]
[cdn.prod.website-files.com/62014dd97e014e5a161f0175/67f3cdfe68dd8edecbef2338_1.avif]
[cdn.prod.website-files.com/62014dd97e014e5a161f0175/67f3cdfeddad6b70ccc59851_2.avif]
[cdn.prod.website-files.com/62014dd97e014e5a161f0175/67f3cdfe39653402b2e0dcbf_3.avif]
[cdn.prod.website-files.com/62014dd97e014e5a161f0175/67f3cdfe39653402b2e0dcbf_3-p-500.avif]
[cdn.prod.website-files.com/62014dd97e014e5a161f0175/67f3ce0bdd23e7831266c58e_1_Ronde 8.avif]
[cdn.prod.website-files.com/62014dd97e014e5a161f0175/67f3cdfbb82b11f9621e431c_1_Ronde 13.avif]
[cdn.prod.website-files.com/62014dd97e014e5a161f0175/67f3cdfbb82b11f9621e431c_1_Ronde 13-p-500.avif]
[cdn.prod.website-files.com/62014dd97e014e5a161f0175/67f3cdfba0363a934c2d952a_1_Ronde 3.avif]
[cdn.prod.website-files.com/62014dd97e014e5a161f0175/67f3cdfb39653402b2e0da06_1_Ronde 5.avif]
[cdn.prod.website-files.com/62014dd97e014e5a161f0175/67f3cdf7b82b11f9621e40d1_1_Ronde 4.avif]
[cdn.prod.website-files.com/62014dd97e014e5a161f0175/67f3cdf3b5846ff7266bd68c_1_Ronde 11.avif]
[cdn.prod.website-files.com/62014dd97e014e5a161f0175/67f3cdf7f6871c3862eb38af_1_Ronde 6.avif]
[cdn.prod.website-files.com/62014dd97e014e5a161f0175/67f3cdf7f6871c3862eb38af_1_Ronde 6-p-500.avif]
[cdn.prod.website-files.com/62014dd97e014e5a161f0175/67f3cdf77a7e07d9335f9dd9_1_Ronde 12.avif]
[cdn.prod.website-files.com/62014dd97e014e5a161f0175/67f3cdf747439de315ebecaa_1_Ronde 7.avif]
[cdn.prod.website-files.com/62014dd97e014e5a161f0175/67f3d706d59b04bbd93380c1_3 (1).avif]
[cdn.prod.website-files.com/62014dd97e014e5a161f0175/67f3d70744778f0194aa1460_1 (3).avif]
[cdn.prod.website-files.com/62014dd97e014e5a161f0175/67f3d7067d77b80f812a4d36_1_Ronde 13 (3).avif]
[cdn.prod.website-files.com/62014dd97e014e5a161f0175/67f3d70642df905fcbb406c3_1_Ronde 5 (2).avif]
[lesgrosmotsfinal.webflow.io/projects/interfel/jamais-trop-episode-2-0.html]
[cdn.prod.website-files.com/62014dd97e014e5a161f0175/67f3a39c2e9847d11a30a68f_lepied-hero-p-500.avif]
[cdn.prod.website-files.com/62014dd97e014e5a161f0175/67f3a39c2e9847d11a30a68f_lepied-hero-p-800.avif]
[cdn.prod.website-files.com/62014dd97e014e5a161f0175/67f3a39c2e9847d11a30a68f_lepied-hero-p-1080.avif]
[cdn.prod.website-files.com/62014dd97e014e5a161f0175/67f3a77c91c1476e9140b9b0_LELO_post_10reasonwhy_0 3 copie 4.avif]
[cdn.prod.website-files.com/62014dd97e014e5a161f0175/67f3a77c91c1476e9140b9b0_LELO_post_10reasonwhy_0 3 copie 4-p-500.avif]
[cdn.prod.website-files.com/62014dd97e014e5a161f0175/67f3a77d2cbc864d74a7f9a9_LELO_post_10reasonwhy_0 2 copie 4.avif]
[cdn.prod.website-files.com/62014dd97e014e5a161f0175/67f3a77d2cbc864d74a7f9a9_LELO_post_10reasonwhy_0 2 copie 4-p-500.avif]
[cdn.prod.website-files.com/62014dd97e014e5a161f0175/67f3a77cbfe7a69e949ef1e9_LELO_post_10reasonwhy_0 2 copie 3.avif]
[cdn.prod.website-files.com/62014dd97e014e5a161f0175/67f3a77cbfe7a69e949ef1e9_LELO_post_10reasonwhy_0 2 copie 3-p-500.avif]
[cdn.prod.website-files.com/62014dd97e014e5a161f0175/67f3a77ac4dc24e5ee081030_LELO_post_10reasonwhy_0 3 copie 3.avif]
[cdn.prod.website-files.com/62014dd97e014e5a161f0175/67f3a77ac4dc24e5ee081030_LELO_post_10reasonwhy_0 3 copie 3-p-500.avif]
[cdn.prod.website-files.com/62014dd97e014e5a161f0175/67f3a77a36a0bfc82de2840d_LELO_post_10reasonwhy_0 1 copie 3.avif]
[cdn.prod.website-files.com/62014dd97e014e5a161f0175/67f3a77a36a0bfc82de2840d_LELO_post_10reasonwhy_0 1 copie 3-p-500.avif]
[cdn.prod.website-files.com/62014dd97e014e5a161f0175/67f3a77a01924c95af2f1735_LELO_post_10reasonwhy_0 2 copie 2.avif]
[cdn.prod.website-files.com/62014dd97e014e5a161f0175/67f3a77a01924c95af2f1735_LELO_post_10reasonwhy_0 2 copie 2-p-500.avif]
[cdn.prod.website-files.com/62014dd97e014e5a161f0175/67f3a77a2807ac6c42f0fce1_LELO_post_10reasonwhy_0 1 copie 2.avif]
[cdn.prod.website-files.com/62014dd97e014e5a161f0175/67f3a77a2807ac6c42f0fce1_LELO_post_10reasonwhy_0 1 copie 2-p-500.avif]
[cdn.prod.website-files.com/62014dd97e014e5a161f0175/67f3a7772e5faf1b53de40fa_LELO_post_10reasonwhy_0 3 copie 2.avif]
[cdn.prod.website-files.com/62014dd97e014e5a161f0175/67f3a7772e5faf1b53de40fa_LELO_post_10reasonwhy_0 3 copie 2-p-500.avif]
[cdn.prod.website-files.com/62014dd97e014e5a161f0175/67f3a7781412819d47910e7f_LELO_post_10reasonwhy_0 1.avif]
[cdn.prod.website-files.com/62014dd97e014e5a161f0175/67f3a7781412819d47910e7f_LELO_post_10reasonwhy_0 1-p-500.avif]
[cdn.prod.website-files.com/62014dd97e014e5a161f0175/67f3a77862fa02d1cb7b09fc_LELO_post_10reasonwhy_0 3 copie.avif]
[cdn.prod.website-files.com/62014dd97e014e5a161f0175/67f3a77862fa02d1cb7b09fc_LELO_post_10reasonwhy_0 3 copie-p-500.avif]
[cdn.prod.website-files.com/62014dd97e014e5a161f0175/67f3a777ec27e86f0881d962_LELO_post_10reasonwhy_0 2.avif]
[cdn.prod.website-files.com/62014dd97e014e5a161f0175/67f3a777ec27e86f0881d962_LELO_post_10reasonwhy_0 2-p-500.avif]
[lesgrosmotsfinal.webflow.io/projects/vinsta/le-pied-a-verre.html]
[cdn.prod.website-files.com/62014dd97e014e5a161f0175/67a08a442e59789433537794_hero-vinsta-p-500.avif]
[cdn.prod.website-files.com/62014dd97e014e5a161f0175/67b343839febbca5dd3c0f4b_lelo 10 reason why_REASON 3_IMG.avif]
[cdn.prod.website-files.com/62014dd97e014e5a161f0175/67b350ca304d10b888a88f17_lelo 10 reason why_REASON 5_IMG.avif]
[cdn.prod.website-files.com/62014dd97e014e5a161f0175/67b35191a75ae1e691bb43ac_lelo 10 reason why_REASON 4_IMG-SMLLL.avif]
[cdn.prod.website-files.com/62014dd97e014e5a161f0175/67b35191a75ae1e691bb43ac_lelo 10 reason why_REASON 4_IMG-SMLLL-p-500.avif]
[cdn.prod.website-files.com/62014dd97e014e5a161f0175/67b31e56dd0a4ce5d8f28dee_lelo 10 reason why_REASON 2_IMG.avif]
[cdn.prod.website-files.com/62014dd97e014e5a161f0175/67b31e4d46bb933b47b9fecb_lelo 10 reason why_REASON 1_IMG.avif]
[cdn.prod.website-files.com/62014dd97e014e5a161f0175/67b31e4d46bb933b47b9fecb_lelo 10 reason why_REASON 1_IMG-p-500.png]
[cdn.prod.website-files.com/62014dd97e014e5a161f0175/67b353ea45ddc894e62619cd_1-lelo 10 reason why_REASON 1_01.png]
[cdn.prod.website-files.com/62014dd97e014e5a161f0175/67b353ea45ddc894e62619cd_1-lelo 10 reason why_REASON 1_01-p-500.png]
[cdn.prod.website-files.com/62014dd97e014e5a161f0175/67b353ea45ddc894e62619cd_1-lelo 10 reason why_REASON 1_01-p-800.png]
[cdn.prod.website-files.com/62014dd97e014e5a161f0175/67b353ea45ddc894e62619cd_1-lelo 10 reason why_REASON 1_01-p-1080.png]
[cdn.prod.website-files.com/62014dd97e014e5a161f0175/67b353ea45ddc894e62619cd_1-lelo 10 reason why_REASON 1_01-p-1600.png]
[cdn.prod.website-files.com/62014dd97e014e5a161f0175/67b353e8197a890c6faeb0be_1-lelo 10 reason why_REASON 1_02.png]
[cdn.prod.website-files.com/62014dd97e014e5a161f0175/67b353e8197a890c6faeb0be_1-lelo 10 reason why_REASON 1_02-p-500.png]
[cdn.prod.website-files.com/62014dd97e014e5a161f0175/67b353e8197a890c6faeb0be_1-lelo 10 reason why_REASON 1_02-p-800.png]
[cdn.prod.website-files.com/62014dd97e014e5a161f0175/67b353e8197a890c6faeb0be_1-lelo 10 reason why_REASON 1_02-p-1080.png]
[cdn.prod.website-files.com/62014dd97e014e5a161f0175/67b353e8c755934221b8075b_1-lelo 10 reason why_REASON 1_03.png]
[cdn.prod.website-files.com/62014dd97e014e5a161f0175/67b353e8c755934221b8075b_1-lelo 10 reason why_REASON 1_03-p-500.png]
[cdn.prod.website-files.com/62014dd97e014e5a161f0175/67b3542c07ebc1815870078f_2-lelo 10 reason why_REASON 2_01.png]
[cdn.prod.website-files.com/62014dd97e014e5a161f0175/67b3542c07ebc1815870078f_2-lelo 10 reason why_REASON 2_01-p-500.png]
[cdn.prod.website-files.com/62014dd97e014e5a161f0175/67b3542c07ebc1815870078f_2-lelo 10 reason why_REASON 2_01-p-800.png]
[cdn.prod.website-files.com/62014dd97e014e5a161f0175/67b3542c07ebc1815870078f_2-lelo 10 reason why_REASON 2_01-p-1080.png]
[cdn.prod.website-files.com/62014dd97e014e5a161f0175/67b3542c07ebc1815870078f_2-lelo 10 reason why_REASON 2_01-p-1600.png]
[cdn.prod.website-files.com/62014dd97e014e5a161f0175/67b3542c07ebc1815870078f_2-lelo 10 reason why_REASON 2_01-p-2000.png]
[cdn.prod.website-files.com/62014dd97e014e5a161f0175/67b3542cb6ab9706159b17d8_2-lelo 10 reason why_REASON 2_02.png]
[cdn.prod.website-files.com/62014dd97e014e5a161f0175/67b3542cb6ab9706159b17d8_2-lelo 10 reason why_REASON 2_02-p-500.png]
[cdn.prod.website-files.com/62014dd97e014e5a161f0175/67b3542cb6ab9706159b17d8_2-lelo 10 reason why_REASON 2_02-p-800.png]
[cdn.prod.website-files.com/62014dd97e014e5a161f0175/67b3542cb6ab9706159b17d8_2-lelo 10 reason why_REASON 2_02-p-1080.png]
[cdn.prod.website-files.com/62014dd97e014e5a161f0175/67b3542cbad6d37a2b47b620_2-lelo 10 reason why_REASON 2_03.png]
[cdn.prod.website-files.com/62014dd97e014e5a161f0175/67b3542cbad6d37a2b47b620_2-lelo 10 reason why_REASON 2_03-p-500.png]
[cdn.prod.website-files.com/62014dd97e014e5a161f0175/67b35ba8a21f4479becf3440_3-lelo 10 reason why_REASON 3_01.png]
[cdn.prod.website-files.com/62014dd97e014e5a161f0175/67b35ba8a21f4479becf3440_3-lelo 10 reason why_REASON 3_01-p-500.png]
[cdn.prod.website-files.com/62014dd97e014e5a161f0175/67b35ba8a21f4479becf3440_3-lelo 10 reason why_REASON 3_01-p-800.png]
[cdn.prod.website-files.com/62014dd97e014e5a161f0175/67b35ba8a21f4479becf3440_3-lelo 10 reason why_REASON 3_01-p-1080.png]
[cdn.prod.website-files.com/62014dd97e014e5a161f0175/67b35ba8a21f4479becf3440_3-lelo 10 reason why_REASON 3_01-p-1600.png]
[cdn.prod.website-files.com/62014dd97e014e5a161f0175/67b35ba74269bb75da7fb551_3-lelo 10 reason why_REASON 3_02.png]
[cdn.prod.website-files.com/62014dd97e014e5a161f0175/67b35ba74269bb75da7fb551_3-lelo 10 reason why_REASON 3_02-p-500.png]
[cdn.prod.website-files.com/62014dd97e014e5a161f0175/67b35ba74269bb75da7fb551_3-lelo 10 reason why_REASON 3_02-p-800.png]
[cdn.prod.website-files.com/62014dd97e014e5a161f0175/67b35ba74269bb75da7fb551_3-lelo 10 reason why_REASON 3_02-p-1080.png]
[cdn.prod.website-files.com/62014dd97e014e5a161f0175/67b35ba7549cef02cd54dc23_3-lelo 10 reason why_REASON 3_03.png]
[cdn.prod.website-files.com/62014dd97e014e5a161f0175/67b35ba7549cef02cd54dc23_3-lelo 10 reason why_REASON 3_03-p-500.png]
[cdn.prod.website-files.com/62014dd97e014e5a161f0175/67d9444605813374d0d257a0_LELO_post_10reasonwhy_0 1.avif]
[cdn.prod.website-files.com/62014dd97e014e5a161f0175/67d944441d245818588a0735_LELO_post_10reasonwhy_0 2.avif]
[cdn.prod.website-files.com/62014dd97e014e5a161f0175/67d944441d245818588a0735_LELO_post_10reasonwhy_0 2-p-500.avif]
[cdn.prod.website-files.com/62014dd97e014e5a161f0175/67d943f9251ddd9942309812_LELO_post_10reasonwhy_0 3.avif]
[cdn.prod.website-files.com/62014dd97e014e5a161f0175/67d943f9251ddd9942309812_LELO_post_10reasonwhy_0 3-p-500.avif]
[cdn.prod.website-files.com/62014dd97e014e5a161f0175/67d944578b33f97e4aa4f940_LELO_post_10reasonwhy_0 3.avif]
[cdn.prod.website-files.com/62014dd97e014e5a161f0175/67d944578b33f97e4aa4f940_LELO_post_10reasonwhy_0 3-p-500.avif]
[cdn.prod.website-files.com/62014dd97e014e5a161f0175/67d944561f9ab44f65168fa5_LELO_post_10reasonwhy_0 2.avif]
[cdn.prod.website-files.com/62014dd97e014e5a161f0175/67d944561f9ab44f65168fa5_LELO_post_10reasonwhy_0 2-p-500.avif]
[cdn.prod.website-files.com/62014dd97e014e5a161f0175/67d94457bc2ad6a26e7c5f95_LELO_post_10reasonwhy_0 1.avif]
[cdn.prod.website-files.com/62014dd97e014e5a161f0175/67d94457bc2ad6a26e7c5f95_LELO_post_10reasonwhy_0 1-p-500.avif]
[cdn.prod.website-files.com/62014dd97e014e5a161f0175/67d9446605813374d0d26a42_LELO_post_10reasonwhy_0 3.avif]
[cdn.prod.website-files.com/62014dd97e014e5a161f0175/67d9446605813374d0d26a42_LELO_post_10reasonwhy_0 3-p-500.avif]
[cdn.prod.website-files.com/62014dd97e014e5a161f0175/67d94466aa949743311f4d50_LELO_post_10reasonwhy_0 2.avif]
[cdn.prod.website-files.com/62014dd97e014e5a161f0175/67d9446656a8c2898966db97_LELO_post_10reasonwhy_0 1.avif]
[cdn.prod.website-files.com/62014dd97e014e5a161f0175/67d9446656a8c2898966db97_LELO_post_10reasonwhy_0 1-p-500.avif]
[cdn.prod.website-files.com/62014dd97e014e5a161f0175/67d9447b00c29fce9d82c8f6_LELO_post_10reasonwhy_0 3.avif]
[cdn.prod.website-files.com/62014dd97e014e5a161f0175/67d9447b00c29fce9d82c8f6_LELO_post_10reasonwhy_0 3-p-500.avif]
[cdn.prod.website-files.com/62014dd97e014e5a161f0175/67d9447a3430db6cb2137cac_LELO_post_10reasonwhy_0 2.avif]
[cdn.prod.website-files.com/62014dd97e014e5a161f0175/67d9447a3430db6cb2137cac_LELO_post_10reasonwhy_0 2-p-500.avif]
[cdn.prod.website-files.com/62014dd97e014e5a161f0175/67d94478c5b1b3735876c47c_LELO_post_10reasonwhy_0 1.png]
[cdn.prod.website-files.com/62014dd97e014e5a161f0175/67d94478c5b1b3735876c47c_LELO_post_10reasonwhy_0 1-p-500.png]
[cdn.prod.website-files.com/62014dd97e014e5a161f0175/67d94478c5b1b3735876c47c_LELO_post_10reasonwhy_0 1-p-800.png]
[cdn.prod.website-files.com/62014dd97e014e5a161f0175/67d94478c5b1b3735876c47c_LELO_post_10reasonwhy_0 1-p-1080.png]
[lesgrosmotsfinal.webflow.io/projects/lelo/lelo.html]
[cdn.prod.website-files.com/62014dd97e014e5a161f0175/67bc8d6793de0707521388e0_bottom-more-more.png]
[cdn.prod.website-files.com/62014dd97e014e5a161f0175/67bc8dba91ee6cc0977888fc_bottom-more-more2.png]
[cdn.prod.website-files.com/62014dd97e014e5a161f0175/67a08a46a921f402fbbe410f_inside-phone-vinsta.jpg]
[cdn.prod.website-files.com/62014dd97e014e5a161f0175/67a08a46a921f402fbbe410f_inside-phone-vinsta-p-500.avif]
[cdn.prod.website-files.com/62014dd97e014e5a161f0175/67a08a46a921f402fbbe410f_inside-phone-vinsta-p-800.avif]
[cdn.prod.website-files.com/62014dd97e014e5a161f0175/67a08a46a921f402fbbe410f_inside-phone-vinsta-p-1080.avif]
[cdn.prod.website-files.com/62014dd97e014e5a161f0175/67a08a46a921f402fbbe410f_inside-phone-vinsta-p-1600.avif]
[cdn.prod.website-files.com/62014dd97e014e5a161f0175/67a08a46a921f402fbbe410f_inside-phone-vinsta-p-2000.avif]
[lesgrosmotsfinal.webflow.io/projects/vinsta/cheers-code.html]
[cdn.prod.website-files.com/62014dd97e014e5a161f0175/679a56eaeb003bbb6b5ecdf2_glaccon-poster-00001.jpg]
[cdn.prod.website-files.com/62014dd97e014e5a161f0175/679a56eaeb003bbb6b5ecdf2_glaccon-transcode.mp4]
[cdn.prod.website-files.com/62014dd97e014e5a161f0175/679a56eaeb003bbb6b5ecdf2_glaccon-transcode.webm]
[cdn.prod.website-files.com/62014dd97e014e5a161f0175/679a5cc7e806cd6a9f01c055_phone-chateau-crop.avif]
[cdn.prod.website-files.com/62014dd97e014e5a161f0175/679a5cc7e806cd6a9f01c055_phone-chateau-crop-p-500.avif]
[cdn.prod.website-files.com/62014dd97e014e5a161f0175/679a5cc7e806cd6a9f01c055_phone-chateau-crop-p-800.avif]
[lesgrosmotsfinal.webflow.io/projects/vinsta/chateau-do.html]
[cdn.prod.website-files.com/62014dd97e014e5a161f0175/67d93819d3e127e1f4e0a22f_AFF 2m2_BP_PDTS EMBLEMATIQUES_1185x1750mm_Ech1cinq_V289.webp]
[cdn.prod.website-files.com/62014dd97e014e5a161f0175/67d93819d3e127e1f4e0a22f_AFF 2m2_BP_PDTS EMBLEMATIQUES_1185x1750mm_Ech1cinq_V289-p-500.webp]
[cdn.prod.website-files.com/62014dd97e014e5a161f0175/67d938199ee02f76f06b9074_AFF 2m2_BP_PDTS EMBLEMATIQUES_1185x1750mm_Ech1cinq_V286.webp]
[cdn.prod.website-files.com/62014dd97e014e5a161f0175/67d938199ee02f76f06b9074_AFF 2m2_BP_PDTS EMBLEMATIQUES_1185x1750mm_Ech1cinq_V286-p-500.webp]
[cdn.prod.website-files.com/62014dd97e014e5a161f0175/67d9381664c7b5053a69789f_AFF 2m2_BP_PDTS EMBLEMATIQUES_1185x1750mm_Ech1cinq_V285.webp]
[cdn.prod.website-files.com/62014dd97e014e5a161f0175/67d9381664c7b5053a69789f_AFF 2m2_BP_PDTS EMBLEMATIQUES_1185x1750mm_Ech1cinq_V285-p-500.webp]
[cdn.prod.website-files.com/62014dd97e014e5a161f0175/67d938160a0d5afcf2243721_AFF 2m2_BP_PDTS EMBLEMATIQUES_1185x1750mm_Ech1cinq_V28.webp]
[cdn.prod.website-files.com/62014dd97e014e5a161f0175/67d938160a0d5afcf2243721_AFF 2m2_BP_PDTS EMBLEMATIQUES_1185x1750mm_Ech1cinq_V28-p-500.webp]
[cdn.prod.website-files.com/62014dd97e014e5a161f0175/67d93816d434dbf34705eb54_AFF 2m2_BP_PDTS EMBLEMATIQUES_1185x1750mm_Ech1cinq_V283.webp]
[cdn.prod.website-files.com/62014dd97e014e5a161f0175/67d93816d434dbf34705eb54_AFF 2m2_BP_PDTS EMBLEMATIQUES_1185x1750mm_Ech1cinq_V283-p-500.webp]
[cdn.prod.website-files.com/62014dd97e014e5a161f0175/67d938176283eb669ea361de_AFF 2m2_BP_PDTS EMBLEMATIQUES_1185x1750mm_Ech1cinq_V284.webp]
[cdn.prod.website-files.com/62014dd97e014e5a161f0175/67d938176283eb669ea361de_AFF 2m2_BP_PDTS EMBLEMATIQUES_1185x1750mm_Ech1cinq_V284-p-500.webp]
[cdn.prod.website-files.com/62014dd97e014e5a161f0175/67d9381825aeedc1a83c653b_AFF 2m2_BP_PDTS EMBLEMATIQUES_1185x1750mm_Ech1cinq_V282.webp]
[cdn.prod.website-files.com/62014dd97e014e5a161f0175/67d9381825aeedc1a83c653b_AFF 2m2_BP_PDTS EMBLEMATIQUES_1185x1750mm_Ech1cinq_V282-p-500.webp]
[cdn.prod.website-files.com/62014dd97e014e5a161f0175/67d93819902a16705afe6209_AFF 2m2_BP_PDTS EMBLEMATIQUES_1185x1750mm_Ech1cinq_V2810.webp]
[cdn.prod.website-files.com/62014dd97e014e5a161f0175/67d93819902a16705afe6209_AFF 2m2_BP_PDTS EMBLEMATIQUES_1185x1750mm_Ech1cinq_V2810-p-500.webp]
[cdn.prod.website-files.com/62014dd97e014e5a161f0175/67d938183430db6cb2065ce0_AFF 2m2_BP_PDTS EMBLEMATIQUES_1185x1750mm_Ech1cinq_V288.webp]
[cdn.prod.website-files.com/62014dd97e014e5a161f0175/67d938183430db6cb2065ce0_AFF 2m2_BP_PDTS EMBLEMATIQUES_1185x1750mm_Ech1cinq_V288-p-500.webp]
[lesgrosmotsfinal.webflow.io/projects/brioche-pasquier/50-ans-ou-40-ans-et-des-miettes.html]
[cdn.prod.website-files.com/62014dd97e014e5a161f0175/66f6ab27dbfb07a2d8baed1b_1speedy1.webp]
[cdn.prod.website-files.com/62014dd97e014e5a161f0175/66f6ab27dbfb07a2d8baed1b_1speedy1-p-500.webp]
[cdn.prod.website-files.com/62014dd97e014e5a161f0175/66f6ab27dbfb07a2d8baed1b_1speedy1-p-800.webp]
[cdn.prod.website-files.com/62014dd97e014e5a161f0175/66f6ab27dbfb07a2d8baed1b_1speedy1-p-1080.webp]
[cdn.prod.website-files.com/62014dd97e014e5a161f0175/66f6ab27dbfb07a2d8baed1b_1speedy1-p-1600.webp]
[cdn.prod.website-files.com/62014dd97e014e5a161f0175/66f6ab27dbfb07a2d8baed1b_1speedy1-p-2000.webp]
[cdn.prod.website-files.com/62014dd97e014e5a161f0175/66f6ab27dbfb07a2d8baed1b_1speedy1-p-2600.webp]
[cdn.prod.website-files.com/62014dd97e014e5a161f0175/66f6ab27393a5f5aa490f759_2speedy2.webp]
[cdn.prod.website-files.com/62014dd97e014e5a161f0175/66f6ab27393a5f5aa490f759_2speedy2-p-500.webp]
[cdn.prod.website-files.com/62014dd97e014e5a161f0175/66f6ab27393a5f5aa490f759_2speedy2-p-800.webp]
[cdn.prod.website-files.com/62014dd97e014e5a161f0175/66f6ab27393a5f5aa490f759_2speedy2-p-1080.webp]
[cdn.prod.website-files.com/62014dd97e014e5a161f0175/66f6ab27393a5f5aa490f759_2speedy2-p-1600.webp]
[cdn.prod.website-files.com/62014dd97e014e5a161f0175/66f6ab27393a5f5aa490f759_2speedy2-p-2000.webp]
[cdn.prod.website-files.com/62014dd97e014e5a161f0175/66f6ab27393a5f5aa490f759_2speedy2-p-2600.webp]
[cdn.prod.website-files.com/62014dd97e014e5a161f0175/66f6ab2754209eb062a7ca46_3speedy3.webp]
[cdn.prod.website-files.com/62014dd97e014e5a161f0175/66f6ab2754209eb062a7ca46_3speedy3-p-500.webp]
[cdn.prod.website-files.com/62014dd97e014e5a161f0175/66f6ab2754209eb062a7ca46_3speedy3-p-800.webp]
[cdn.prod.website-files.com/62014dd97e014e5a161f0175/66f6ab2754209eb062a7ca46_3speedy3-p-1080.webp]
[cdn.prod.website-files.com/62014dd97e014e5a161f0175/66f6ab2754209eb062a7ca46_3speedy3-p-1600.webp]
[cdn.prod.website-files.com/62014dd97e014e5a161f0175/66f6ab2754209eb062a7ca46_3speedy3-p-2000.webp]
[cdn.prod.website-files.com/62014dd97e014e5a161f0175/66f6ab2754209eb062a7ca46_3speedy3-p-2600.webp]
[cdn.prod.website-files.com/62014dd97e014e5a161f0175/66f6ab27b4b507ee72441c4c_4speedy4.webp]
[cdn.prod.website-files.com/62014dd97e014e5a161f0175/66f6ab27b4b507ee72441c4c_4speedy4-p-500.webp]
[cdn.prod.website-files.com/62014dd97e014e5a161f0175/66f6ab27b4b507ee72441c4c_4speedy4-p-800.webp]
[cdn.prod.website-files.com/62014dd97e014e5a161f0175/66f6ab27b4b507ee72441c4c_4speedy4-p-1080.webp]
[cdn.prod.website-files.com/62014dd97e014e5a161f0175/66f6ab27b4b507ee72441c4c_4speedy4-p-1600.webp]
[cdn.prod.website-files.com/62014dd97e014e5a161f0175/66f6ab27b4b507ee72441c4c_4speedy4-p-2000.webp]
[cdn.prod.website-files.com/62014dd97e014e5a161f0175/66f6ab27b4b507ee72441c4c_4speedy4-p-2600.webp]
[lesgrosmotsfinal.webflow.io/projects/speedy/speedy-jeux-olympique.html]
[cdn.prod.website-files.com/62014dd97e014e5a161f0175/66a8aefac0ff3145dea3e69f_affiche.webp]
[cdn.prod.website-files.com/62014dd97e014e5a161f0175/66a8aefac0ff3145dea3e69f_affiche-p-500.webp]
[cdn.prod.website-files.com/62014dd97e014e5a161f0175/66a8aefac0ff3145dea3e69f_affiche-p-800.webp]
[cdn.prod.website-files.com/62014dd97e014e5a161f0175/66a8aefac0ff3145dea3e69f_affiche-p-1080.webp]
[cdn.prod.website-files.com/62014dd97e014e5a161f0175/66a8aefac0ff3145dea3e69f_affiche-p-1600.webp]
[lesgrosmotsfinal.webflow.io/projects/saveol/une-alliance-bretonne.html]
[cdn.prod.website-files.com/62014dd97e014e5a161f0175/6530e88393d245f59fe704ad_SHARE-small-boeuf.jpg]
[cdn.prod.website-files.com/62014dd97e014e5a161f0175/66d0718a975f2f925ca7018f_3.avif]
[cdn.prod.website-files.com/62014dd97e014e5a161f0175/66d0718a975f2f925ca7018f_3-p-500.avif]
[cdn.prod.website-files.com/62014dd97e014e5a161f0175/66d0718d1addfbfc2edb21cb_2 copie.avif]
[cdn.prod.website-files.com/62014dd97e014e5a161f0175/66d0718d1addfbfc2edb21cb_2 copie-p-500.avif]
[cdn.prod.website-files.com/62014dd97e014e5a161f0175/66d074671a2bb389d90e0c56_4.avif]
[cdn.prod.website-files.com/62014dd97e014e5a161f0175/66d074671a2bb389d90e0c56_4-p-500.avif]
[cdn.prod.website-files.com/62014dd97e014e5a161f0175/66d0718ccbbd65fdab13ec64_3 copie 2.avif]
[cdn.prod.website-files.com/62014dd97e014e5a161f0175/66d0718ccbbd65fdab13ec64_3 copie 2-p-500.avif]
[cdn.prod.website-files.com/62014dd97e014e5a161f0175/66d0718c54e7fd7dc9584da3_3 copie.avif]
[cdn.prod.website-files.com/62014dd97e014e5a161f0175/66d0718c54e7fd7dc9584da3_3 copie-p-500.avif]
[cdn.prod.website-files.com/62014dd97e014e5a161f0175/66d0718a1addfbfc2edb1cc5_4.avif]
[cdn.prod.website-files.com/62014dd97e014e5a161f0175/66d0718a1addfbfc2edb1cc5_4-p-500.avif]
[cdn.prod.website-files.com/62014dd97e014e5a161f0175/66d074ee861bc6a26471db48_5.avif]
[cdn.prod.website-files.com/62014dd97e014e5a161f0175/66d074ee861bc6a26471db48_5-p-500.avif]
[cdn.prod.website-files.com/62014dd97e014e5a161f0175/66d08879355f230d53ec96ac_1 (2).avif]
[cdn.prod.website-files.com/62014dd97e014e5a161f0175/66d08879355f230d53ec96ac_1 (2)-p-500.avif]
[cdn.prod.website-files.com/62014dd97e014e5a161f0175/66d08880b3e2b8ef14d6e609_1_Ronde 9.avif]
[cdn.prod.website-files.com/62014dd97e014e5a161f0175/66d08880b3e2b8ef14d6e609_1_Ronde 9-p-500.avif]
[cdn.prod.website-files.com/62014dd97e014e5a161f0175/66d08879255ed9dc04a61403_1_Ronde 4 (2).avif]
[cdn.prod.website-files.com/62014dd97e014e5a161f0175/66d08879255ed9dc04a61403_1_Ronde 4 (2)-p-500.avif]
[cdn.prod.website-files.com/62014dd97e014e5a161f0175/66b3853005a0c3d27c30221a_boeuf_Radio 1.avif]
[cdn.prod.website-files.com/62014dd97e014e5a161f0175/66b3853005a0c3d27c30221a_boeuf_Radio 1-p-500.avif]
[cdn.prod.website-files.com/62014dd97e014e5a161f0175/66b3853005a0c3d27c30221a_boeuf_Radio 1-p-800.avif]
[cdn.prod.website-files.com/62014dd97e014e5a161f0175/66b3853005a0c3d27c30221a_boeuf_Radio 1-p-1080.avif]
[cdn.prod.website-files.com/62014dd97e014e5a161f0175/66d06a953ce2541ab0e1da17_radio-bio.webp]
[cdn.prod.website-files.com/62014dd97e014e5a161f0175/66d06a953ce2541ab0e1da17_radio-bio-p-500.webp]
[lesgrosmotsfinal.webflow.io/projects/cniel/les-produits-laitiers-cest-bio-logique.html]
[cdn.prod.website-files.com/62014dd97e014e5a161f0175/668d59ae3072f65682329fca_Metrobus_H_SAVEOL_COEURDEPIGEON_3M2_10.webp]
[cdn.prod.website-files.com/62014dd97e014e5a161f0175/668d59ae3072f65682329fca_Metrobus_H_SAVEOL_COEURDEPIGEON_3M2_10-p-500.webp]
[cdn.prod.website-files.com/62014dd97e014e5a161f0175/668d59ae3072f65682329fca_Metrobus_H_SAVEOL_COEURDEPIGEON_3M2_10-p-800.webp]
[cdn.prod.website-files.com/62014dd97e014e5a161f0175/668d59ae3072f65682329fca_Metrobus_H_SAVEOL_COEURDEPIGEON_3M2_10-p-1080.webp]
[cdn.prod.website-files.com/62014dd97e014e5a161f0175/668d59ae3072f65682329fc0_Metrobus_H_SAVEOL_COEURDEPIGEON_3M2_102.webp]
[cdn.prod.website-files.com/62014dd97e014e5a161f0175/668d59ae3072f65682329fc0_Metrobus_H_SAVEOL_COEURDEPIGEON_3M2_102-p-500.webp]
[cdn.prod.website-files.com/62014dd97e014e5a161f0175/668d59ae3072f65682329fc0_Metrobus_H_SAVEOL_COEURDEPIGEON_3M2_102-p-800.webp]
[cdn.prod.website-files.com/62014dd97e014e5a161f0175/668d59ae3072f65682329fc0_Metrobus_H_SAVEOL_COEURDEPIGEON_3M2_102-p-1080.webp]
[cdn.prod.website-files.com/62014dd97e014e5a161f0175/668d59ae3072f65682329fd1_Metrobus_H_SAVEOL_COEURDEPIGEON_3M2_103.webp]
[cdn.prod.website-files.com/62014dd97e014e5a161f0175/668d59ae3072f65682329fd1_Metrobus_H_SAVEOL_COEURDEPIGEON_3M2_103-p-500.webp]
[cdn.prod.website-files.com/62014dd97e014e5a161f0175/668d59ae3072f65682329fd1_Metrobus_H_SAVEOL_COEURDEPIGEON_3M2_103-p-800.webp]
[cdn.prod.website-files.com/62014dd97e014e5a161f0175/668d59ae3072f65682329fd1_Metrobus_H_SAVEOL_COEURDEPIGEON_3M2_103-p-1080.webp]
[cdn.prod.website-files.com/62014dd97e014e5a161f0175/668d585cd7b5c5b5edc5749a_Metrobus_I_SAVEOL_COLLECTIONGOURMANDE_3M2_10.webp]
[cdn.prod.website-files.com/62014dd97e014e5a161f0175/668d585cd7b5c5b5edc5749a_Metrobus_I_SAVEOL_COLLECTIONGOURMANDE_3M2_10-p-500.webp]
[cdn.prod.website-files.com/62014dd97e014e5a161f0175/668d585cd7b5c5b5edc5749a_Metrobus_I_SAVEOL_COLLECTIONGOURMANDE_3M2_10-p-800.webp]
[cdn.prod.website-files.com/62014dd97e014e5a161f0175/668d585cd7b5c5b5edc5749a_Metrobus_I_SAVEOL_COLLECTIONGOURMANDE_3M2_10-p-1080.webp]
[cdn.prod.website-files.com/62014dd97e014e5a161f0175/668d585d00e6bb6a5333cfef_Metrobus_I_SAVEOL_COLLECTIONGOURMANDE_3M2_102.webp]
[cdn.prod.website-files.com/62014dd97e014e5a161f0175/668d585d00e6bb6a5333cfef_Metrobus_I_SAVEOL_COLLECTIONGOURMANDE_3M2_102-p-500.webp]
[cdn.prod.website-files.com/62014dd97e014e5a161f0175/668d585d00e6bb6a5333cfef_Metrobus_I_SAVEOL_COLLECTIONGOURMANDE_3M2_102-p-800.webp]
[cdn.prod.website-files.com/62014dd97e014e5a161f0175/668d585d00e6bb6a5333cfef_Metrobus_I_SAVEOL_COLLECTIONGOURMANDE_3M2_102-p-1080.webp]
[cdn.prod.website-files.com/62014dd97e014e5a161f0175/668d585d676b44e22e10b2f1_Metrobus_I_SAVEOL_COLLECTIONGOURMANDE_3M2_103.webp]
[cdn.prod.website-files.com/62014dd97e014e5a161f0175/668d585d676b44e22e10b2f1_Metrobus_I_SAVEOL_COLLECTIONGOURMANDE_3M2_103-p-500.webp]
[cdn.prod.website-files.com/62014dd97e014e5a161f0175/668d585d676b44e22e10b2f1_Metrobus_I_SAVEOL_COLLECTIONGOURMANDE_3M2_103-p-800.webp]
[cdn.prod.website-files.com/62014dd97e014e5a161f0175/668d585d676b44e22e10b2f1_Metrobus_I_SAVEOL_COLLECTIONGOURMANDE_3M2_103-p-1080.webp]
[cdn.prod.website-files.com/62014dd97e014e5a161f0175/668d59e279c7692793b65826_Metrobus_G_SAVEOL_MÉLI-MÉLO_3M2_10.webp]
[cdn.prod.website-files.com/62014dd97e014e5a161f0175/668d59e279c7692793b65826_Metrobus_G_SAVEOL_MÉLI-MÉLO_3M2_10-p-500.webp]
[cdn.prod.website-files.com/62014dd97e014e5a161f0175/668d59e279c7692793b65826_Metrobus_G_SAVEOL_MÉLI-MÉLO_3M2_10-p-800.webp]
[cdn.prod.website-files.com/62014dd97e014e5a161f0175/668d59e279c7692793b65826_Metrobus_G_SAVEOL_MÉLI-MÉLO_3M2_10-p-1080.webp]
[cdn.prod.website-files.com/62014dd97e014e5a161f0175/668d59e21f9b9128285a94b6_Metrobus_G_SAVEOL_MÉLI-MÉLO_3M2_102.webp]
[cdn.prod.website-files.com/62014dd97e014e5a161f0175/668d59e21f9b9128285a94b6_Metrobus_G_SAVEOL_MÉLI-MÉLO_3M2_102-p-500.webp]
[cdn.prod.website-files.com/62014dd97e014e5a161f0175/668d59e21f9b9128285a94b6_Metrobus_G_SAVEOL_MÉLI-MÉLO_3M2_102-p-800.webp]
[cdn.prod.website-files.com/62014dd97e014e5a161f0175/668d59e21f9b9128285a94b6_Metrobus_G_SAVEOL_MÉLI-MÉLO_3M2_102-p-1080.webp]
[cdn.prod.website-files.com/62014dd97e014e5a161f0175/668d59e240063734a310054d_Metrobus_G_SAVEOL_MÉLI-MÉLO_3M2_103.webp]
[cdn.prod.website-files.com/62014dd97e014e5a161f0175/668d59e240063734a310054d_Metrobus_G_SAVEOL_MÉLI-MÉLO_3M2_103-p-500.webp]
[cdn.prod.website-files.com/62014dd97e014e5a161f0175/668d59e240063734a310054d_Metrobus_G_SAVEOL_MÉLI-MÉLO_3M2_103-p-800.webp]
[cdn.prod.website-files.com/62014dd97e014e5a161f0175/668d59e240063734a310054d_Metrobus_G_SAVEOL_MÉLI-MÉLO_3M2_103-p-1080.webp]
[cdn.prod.website-files.com/62014dd97e014e5a161f0175/666708f107fff9c9928e68c7_Quai OOH_5.webp]
[cdn.prod.website-files.com/62014dd97e014e5a161f0175/666708f107fff9c9928e68c7_Quai OOH_5-p-500.webp]
[cdn.prod.website-files.com/62014dd97e014e5a161f0175/666708f107fff9c9928e68c7_Quai OOH_5-p-800.webp]
[cdn.prod.website-files.com/62014dd97e014e5a161f0175/666708f107fff9c9928e68c7_Quai OOH_5-p-1080.webp]
[cdn.prod.website-files.com/62014dd97e014e5a161f0175/666708f107fff9c9928e68c7_Quai OOH_5-p-1600.webp]
[lesgrosmotsfinal.webflow.io/projects/saveol/tellement-bretonnes-2024.html]
[cdn.prod.website-files.com/62014dd97e014e5a161f0175/661cde870ddaf4f7d38717ae_AVOCAT_1.webp]
[cdn.prod.website-files.com/62014dd97e014e5a161f0175/661cde870ddaf4f7d38717ae_AVOCAT_1-p-500.webp]
[cdn.prod.website-files.com/62014dd97e014e5a161f0175/661cde870ddaf4f7d38717ae_AVOCAT_1-p-800.webp]
[cdn.prod.website-files.com/62014dd97e014e5a161f0175/661cde870ddaf4f7d38717ae_AVOCAT_1-p-1080.webp]
[cdn.prod.website-files.com/62014dd97e014e5a161f0175/661cde8818b262df32b5f51a_CONCOMBRE_1.webp]
[cdn.prod.website-files.com/62014dd97e014e5a161f0175/661cde8818b262df32b5f51a_CONCOMBRE_1-p-500.webp]
[cdn.prod.website-files.com/62014dd97e014e5a161f0175/661cde8818b262df32b5f51a_CONCOMBRE_1-p-800.webp]
[cdn.prod.website-files.com/62014dd97e014e5a161f0175/661cde8818b262df32b5f51a_CONCOMBRE_1-p-1080.webp]
[cdn.prod.website-files.com/62014dd97e014e5a161f0175/661cde87b69beaf2f61ae7ee_POIRE_1.webp]
[cdn.prod.website-files.com/62014dd97e014e5a161f0175/661cde87b69beaf2f61ae7ee_POIRE_1-p-500.webp]
[cdn.prod.website-files.com/62014dd97e014e5a161f0175/661cde87b69beaf2f61ae7ee_POIRE_1-p-800.webp]
[cdn.prod.website-files.com/62014dd97e014e5a161f0175/661cde87b69beaf2f61ae7ee_POIRE_1-p-1080.webp]
[lesgrosmotsfinal.webflow.io/projects/interfel/jamais-trop-mixte.html]
[cdn.prod.website-files.com/62014dd97e014e5a161f0175/660e6cdb15a0dadcfcd236bc_24.01.22_mosaique_RVB31.webp]
[cdn.prod.website-files.com/62014dd97e014e5a161f0175/660e6cdb15a0dadcfcd236bc_24.01.22_mosaique_RVB31-p-500.webp]
[cdn.prod.website-files.com/62014dd97e014e5a161f0175/660e6cdb15a0dadcfcd236bc_24.01.22_mosaique_RVB31-p-800.webp]
[cdn.prod.website-files.com/62014dd97e014e5a161f0175/660e6cd175f4f1eba2504396_24.01.22_mosaique_RVB.jpg]
[cdn.prod.website-files.com/62014dd97e014e5a161f0175/660e6cd175f4f1eba2504396_24.01.22_mosaique_RVB-p-500.webp]
[cdn.prod.website-files.com/62014dd97e014e5a161f0175/660e6cd175f4f1eba2504396_24.01.22_mosaique_RVB-p-800.webp]
[cdn.prod.website-files.com/62014dd97e014e5a161f0175/660e6cd7e2ab56336296ae1f_24.01.22_mosaique_RVB21.webp]
[cdn.prod.website-files.com/62014dd97e014e5a161f0175/660e6cd7e2ab56336296ae1f_24.01.22_mosaique_RVB21-p-500.webp]
[cdn.prod.website-files.com/62014dd97e014e5a161f0175/660e6cd7e2ab56336296ae1f_24.01.22_mosaique_RVB21-p-800.webp]
[cdn.prod.website-files.com/62014dd97e014e5a161f0175/660e6cd0e48e31df7a3d261a_24.01.22_mosaique_RVB2.jpg]
[cdn.prod.website-files.com/62014dd97e014e5a161f0175/660e6cd0e48e31df7a3d261a_24.01.22_mosaique_RVB2-p-500.webp]
[cdn.prod.website-files.com/62014dd97e014e5a161f0175/660e6cd0e48e31df7a3d261a_24.01.22_mosaique_RVB2-p-800.webp]
[cdn.prod.website-files.com/62014dd97e014e5a161f0175/660e6cd68bb804f89ecafc0f_24.01.22_mosaique_RVB18.webp]
[cdn.prod.website-files.com/62014dd97e014e5a161f0175/660e6cd68bb804f89ecafc0f_24.01.22_mosaique_RVB18-p-500.webp]
[cdn.prod.website-files.com/62014dd97e014e5a161f0175/660e6cd68bb804f89ecafc0f_24.01.22_mosaique_RVB18-p-800.webp]
[cdn.prod.website-files.com/62014dd97e014e5a161f0175/660e6cda368b943fbff83d7a_24.01.22_mosaique_RVB28.jpg]
[cdn.prod.website-files.com/62014dd97e014e5a161f0175/660e6cda368b943fbff83d7a_24.01.22_mosaique_RVB28-p-500.webp]
[cdn.prod.website-files.com/62014dd97e014e5a161f0175/660e6cda368b943fbff83d7a_24.01.22_mosaique_RVB28-p-800.webp]
[cdn.prod.website-files.com/62014dd97e014e5a161f0175/660e6cd7fd27450b7cf3c68e_24.01.22_mosaique_RVB19.webp]
[cdn.prod.website-files.com/62014dd97e014e5a161f0175/660e6cd7fd27450b7cf3c68e_24.01.22_mosaique_RVB19-p-500.webp]
[cdn.prod.website-files.com/62014dd97e014e5a161f0175/660e6cd7fd27450b7cf3c68e_24.01.22_mosaique_RVB19-p-800.webp]
[cdn.prod.website-files.com/62014dd97e014e5a161f0175/660e6cd0e8131d53723c40d2_24.01.22_mosaique_RVB3.jpg]
[cdn.prod.website-files.com/62014dd97e014e5a161f0175/660e6cd0e8131d53723c40d2_24.01.22_mosaique_RVB3-p-500.webp]
[cdn.prod.website-files.com/62014dd97e014e5a161f0175/660e6cd0e8131d53723c40d2_24.01.22_mosaique_RVB3-p-800.webp]
[cdn.prod.website-files.com/62014dd97e014e5a161f0175/660e6cd6445fe440df224cc3_24.01.22_mosaique_RVB20.jpg]
[cdn.prod.website-files.com/62014dd97e014e5a161f0175/660e6cd6445fe440df224cc3_24.01.22_mosaique_RVB20-p-500.webp]
[cdn.prod.website-files.com/62014dd97e014e5a161f0175/660e6cd6445fe440df224cc3_24.01.22_mosaique_RVB20-p-800.webp]
[cdn.prod.website-files.com/62014dd97e014e5a161f0175/660e6cd10e242f9c38cca61c_24.01.22_mosaique_RVB5.webp]
[cdn.prod.website-files.com/62014dd97e014e5a161f0175/660e6cd10e242f9c38cca61c_24.01.22_mosaique_RVB5-p-500.webp]
[cdn.prod.website-files.com/62014dd97e014e5a161f0175/660e6cd10e242f9c38cca61c_24.01.22_mosaique_RVB5-p-800.webp]
[cdn.prod.website-files.com/62014dd97e014e5a161f0175/660e6cda2a81b1684d445079_24.01.22_mosaique_RVB30.webp]
[cdn.prod.website-files.com/62014dd97e014e5a161f0175/660e6cda2a81b1684d445079_24.01.22_mosaique_RVB30-p-500.webp]
[cdn.prod.website-files.com/62014dd97e014e5a161f0175/660e6cda2a81b1684d445079_24.01.22_mosaique_RVB30-p-800.webp]
[cdn.prod.website-files.com/62014dd97e014e5a161f0175/660e6cd12a81b1684d444774_24.01.22_mosaique_RVB6.jpg]
[cdn.prod.website-files.com/62014dd97e014e5a161f0175/660e6cd12a81b1684d444774_24.01.22_mosaique_RVB6-p-500.webp]
[cdn.prod.website-files.com/62014dd97e014e5a161f0175/660e6cd12a81b1684d444774_24.01.22_mosaique_RVB6-p-800.webp]
[cdn.prod.website-files.com/62014dd97e014e5a161f0175/660e6cd8445fe440df224d48_24.01.22_mosaique_RVB22.jpg]
[cdn.prod.website-files.com/62014dd97e014e5a161f0175/660e6cd8445fe440df224d48_24.01.22_mosaique_RVB22-p-500.webp]
[cdn.prod.website-files.com/62014dd97e014e5a161f0175/660e6cd8445fe440df224d48_24.01.22_mosaique_RVB22-p-800.webp]
[cdn.prod.website-files.com/62014dd97e014e5a161f0175/660e6cd27b4123875395705c_24.01.22_mosaique_RVB7.webp]
[cdn.prod.website-files.com/62014dd97e014e5a161f0175/660e6cd27b4123875395705c_24.01.22_mosaique_RVB7-p-500.webp]
[cdn.prod.website-files.com/62014dd97e014e5a161f0175/660e6cd27b4123875395705c_24.01.22_mosaique_RVB7-p-800.webp]
[cdn.prod.website-files.com/62014dd97e014e5a161f0175/660e6cd80f3fcce6339d170e_24.01.22_mosaique_RVB23.webp]
[cdn.prod.website-files.com/62014dd97e014e5a161f0175/660e6cd80f3fcce6339d170e_24.01.22_mosaique_RVB23-p-500.webp]
[cdn.prod.website-files.com/62014dd97e014e5a161f0175/660e6cd80f3fcce6339d170e_24.01.22_mosaique_RVB23-p-800.webp]
[cdn.prod.website-files.com/62014dd97e014e5a161f0175/660e6cd48aa869aefc2e6471_24.01.22_mosaique_RVB12.webp]
[cdn.prod.website-files.com/62014dd97e014e5a161f0175/660e6cd48aa869aefc2e6471_24.01.22_mosaique_RVB12-p-500.webp]
[cdn.prod.website-files.com/62014dd97e014e5a161f0175/660e6cd48aa869aefc2e6471_24.01.22_mosaique_RVB12-p-800.webp]
[cdn.prod.website-files.com/62014dd97e014e5a161f0175/660e6cd92a265d83e7dee45a_24.01.22_mosaique_RVB24.webp]
[cdn.prod.website-files.com/62014dd97e014e5a161f0175/660e6cd92a265d83e7dee45a_24.01.22_mosaique_RVB24-p-500.webp]
[cdn.prod.website-files.com/62014dd97e014e5a161f0175/660e6cd92a265d83e7dee45a_24.01.22_mosaique_RVB24-p-800.webp]
[cdn.prod.website-files.com/62014dd97e014e5a161f0175/660e6cd37b41238753957193_24.01.22_mosaique_RVB10.jpg]
[cdn.prod.website-files.com/62014dd97e014e5a161f0175/660e6cd37b41238753957193_24.01.22_mosaique_RVB10-p-500.webp]
[cdn.prod.website-files.com/62014dd97e014e5a161f0175/660e6cd37b41238753957193_24.01.22_mosaique_RVB10-p-800.webp]
[cdn.prod.website-files.com/62014dd97e014e5a161f0175/660e6cd65f312065f43f8f7b_24.01.22_mosaique_RVB16.webp]
[cdn.prod.website-files.com/62014dd97e014e5a161f0175/660e6cd65f312065f43f8f7b_24.01.22_mosaique_RVB16-p-500.webp]
[cdn.prod.website-files.com/62014dd97e014e5a161f0175/660e6cd65f312065f43f8f7b_24.01.22_mosaique_RVB16-p-800.webp]
[cdn.prod.website-files.com/62014dd97e014e5a161f0175/660e6cd3cb0edda7cef2439f_24.01.22_mosaique_RVB9.webp]
[cdn.prod.website-files.com/62014dd97e014e5a161f0175/660e6cd3cb0edda7cef2439f_24.01.22_mosaique_RVB9-p-500.webp]
[cdn.prod.website-files.com/62014dd97e014e5a161f0175/660e6cd3cb0edda7cef2439f_24.01.22_mosaique_RVB9-p-800.webp]
[cdn.prod.website-files.com/62014dd97e014e5a161f0175/660e6cd6e2e07aa3f22f8120_24.01.22_mosaique_RVB17.webp]
[cdn.prod.website-files.com/62014dd97e014e5a161f0175/660e6cd6e2e07aa3f22f8120_24.01.22_mosaique_RVB17-p-500.webp]
[cdn.prod.website-files.com/62014dd97e014e5a161f0175/660e6cd6e2e07aa3f22f8120_24.01.22_mosaique_RVB17-p-800.webp]
[cdn.prod.website-files.com/62014dd97e014e5a161f0175/66164b2df8112efb4637d616_RAISIN_JAMAIS TROP DOUX.webp]
[cdn.prod.website-files.com/62014dd97e014e5a161f0175/66164b2df8112efb4637d616_RAISIN_JAMAIS TROP DOUX-p-500.webp]
[cdn.prod.website-files.com/62014dd97e014e5a161f0175/66164b2df8112efb4637d616_RAISIN_JAMAIS TROP DOUX-p-800.webp]
[cdn.prod.website-files.com/62014dd97e014e5a161f0175/660e6cd915a0dadcfcd235ce_24.01.22_mosaique_RVB26.webp]
[cdn.prod.website-files.com/62014dd97e014e5a161f0175/660e6cd915a0dadcfcd235ce_24.01.22_mosaique_RVB26-p-500.webp]
[cdn.prod.website-files.com/62014dd97e014e5a161f0175/660e6cd915a0dadcfcd235ce_24.01.22_mosaique_RVB26-p-800.webp]
[cdn.prod.website-files.com/62014dd97e014e5a161f0175/660e6cd46da1dcf1f9947c9f_24.01.22_mosaique_RVB13.webp]
[cdn.prod.website-files.com/62014dd97e014e5a161f0175/660e6cd46da1dcf1f9947c9f_24.01.22_mosaique_RVB13-p-500.webp]
[cdn.prod.website-files.com/62014dd97e014e5a161f0175/660e6cd46da1dcf1f9947c9f_24.01.22_mosaique_RVB13-p-800.webp]
[cdn.prod.website-files.com/62014dd97e014e5a161f0175/660e6cdb1fe460b59d4f12e7_24.01.22_mosaique_RVB29.webp]
[cdn.prod.website-files.com/62014dd97e014e5a161f0175/660e6cdb1fe460b59d4f12e7_24.01.22_mosaique_RVB29-p-500.webp]
[cdn.prod.website-files.com/62014dd97e014e5a161f0175/660e6cdb1fe460b59d4f12e7_24.01.22_mosaique_RVB29-p-800.webp]
[cdn.prod.website-files.com/62014dd97e014e5a161f0175/660e6cdd7b41238753957e01_24.01.22_mosaique_RVB32.jpg]
[cdn.prod.website-files.com/62014dd97e014e5a161f0175/660e6cdd7b41238753957e01_24.01.22_mosaique_RVB32-p-500.webp]
[cdn.prod.website-files.com/62014dd97e014e5a161f0175/660e6cdd7b41238753957e01_24.01.22_mosaique_RVB32-p-800.webp]
[cdn.prod.website-files.com/62014dd97e014e5a161f0175/660e6cd978f7fff23d119896_24.01.22_mosaique_RVB25.webp]
[cdn.prod.website-files.com/62014dd97e014e5a161f0175/660e6cd978f7fff23d119896_24.01.22_mosaique_RVB25-p-500.webp]
[cdn.prod.website-files.com/62014dd97e014e5a161f0175/660e6cd978f7fff23d119896_24.01.22_mosaique_RVB25-p-800.webp]
[cdn.prod.website-files.com/62014dd97e014e5a161f0175/660e6cd5ce54ab6b8b7a4ca5_24.01.22_mosaique_RVB15.jpg]
[cdn.prod.website-files.com/62014dd97e014e5a161f0175/660e6cd5ce54ab6b8b7a4ca5_24.01.22_mosaique_RVB15-p-500.webp]
[cdn.prod.website-files.com/62014dd97e014e5a161f0175/660e6cd5ce54ab6b8b7a4ca5_24.01.22_mosaique_RVB15-p-800.webp]
[cdn.prod.website-files.com/62014dd97e014e5a161f0175/660e6ccf0e242f9c38cca48d_24.01.22_mosaique_RVB4.jpg]
[cdn.prod.website-files.com/62014dd97e014e5a161f0175/660e6ccf0e242f9c38cca48d_24.01.22_mosaique_RVB4-p-500.webp]
[cdn.prod.website-files.com/62014dd97e014e5a161f0175/660e6ccf0e242f9c38cca48d_24.01.22_mosaique_RVB4-p-800.webp]
[cdn.prod.website-files.com/62014dd97e014e5a161f0175/660e6cd40f3fcce6339d0f3f_24.01.22_mosaique_RVB14.webp]
[cdn.prod.website-files.com/62014dd97e014e5a161f0175/660e6cd40f3fcce6339d0f3f_24.01.22_mosaique_RVB14-p-500.webp]
[cdn.prod.website-files.com/62014dd97e014e5a161f0175/660e6cd40f3fcce6339d0f3f_24.01.22_mosaique_RVB14-p-800.webp]
[cdn.prod.website-files.com/62014dd97e014e5a161f0175/660e6cda8bb804f89ecaff05_24.01.22_mosaique_RVB27.webp]
[cdn.prod.website-files.com/62014dd97e014e5a161f0175/660e6cda8bb804f89ecaff05_24.01.22_mosaique_RVB27-p-500.webp]
[cdn.prod.website-files.com/62014dd97e014e5a161f0175/660e6cda8bb804f89ecaff05_24.01.22_mosaique_RVB27-p-800.webp]
[cdn.prod.website-files.com/62014dd97e014e5a161f0175/660e6cd32d87d1c0f2b7ba4b_24.01.22_mosaique_RVB8.webp]
[cdn.prod.website-files.com/62014dd97e014e5a161f0175/660e6cd32d87d1c0f2b7ba4b_24.01.22_mosaique_RVB8-p-500.webp]
[cdn.prod.website-files.com/62014dd97e014e5a161f0175/660e6cd32d87d1c0f2b7ba4b_24.01.22_mosaique_RVB8-p-800.webp]
[cdn.prod.website-files.com/62014dd97e014e5a161f0175/660eb221980c410dd5eb2270_bandeau-jmais-trop-2024.webp]
[cdn.prod.website-files.com/62014dd97e014e5a161f0175/660eb221980c410dd5eb2270_bandeau-jmais-trop-2024-p-500.webp]
[cdn.prod.website-files.com/62014dd97e014e5a161f0175/660eb221980c410dd5eb2270_bandeau-jmais-trop-2024-p-800.webp]
[cdn.prod.website-files.com/62014dd97e014e5a161f0175/660eb221980c410dd5eb2270_bandeau-jmais-trop-2024-p-1080.webp]
[cdn.prod.website-files.com/62014dd97e014e5a161f0175/660eb221980c410dd5eb2270_bandeau-jmais-trop-2024-p-1600.webp]
[cdn.prod.website-files.com/62014dd97e014e5a161f0175/660fb2fc8dd0f4a10d634c2b_1-AFF_12m2_INTERFEL_Avril2024_396x300cm_ech1dix_MOSAIQUE1.webp]
[cdn.prod.website-files.com/62014dd97e014e5a161f0175/660fb2fc8dd0f4a10d634c2b_1-AFF_12m2_INTERFEL_Avril2024_396x300cm_ech1dix_MOSAIQUE1-p-500.webp]
[cdn.prod.website-files.com/62014dd97e014e5a161f0175/660fb2fc8dd0f4a10d634c2b_1-AFF_12m2_INTERFEL_Avril2024_396x300cm_ech1dix_MOSAIQUE1-p-800.webp]
[cdn.prod.website-files.com/62014dd97e014e5a161f0175/660fb2fc8dd0f4a10d634c2b_1-AFF_12m2_INTERFEL_Avril2024_396x300cm_ech1dix_MOSAIQUE1-p-1080.webp]
[cdn.prod.website-files.com/62014dd97e014e5a161f0175/660fb2fcb6562e5cd681b552_2-AFF_12m2_INTERFEL_Avril2024_396x300cm_ech1dix_MOSAIQUE2.webp]
[cdn.prod.website-files.com/62014dd97e014e5a161f0175/660fb2fcb6562e5cd681b552_2-AFF_12m2_INTERFEL_Avril2024_396x300cm_ech1dix_MOSAIQUE2-p-500.webp]
[cdn.prod.website-files.com/62014dd97e014e5a161f0175/660fb2fcb6562e5cd681b552_2-AFF_12m2_INTERFEL_Avril2024_396x300cm_ech1dix_MOSAIQUE2-p-800.webp]
[cdn.prod.website-files.com/62014dd97e014e5a161f0175/660fb2fcb6562e5cd681b552_2-AFF_12m2_INTERFEL_Avril2024_396x300cm_ech1dix_MOSAIQUE2-p-1080.webp]
[cdn.prod.website-files.com/62014dd97e014e5a161f0175/660fb2fdb44b29670f58ec23_3-AFF_12m2_INTERFEL_Avril2024_396x300cm_ech1dix_MOSAIQUE3.webp]
[cdn.prod.website-files.com/62014dd97e014e5a161f0175/660fb2fdb44b29670f58ec23_3-AFF_12m2_INTERFEL_Avril2024_396x300cm_ech1dix_MOSAIQUE3-p-500.webp]
[cdn.prod.website-files.com/62014dd97e014e5a161f0175/660fb2fdb44b29670f58ec23_3-AFF_12m2_INTERFEL_Avril2024_396x300cm_ech1dix_MOSAIQUE3-p-800.webp]
[cdn.prod.website-files.com/62014dd97e014e5a161f0175/660fb2fdb44b29670f58ec23_3-AFF_12m2_INTERFEL_Avril2024_396x300cm_ech1dix_MOSAIQUE3-p-1080.webp]
[cdn.prod.website-files.com/62014dd97e014e5a161f0175/660fb2fd93505cfa6cd37fe2_4-AFF_12m2_INTERFEL_Avril2024_396x300cm_ech1dix_MOSAIQUE4.webp]
[cdn.prod.website-files.com/62014dd97e014e5a161f0175/660fb2fd93505cfa6cd37fe2_4-AFF_12m2_INTERFEL_Avril2024_396x300cm_ech1dix_MOSAIQUE4-p-500.webp]
[cdn.prod.website-files.com/62014dd97e014e5a161f0175/660fb2fd93505cfa6cd37fe2_4-AFF_12m2_INTERFEL_Avril2024_396x300cm_ech1dix_MOSAIQUE4-p-800.webp]
[cdn.prod.website-files.com/62014dd97e014e5a161f0175/660fb2fd93505cfa6cd37fe2_4-AFF_12m2_INTERFEL_Avril2024_396x300cm_ech1dix_MOSAIQUE4-p-1080.webp]
[cdn.prod.website-files.com/62014dd97e014e5a161f0175/660fb2fc61282e8abea994ef_5-AFF_12m2_INTERFEL_Avril2024_396x300cm_ech1dix_MOSAIQUE5.webp]
[cdn.prod.website-files.com/62014dd97e014e5a161f0175/660fb2fc61282e8abea994ef_5-AFF_12m2_INTERFEL_Avril2024_396x300cm_ech1dix_MOSAIQUE5-p-500.webp]
[cdn.prod.website-files.com/62014dd97e014e5a161f0175/660fb2fc61282e8abea994ef_5-AFF_12m2_INTERFEL_Avril2024_396x300cm_ech1dix_MOSAIQUE5-p-800.webp]
[cdn.prod.website-files.com/62014dd97e014e5a161f0175/660fb2fc61282e8abea994ef_5-AFF_12m2_INTERFEL_Avril2024_396x300cm_ech1dix_MOSAIQUE5-p-1080.webp]
[lesgrosmotsfinal.webflow.io/projects/interfel/jamais-trop-2024.html]
[cdn.prod.website-files.com/62014dd97e014e5a161f0175/661fb6853cc8c085f4aee515_DOOH_Merlan_2-poster-00001.jpg]
[cdn.prod.website-files.com/62014dd97e014e5a161f0175/661fb6853cc8c085f4aee515_DOOH_Merlan_2-transcode.mp4]
[cdn.prod.website-files.com/62014dd97e014e5a161f0175/661fb6853cc8c085f4aee515_DOOH_Merlan_2-transcode.webm]
[cdn.prod.website-files.com/62014dd97e014e5a161f0175/6616a38e18e7dfb5f39fda7f_mook-new.webp]
[cdn.prod.website-files.com/62014dd97e014e5a161f0175/6616a38e18e7dfb5f39fda7f_mook-new-p-500.webp]
[cdn.prod.website-files.com/62014dd97e014e5a161f0175/6616a38e18e7dfb5f39fda7f_mook-new-p-800.webp]
[cdn.prod.website-files.com/62014dd97e014e5a161f0175/6616a38e18e7dfb5f39fda7f_mook-new-p-1080.webp]
[cdn.prod.website-files.com/62014dd97e014e5a161f0175/661fb915aada713416ca3ed7_DOOH_Vieille_2-poster-00001.jpg]
[cdn.prod.website-files.com/62014dd97e014e5a161f0175/661fb915aada713416ca3ed7_DOOH_Vieille_2-transcode.mp4]
[cdn.prod.website-files.com/62014dd97e014e5a161f0175/661fb915aada713416ca3ed7_DOOH_Vieille_2-transcode.webm]
[cdn.prod.website-files.com/62014dd97e014e5a161f0175/661fb93063c6a52f7a6ca029_DOOH_Raie_2-poster-00001.jpg]
[cdn.prod.website-files.com/62014dd97e014e5a161f0175/661fb93063c6a52f7a6ca029_DOOH_Raie_2-transcode.mp4]
[cdn.prod.website-files.com/62014dd97e014e5a161f0175/661fb93063c6a52f7a6ca029_DOOH_Raie_2-transcode.webm]
[cdn.prod.website-files.com/62014dd97e014e5a161f0175/661fb9421f9d478105d25d70_DOOH_Bulot_2-poster-00001.jpg]
[cdn.prod.website-files.com/62014dd97e014e5a161f0175/661fb9421f9d478105d25d70_DOOH_Bulot_2-transcode.mp4]
[cdn.prod.website-files.com/62014dd97e014e5a161f0175/661fb9421f9d478105d25d70_DOOH_Bulot_2-transcode.webm]
[cdn.prod.website-files.com/62014dd97e014e5a161f0175/661fbceabf79e380ed0f26a3_DOOH_Calamar_2-poster-00001.jpg]
[cdn.prod.website-files.com/62014dd97e014e5a161f0175/661fbceabf79e380ed0f26a3_DOOH_Calamar_2-transcode.mp4]
[cdn.prod.website-files.com/62014dd97e014e5a161f0175/661fbceabf79e380ed0f26a3_DOOH_Calamar_2-transcode.webm]
[cdn.prod.website-files.com/62014dd97e014e5a161f0175/661fb95e54899db329e1956b_DOOH_Seiche_2-poster-00001.jpg]
[cdn.prod.website-files.com/62014dd97e014e5a161f0175/661fb95e54899db329e1956b_DOOH_Seiche_2-transcode.mp4]
[cdn.prod.website-files.com/62014dd97e014e5a161f0175/661fb95e54899db329e1956b_DOOH_Seiche_2-transcode.webm]
[cdn.prod.website-files.com/62014dd97e014e5a161f0175/661fb98953622346773468a6_DOOH_Merlu_2-poster-00001.jpg]
[cdn.prod.website-files.com/62014dd97e014e5a161f0175/661fb98953622346773468a6_DOOH_Merlu_2-transcode.mp4]
[cdn.prod.website-files.com/62014dd97e014e5a161f0175/661fb98953622346773468a6_DOOH_Merlu_2-transcode.webm]
[cdn.prod.website-files.com/62014dd97e014e5a161f0175/661fb9a69cdd35fb7ac2d7a1_DOOH_Lotte_2-poster-00001.jpg]
[cdn.prod.website-files.com/62014dd97e014e5a161f0175/661fb9a69cdd35fb7ac2d7a1_DOOH_Lotte_2-transcode.mp4]
[cdn.prod.website-files.com/62014dd97e014e5a161f0175/661fb9a69cdd35fb7ac2d7a1_DOOH_Lotte_2-transcode.webm]
[cdn.prod.website-files.com/62014dd97e014e5a161f0175/661fc426056dd76739e5084c_-49eb-489d-9685-c18c8d084d87-poster-00001.jpg]
[cdn.prod.website-files.com/62014dd97e014e5a161f0175/661fc426056dd76739e5084c_-49eb-489d-9685-c18c8d084d87-transcode.mp4]
[cdn.prod.website-files.com/62014dd97e014e5a161f0175/661fc426056dd76739e5084c_-49eb-489d-9685-c18c8d084d87-transcode.webm]
[lesgrosmotsfinal.webflow.io/projects/pavillon-france/la-peche-setale.html]
[cdn.prod.website-files.com/62014dd97e014e5a161f0175/6777b0def462b77d3862d504_1c.avif]
[cdn.prod.website-files.com/62014dd97e014e5a161f0175/6777b0def462b77d3862d504_1c-p-500.avif]
[cdn.prod.website-files.com/62014dd97e014e5a161f0175/6777b0def462b77d3862d504_1c-p-800.avif]
[cdn.prod.website-files.com/62014dd97e014e5a161f0175/6777b0def462b77d3862d504_1c-p-1080.avif]
[cdn.prod.website-files.com/62014dd97e014e5a161f0175/6777b0def462b77d3862d504_1c-p-1600.avif]
[cdn.prod.website-files.com/62014dd97e014e5a161f0175/6777b0dd01388b9dbbda8889_2c.avif]
[cdn.prod.website-files.com/62014dd97e014e5a161f0175/6777b0dd01388b9dbbda8889_2c-p-500.avif]
[cdn.prod.website-files.com/62014dd97e014e5a161f0175/6777b0dd01388b9dbbda8889_2c-p-800.avif]
[cdn.prod.website-files.com/62014dd97e014e5a161f0175/6777b0dd01388b9dbbda8889_2c-p-1080.avif]
[cdn.prod.website-files.com/62014dd97e014e5a161f0175/6777b0de40551a96484f8211_3c.avif]
[cdn.prod.website-files.com/62014dd97e014e5a161f0175/6777b0de40551a96484f8211_3c-p-500.avif]
[cdn.prod.website-files.com/62014dd97e014e5a161f0175/6777b0de40551a96484f8211_3c-p-800.avif]
[cdn.prod.website-files.com/62014dd97e014e5a161f0175/6777b0de40551a96484f8211_3c-p-1080.avif]
[cdn.prod.website-files.com/62014dd97e014e5a161f0175/6777b0de40551a96484f8211_3c-p-1600.avif]
[cdn.prod.website-files.com/62014dd97e014e5a161f0175/6777b1cc7b4cf8e948f41781_4c.avif]
[cdn.prod.website-files.com/62014dd97e014e5a161f0175/6777b1cc7b4cf8e948f41781_4c-p-500.avif]
[cdn.prod.website-files.com/62014dd97e014e5a161f0175/6777b1cc7b4cf8e948f41781_4c-p-800.avif]
[cdn.prod.website-files.com/62014dd97e014e5a161f0175/6777b1cc7b4cf8e948f41781_4c-p-1080.avif]
[cdn.prod.website-files.com/62014dd97e014e5a161f0175/6777b1cc7b4cf8e948f41781_4c-p-1600.avif]
[cdn.prod.website-files.com/62014dd97e014e5a161f0175/6777b0de19a4857877f37687_5c.avif]
[cdn.prod.website-files.com/62014dd97e014e5a161f0175/6777b0de19a4857877f37687_5c-p-500.avif]
[cdn.prod.website-files.com/62014dd97e014e5a161f0175/6777b0de19a4857877f37687_5c-p-800.avif]
[cdn.prod.website-files.com/62014dd97e014e5a161f0175/6777b0de19a4857877f37687_5c-p-1080.avif]
[cdn.prod.website-files.com/62014dd97e014e5a161f0175/6777b0de19a4857877f37687_5c-p-1600.avif]
[cdn.prod.website-files.com/62014dd97e014e5a161f0175/6777b0dbe61cf0aaa3314da9_6c.avif]
[cdn.prod.website-files.com/62014dd97e014e5a161f0175/6777b0dbe61cf0aaa3314da9_6c-p-500.avif]
[cdn.prod.website-files.com/62014dd97e014e5a161f0175/6777b0dbe61cf0aaa3314da9_6c-p-800.avif]
[cdn.prod.website-files.com/62014dd97e014e5a161f0175/6777b0dbe61cf0aaa3314da9_6c-p-1080.avif]
[cdn.prod.website-files.com/62014dd97e014e5a161f0175/6777b0dbe61cf0aaa3314da9_6c-p-1600.avif]
[cdn.prod.website-files.com/62014dd97e014e5a161f0175/6777b0e17dab6d57dfd280e0_7c.avif]
[cdn.prod.website-files.com/62014dd97e014e5a161f0175/6777b0e17dab6d57dfd280e0_7c-p-500.avif]
[cdn.prod.website-files.com/62014dd97e014e5a161f0175/6777b0e17dab6d57dfd280e0_7c-p-800.avif]
[cdn.prod.website-files.com/62014dd97e014e5a161f0175/6777b0e17dab6d57dfd280e0_7c-p-1080.avif]
[cdn.prod.website-files.com/62014dd97e014e5a161f0175/6777b0e17dab6d57dfd280e0_7c-p-1600.avif]
[cdn.prod.website-files.com/62014dd97e014e5a161f0175/6777b0e0224c9e54a0e1d4d4_8c.avif]
[cdn.prod.website-files.com/62014dd97e014e5a161f0175/6777b0e0224c9e54a0e1d4d4_8c-p-500.avif]
[cdn.prod.website-files.com/62014dd97e014e5a161f0175/6777b0e0224c9e54a0e1d4d4_8c-p-800.avif]
[cdn.prod.website-files.com/62014dd97e014e5a161f0175/6777b0e0224c9e54a0e1d4d4_8c-p-1080.avif]
[cdn.prod.website-files.com/62014dd97e014e5a161f0175/6777b0e0224c9e54a0e1d4d4_8c-p-1600.avif]
[cdn.prod.website-files.com/62014dd97e014e5a161f0175/6777b0dcb883b71c89ffe21e_9c.avif]
[cdn.prod.website-files.com/62014dd97e014e5a161f0175/6777b0dcb883b71c89ffe21e_9c-p-500.avif]
[cdn.prod.website-files.com/62014dd97e014e5a161f0175/6777b0dcb883b71c89ffe21e_9c-p-800.avif]
[cdn.prod.website-files.com/62014dd97e014e5a161f0175/6777b0dcb883b71c89ffe21e_9c-p-1080.avif]
[cdn.prod.website-files.com/62014dd97e014e5a161f0175/6777b0dcb883b71c89ffe21e_9c-p-1600.avif]
[cdn.prod.website-files.com/62014dd97e014e5a161f0175/6777de489fa527b3e1f9c33e_image-first.avif]
[cdn.prod.website-files.com/62014dd97e014e5a161f0175/6777de489fa527b3e1f9c33e_image-first-p-500.avif]
[cdn.prod.website-files.com/62014dd97e014e5a161f0175/6777de489fa527b3e1f9c33e_image-first-p-800.avif]
[cdn.prod.website-files.com/62014dd97e014e5a161f0175/6777de489fa527b3e1f9c33e_image-first-p-1080.avif]
[cdn.prod.website-files.com/62014dd97e014e5a161f0175/6777de763e35d522d040a44a_imageAA.avif]
[cdn.prod.website-files.com/62014dd97e014e5a161f0175/6777de763e35d522d040a44a_imageAA-p-500.avif]
[cdn.prod.website-files.com/62014dd97e014e5a161f0175/6777de763e35d522d040a44a_imageAA-p-800.avif]
[cdn.prod.website-files.com/62014dd97e014e5a161f0175/6777de76af870579f3f83725_image.avif]
[cdn.prod.website-files.com/62014dd97e014e5a161f0175/6777de76af870579f3f83725_image-p-500.avif]
[cdn.prod.website-files.com/62014dd97e014e5a161f0175/6777de76af870579f3f83725_image-p-800.avif]
[cdn.prod.website-files.com/62014dd97e014e5a161f0175/6777de47636dc4314d879d21_KOBA 1.avif]
[cdn.prod.website-files.com/62014dd97e014e5a161f0175/6777de47636dc4314d879d21_KOBA 1-p-500.avif]
[cdn.prod.website-files.com/62014dd97e014e5a161f0175/6777de47636dc4314d879d21_KOBA 1-p-800.avif]
[lesgrosmotsfinal.webflow.io/projects/cite/la-cite-ouvre-ses-portes.html]
[cdn.prod.website-files.com/62014dd97e014e5a161f0175/652f8d7ac09e4cb229bbbdf3_share-image-poisson-.jpg]
[cdn.prod.website-files.com/62014dd97e014e5a161f0175/661665e2a114aa73fceef9a7_congres PF_espece_site_lgm13.webp]
[cdn.prod.website-files.com/62014dd97e014e5a161f0175/661665e2a114aa73fceef9a7_congres PF_espece_site_lgm13-p-500.webp]
[cdn.prod.website-files.com/62014dd97e014e5a161f0175/661665e2a114aa73fceef9a7_congres PF_espece_site_lgm13-p-800.webp]
[cdn.prod.website-files.com/62014dd97e014e5a161f0175/661665e2a114aa73fceef9a7_congres PF_espece_site_lgm13-p-1080.webp]
[cdn.prod.website-files.com/62014dd97e014e5a161f0175/661665e2a114aa73fceef9a7_congres PF_espece_site_lgm13-p-1600.webp]
[cdn.prod.website-files.com/62014dd97e014e5a161f0175/661665e2a114aa73fceef9a7_congres PF_espece_site_lgm13-p-2000.webp]
[cdn.prod.website-files.com/62014dd97e014e5a161f0175/661665e2a114aa73fceef9a7_congres PF_espece_site_lgm13-p-2600.webp]
[cdn.prod.website-files.com/62014dd97e014e5a161f0175/661665e2a114aa73fceef9a7_congres PF_espece_site_lgm13-p-3200.webp]
[cdn.prod.website-files.com/62014dd97e014e5a161f0175/66166733652dedd57f7b07d2_palourdes PF_espece_site_lgm8.jpeg]
[cdn.prod.website-files.com/62014dd97e014e5a161f0175/66166733652dedd57f7b07d2_palourdes PF_espece_site_lgm8-p-500.jpeg]
[cdn.prod.website-files.com/62014dd97e014e5a161f0175/66166733652dedd57f7b07d2_palourdes PF_espece_site_lgm8-p-800.jpeg]
[cdn.prod.website-files.com/62014dd97e014e5a161f0175/66166733652dedd57f7b07d2_palourdes PF_espece_site_lgm8-p-1080.jpeg]
[cdn.prod.website-files.com/62014dd97e014e5a161f0175/661668a87f5e15a4a865bde9_sardines _PF_espece_site_lgm12-big.webp]
[cdn.prod.website-files.com/62014dd97e014e5a161f0175/661668a87f5e15a4a865bde9_sardines _PF_espece_site_lgm12-big-p-500.webp]
[cdn.prod.website-files.com/62014dd97e014e5a161f0175/661668a87f5e15a4a865bde9_sardines _PF_espece_site_lgm12-big-p-800.webp]
[cdn.prod.website-files.com/62014dd97e014e5a161f0175/661668a87f5e15a4a865bde9_sardines _PF_espece_site_lgm12-big-p-1080.webp]
[cdn.prod.website-files.com/62014dd97e014e5a161f0175/661668a87f5e15a4a865bde9_sardines _PF_espece_site_lgm12-big-p-1600.webp]
[cdn.prod.website-files.com/62014dd97e014e5a161f0175/661668e1ae317edb23397029_merlu _PF_espece_site_lgm14-big.webp]
[cdn.prod.website-files.com/62014dd97e014e5a161f0175/661668e1ae317edb23397029_merlu _PF_espece_site_lgm14-big-p-500.webp]
[cdn.prod.website-files.com/62014dd97e014e5a161f0175/661668e1ae317edb23397029_merlu _PF_espece_site_lgm14-big-p-800.webp]
[cdn.prod.website-files.com/62014dd97e014e5a161f0175/661668e1ae317edb23397029_merlu _PF_espece_site_lgm14-big-p-1080.webp]
[cdn.prod.website-files.com/62014dd97e014e5a161f0175/661668e1ae317edb23397029_merlu _PF_espece_site_lgm14-big-p-1600.webp]
[cdn.prod.website-files.com/62014dd97e014e5a161f0175/661669158d13c780860d42f0_maigre PF_espece_site_lgm9-big.webp]
[cdn.prod.website-files.com/62014dd97e014e5a161f0175/661669158d13c780860d42f0_maigre PF_espece_site_lgm9-big-p-500.webp]
[cdn.prod.website-files.com/62014dd97e014e5a161f0175/661669158d13c780860d42f0_maigre PF_espece_site_lgm9-big-p-800.webp]
[cdn.prod.website-files.com/62014dd97e014e5a161f0175/661669158d13c780860d42f0_maigre PF_espece_site_lgm9-big-p-1080.webp]
[cdn.prod.website-files.com/62014dd97e014e5a161f0175/661669158d13c780860d42f0_maigre PF_espece_site_lgm9-big-p-1600.webp]
[cdn.prod.website-files.com/62014dd97e014e5a161f0175/6616694608c51389e734035f_crabe PF_espece_site_lgm7-big.webp]
[cdn.prod.website-files.com/62014dd97e014e5a161f0175/6616694608c51389e734035f_crabe PF_espece_site_lgm7-big-p-500.webp]
[cdn.prod.website-files.com/62014dd97e014e5a161f0175/6616694608c51389e734035f_crabe PF_espece_site_lgm7-big-p-800.webp]
[cdn.prod.website-files.com/62014dd97e014e5a161f0175/6616694608c51389e734035f_crabe PF_espece_site_lgm7-big-p-1080.webp]
[cdn.prod.website-files.com/62014dd97e014e5a161f0175/6616694608c51389e734035f_crabe PF_espece_site_lgm7-big-p-1600.webp]
[cdn.prod.website-files.com/62014dd97e014e5a161f0175/66166980cb6585051b4640de_raie-big_PF_espece_site_lgm10.webp]
[cdn.prod.website-files.com/62014dd97e014e5a161f0175/66166980cb6585051b4640de_raie-big_PF_espece_site_lgm10-p-500.webp]
[cdn.prod.website-files.com/62014dd97e014e5a161f0175/66166980cb6585051b4640de_raie-big_PF_espece_site_lgm10-p-800.webp]
[cdn.prod.website-files.com/62014dd97e014e5a161f0175/66166980cb6585051b4640de_raie-big_PF_espece_site_lgm10-p-1080.webp]
[cdn.prod.website-files.com/62014dd97e014e5a161f0175/66166980cb6585051b4640de_raie-big_PF_espece_site_lgm10-p-1600.webp]
[cdn.prod.website-files.com/62014dd97e014e5a161f0175/661669b55951aa19f1363199_cardi-big PF_espece_site_lgm3.webp]
[cdn.prod.website-files.com/62014dd97e014e5a161f0175/661669b55951aa19f1363199_cardi-big PF_espece_site_lgm3-p-500.webp]
[cdn.prod.website-files.com/62014dd97e014e5a161f0175/661669b55951aa19f1363199_cardi-big PF_espece_site_lgm3-p-800.webp]
[cdn.prod.website-files.com/62014dd97e014e5a161f0175/661669b55951aa19f1363199_cardi-big PF_espece_site_lgm3-p-1080.webp]
[cdn.prod.website-files.com/62014dd97e014e5a161f0175/661669b55951aa19f1363199_cardi-big PF_espece_site_lgm3-p-1600.webp]
[cdn.prod.website-files.com/62014dd97e014e5a161f0175/661669e3dddc931f1dd64ea6_mulet-big espece_site_lgm2.webp]
[cdn.prod.website-files.com/62014dd97e014e5a161f0175/661669e3dddc931f1dd64ea6_mulet-big espece_site_lgm2-p-500.webp]
[cdn.prod.website-files.com/62014dd97e014e5a161f0175/661669e3dddc931f1dd64ea6_mulet-big espece_site_lgm2-p-800.webp]
[cdn.prod.website-files.com/62014dd97e014e5a161f0175/661669e3dddc931f1dd64ea6_mulet-big espece_site_lgm2-p-1080.webp]
[cdn.prod.website-files.com/62014dd97e014e5a161f0175/661669e3dddc931f1dd64ea6_mulet-big espece_site_lgm2-p-1600.webp]
[cdn.prod.website-files.com/62014dd97e014e5a161f0175/66166a091e769376370e01a9_cout-big de la viePF_espece_site_lgm.webp]
[cdn.prod.website-files.com/62014dd97e014e5a161f0175/66166a091e769376370e01a9_cout-big de la viePF_espece_site_lgm-p-500.webp]
[cdn.prod.website-files.com/62014dd97e014e5a161f0175/66166a091e769376370e01a9_cout-big de la viePF_espece_site_lgm-p-800.webp]
[cdn.prod.website-files.com/62014dd97e014e5a161f0175/66166a091e769376370e01a9_cout-big de la viePF_espece_site_lgm-p-1080.webp]
[cdn.prod.website-files.com/62014dd97e014e5a161f0175/66166a091e769376370e01a9_cout-big de la viePF_espece_site_lgm-p-1600.webp]
[cdn.prod.website-files.com/62014dd97e014e5a161f0175/66166a359f2ef8577be00af7_aman-big _PF_espece_site_lgm6.webp]
[cdn.prod.website-files.com/62014dd97e014e5a161f0175/66166a359f2ef8577be00af7_aman-big _PF_espece_site_lgm6-p-500.webp]
[cdn.prod.website-files.com/62014dd97e014e5a161f0175/66166a359f2ef8577be00af7_aman-big _PF_espece_site_lgm6-p-800.webp]
[cdn.prod.website-files.com/62014dd97e014e5a161f0175/66166a359f2ef8577be00af7_aman-big _PF_espece_site_lgm6-p-1080.webp]
[cdn.prod.website-files.com/62014dd97e014e5a161f0175/66166a359f2ef8577be00af7_aman-big _PF_espece_site_lgm6-p-1600.webp]
[cdn.prod.website-files.com/62014dd97e014e5a161f0175/66166a7402bd00250b9fa6f1_lotte-big PF_espece_site_lgm4.webp]
[cdn.prod.website-files.com/62014dd97e014e5a161f0175/66166a7402bd00250b9fa6f1_lotte-big PF_espece_site_lgm4-p-500.webp]
[cdn.prod.website-files.com/62014dd97e014e5a161f0175/66166a7402bd00250b9fa6f1_lotte-big PF_espece_site_lgm4-p-800.webp]
[cdn.prod.website-files.com/62014dd97e014e5a161f0175/66166a7402bd00250b9fa6f1_lotte-big PF_espece_site_lgm4-p-1080.webp]
[cdn.prod.website-files.com/62014dd97e014e5a161f0175/66166a7402bd00250b9fa6f1_lotte-big PF_espece_site_lgm4-p-1600.webp]
[cdn.prod.website-files.com/62014dd97e014e5a161f0175/66166aa6568ebf05d86be51d_pouce-big-pied PF_espece_site_lgm11.webp]
[cdn.prod.website-files.com/62014dd97e014e5a161f0175/66166aa6568ebf05d86be51d_pouce-big-pied PF_espece_site_lgm11-p-500.webp]
[cdn.prod.website-files.com/62014dd97e014e5a161f0175/66166aa6568ebf05d86be51d_pouce-big-pied PF_espece_site_lgm11-p-800.webp]
[cdn.prod.website-files.com/62014dd97e014e5a161f0175/66166aa6568ebf05d86be51d_pouce-big-pied PF_espece_site_lgm11-p-1080.webp]
[cdn.prod.website-files.com/62014dd97e014e5a161f0175/66166aa6568ebf05d86be51d_pouce-big-pied PF_espece_site_lgm11-p-1600.webp]
[cdn.prod.website-files.com/62014dd97e014e5a161f0175/66166ad6cbb8c9941759ed3b_coque-big PF_espece_site_lgm5.webp]
[cdn.prod.website-files.com/62014dd97e014e5a161f0175/66166ad6cbb8c9941759ed3b_coque-big PF_espece_site_lgm5-p-500.webp]
[cdn.prod.website-files.com/62014dd97e014e5a161f0175/66166ad6cbb8c9941759ed3b_coque-big PF_espece_site_lgm5-p-800.webp]
[cdn.prod.website-files.com/62014dd97e014e5a161f0175/66166ad6cbb8c9941759ed3b_coque-big PF_espece_site_lgm5-p-1080.webp]
[cdn.prod.website-files.com/62014dd97e014e5a161f0175/66166ad6cbb8c9941759ed3b_coque-big PF_espece_site_lgm5-p-1600.webp]
[cdn.prod.website-files.com/62014dd97e014e5a161f0175/6616623e237837947e0208b0_mockup_gare_1.webp]
[cdn.prod.website-files.com/62014dd97e014e5a161f0175/6616623e237837947e0208b0_mockup_gare_1-p-500.webp]
[cdn.prod.website-files.com/62014dd97e014e5a161f0175/6616623e237837947e0208b0_mockup_gare_1-p-800.webp]
[cdn.prod.website-files.com/62014dd97e014e5a161f0175/6616623e237837947e0208b0_mockup_gare_1-p-1080.webp]
[lesgrosmotsfinal.webflow.io/projects/pavillon-france/le-poisson-frais-a-moindres-frais.html]
[cdn.prod.website-files.com/62014dd97e014e5a161f0175/6530f782b73af84490400502_1-INTERBE174_image_1.webp]
[cdn.prod.website-files.com/62014dd97e014e5a161f0175/6530f782b73af84490400502_1-INTERBE174_image_1-p-500.webp]
[cdn.prod.website-files.com/62014dd97e014e5a161f0175/6530f785ecca1cf4f45108dd_2-INTERBE214_image_2.webp]
[cdn.prod.website-files.com/62014dd97e014e5a161f0175/6530f785ecca1cf4f45108dd_2-INTERBE214_image_2-p-500.webp]
[cdn.prod.website-files.com/62014dd97e014e5a161f0175/6530f785909d76301916ed33_3-INTERBE262_Image_3.png]
[cdn.prod.website-files.com/62014dd97e014e5a161f0175/6530f785909d76301916ed33_3-INTERBE262_Image_3-p-500.png]
[cdn.prod.website-files.com/62014dd97e014e5a161f0175/6530f785ea1efcd842d96a4a_4-INTERBE297_image4.webp]
[cdn.prod.website-files.com/62014dd97e014e5a161f0175/6530f785ea1efcd842d96a4a_4-INTERBE297_image4-p-500.webp]
[cdn.prod.website-files.com/62014dd97e014e5a161f0175/6530f785fd3cda9049a95447_5-INTERBE509_image8.webp]
[cdn.prod.website-files.com/62014dd97e014e5a161f0175/6530f785fd3cda9049a95447_5-INTERBE509_image8-p-500.webp]
[cdn.prod.website-files.com/62014dd97e014e5a161f0175/6530f78563ad713447c961e3_6-INTERBE772_image12.webp]
[cdn.prod.website-files.com/62014dd97e014e5a161f0175/6530f78563ad713447c961e3_6-INTERBE772_image12-p-500.webp]
[cdn.prod.website-files.com/62014dd97e014e5a161f0175/6530f785226516bfb59f9c7e_7-INTERBE359_Image_5.webp]
[cdn.prod.website-files.com/62014dd97e014e5a161f0175/6530f785226516bfb59f9c7e_7-INTERBE359_Image_5-p-500.webp]
[cdn.prod.website-files.com/62014dd97e014e5a161f0175/6530f78293b6f8535f2bc926_8-INTERBE396_image6.webp]
[cdn.prod.website-files.com/62014dd97e014e5a161f0175/6530f78293b6f8535f2bc926_8-INTERBE396_image6-p-500.webp]
[cdn.prod.website-files.com/62014dd97e014e5a161f0175/6530f785f812bc6b616d94e6_9-INTERBE452_image7.webp]
[cdn.prod.website-files.com/62014dd97e014e5a161f0175/6530f785f812bc6b616d94e6_9-INTERBE452_image7-p-500.webp]
[cdn.prod.website-files.com/62014dd97e014e5a161f0175/6530f784f812bc6b616d9201_10-INTERBE585_image9.webp]
[cdn.prod.website-files.com/62014dd97e014e5a161f0175/6530f784f812bc6b616d9201_10-INTERBE585_image9-p-500.webp]
[cdn.prod.website-files.com/62014dd97e014e5a161f0175/6530f7829af4d1961bdafbbd_11-INTERBE644_image10.webp]
[cdn.prod.website-files.com/62014dd97e014e5a161f0175/6530f7829af4d1961bdafbbd_11-INTERBE644_image10-p-500.webp]
[cdn.prod.website-files.com/62014dd97e014e5a161f0175/6530f78486a674261f514191_12-INTERBE683_image11.webp]
[cdn.prod.website-files.com/62014dd97e014e5a161f0175/6530f78486a674261f514191_12-INTERBE683_image11-p-500.webp]
[cdn.prod.website-files.com/62014dd97e014e5a161f0175/6530f783b54ba2fda6edfaea_13-NTERBE814_image13.webp]
[cdn.prod.website-files.com/62014dd97e014e5a161f0175/6530f783b54ba2fda6edfaea_13-NTERBE814_image13-p-500.webp]
[cdn.prod.website-files.com/62014dd97e014e5a161f0175/6530f7838a3058ceaf0db342_14-INTERBE874image14.webp]
[cdn.prod.website-files.com/62014dd97e014e5a161f0175/6530f7838a3058ceaf0db342_14-INTERBE874image14-p-500.webp]
[cdn.prod.website-files.com/62014dd97e014e5a161f0175/6530f7864c567296fc16e10d_15-INTERBEV4018_image15.webp]
[cdn.prod.website-files.com/62014dd97e014e5a161f0175/6530f7864c567296fc16e10d_15-INTERBEV4018_image15-p-500.webp]
[cdn.prod.website-files.com/62014dd97e014e5a161f0175/66b383a76dbd1e6f9bf95564_player.webp]
[cdn.prod.website-files.com/62014dd97e014e5a161f0175/66b383a76dbd1e6f9bf95564_player-p-500.webp]
[cdn.prod.website-files.com/62014dd97e014e5a161f0175/673716a7e5df9a82927b0b4f_DOOHBLEU-ezgif.com-video-to-webp-converter.webp]
[cdn.prod.website-files.com/62014dd97e014e5a161f0175/673716a7e5df9a82927b0b4f_DOOHBLEU-ezgif.com-video-to-webp-converter-p-500.webp]
[cdn.prod.website-files.com/62014dd97e014e5a161f0175/673716e57e455224dcd01c0e_DOOHVIOLET-ezgif.com-video-to-webp-converter.webp]
[cdn.prod.website-files.com/62014dd97e014e5a161f0175/673716e6ef43fd9c03cf7ebd_DOOHROUGE-ezgif.com-video-to-webp-converter.webp]
[lesgrosmotsfinal.webflow.io/projects/interbev/le-boeuf.html]
[cdn.prod.website-files.com/62014dd97e014e5a161f0175/652d2cd7add353dae17871f1_jamais-trop-fiers-small.jpg]
[cdn.prod.website-files.com/62014dd97e014e5a161f0175/652e688f5f6d9d33d70b1845_jamais-trop-fier-crea-1.webp]
[cdn.prod.website-files.com/62014dd97e014e5a161f0175/652e688f5f6d9d33d70b1845_jamais-trop-fier-crea-1-p-500.webp]
[cdn.prod.website-files.com/62014dd97e014e5a161f0175/652e688f5f6d9d33d70b1845_jamais-trop-fier-crea-1-p-800.webp]
[cdn.prod.website-files.com/62014dd97e014e5a161f0175/652e6996bda741b6e80b8d86_1-crea-jamais torp fiere interfel-1.webp]
[cdn.prod.website-files.com/62014dd97e014e5a161f0175/652e6996bda741b6e80b8d86_1-crea-jamais torp fiere interfel-1-p-500.webp]
[cdn.prod.website-files.com/62014dd97e014e5a161f0175/652e69965f6d9d33d70c5beb_2-crea-jamais torp fiere interfel-2.webp]
[cdn.prod.website-files.com/62014dd97e014e5a161f0175/652e69965f6d9d33d70c5beb_2-crea-jamais torp fiere interfel-2-p-500.webp]
[cdn.prod.website-files.com/62014dd97e014e5a161f0175/652e69963007651868d243c1_3-crea-jamais torp fiere interfel-3.webp]
[cdn.prod.website-files.com/62014dd97e014e5a161f0175/652e69963007651868d243c1_3-crea-jamais torp fiere interfel-3-p-500.webp]
[cdn.prod.website-files.com/62014dd97e014e5a161f0175/652e699643d8feb8c4ff101c_4-crea-jamais torp fiere interfel-4.webp]
[cdn.prod.website-files.com/62014dd97e014e5a161f0175/652e699643d8feb8c4ff101c_4-crea-jamais torp fiere interfel-4-p-500.webp]
[lesgrosmotsfinal.webflow.io/projects/interfel/jamais-trop-fier-e-s.html]
[cdn.prod.website-files.com/62014dd97e014e5a161f0175/66178cee19e6e538d16748b4_saveol-cut-hero.webp]
[cdn.prod.website-files.com/62014dd97e014e5a161f0175/66178cee19e6e538d16748b4_saveol-cut-hero-p-500.webp]
[cdn.prod.website-files.com/62014dd97e014e5a161f0175/66178cee19e6e538d16748b4_saveol-cut-hero-p-800.webp]
[cdn.prod.website-files.com/62014dd97e014e5a161f0175/66178cee19e6e538d16748b4_saveol-cut-hero-p-1080.webp]
[cdn.prod.website-files.com/62014dd97e014e5a161f0175/66178cee19e6e538d16748b4_saveol-cut-hero-p-1600.webp]
[cdn.prod.website-files.com/62014dd97e014e5a161f0175/66178cee19e6e538d16748b4_saveol-cut-hero-p-2000.webp]
[cdn.prod.website-files.com/62014dd97e014e5a161f0175/66178cee19e6e538d16748b4_saveol-cut-hero-p-2600.webp]
[cdn.prod.website-files.com/62014dd97e014e5a161f0175/66178cee19e6e538d16748b4_saveol-cut-hero-p-3200.webp]
[cdn.prod.website-files.com/62014dd97e014e5a161f0175/661693a097b4a9d628cb9bbf_tomate rouge boussole détouré 1.webp]
[cdn.prod.website-files.com/62014dd97e014e5a161f0175/661693a097b4a9d628cb9bbf_tomate rouge boussole détouré 1-p-500.webp]
[cdn.prod.website-files.com/62014dd97e014e5a161f0175/661693a097b4a9d628cb9bbf_tomate rouge boussole détouré 1-p-800.webp]
[cdn.prod.website-files.com/62014dd97e014e5a161f0175/661693a097b4a9d628cb9bbf_tomate rouge boussole détouré 1-p-1080.webp]
[cdn.prod.website-files.com/62014dd97e014e5a161f0175/661693a097b4a9d628cb9bbf_tomate rouge boussole détouré 1-p-1600.webp]
[cdn.prod.website-files.com/62014dd97e014e5a161f0175/661693a097b4a9d628cb9bbf_tomate rouge boussole détouré 1-p-2000.webp]
[cdn.prod.website-files.com/62014dd97e014e5a161f0175/65018aadef6868a6c0fcb465_tomate.json]
[cdn.prod.website-files.com/62014dd97e014e5a161f0175/6525049fed5a8646cda8754c_Savéol DOOH 2-transcode.mp4]
[cdn.prod.website-files.com/62014dd97e014e5a161f0175/6525049fed5a8646cda8754c_Savéol DOOH 2-transcode.webm]
[cdn.prod.website-files.com/62014dd97e014e5a161f0175/6525049fed5a8646cda8754c_Savéol DOOH 2-poster-00001.jpg]
[lesgrosmotsfinal.webflow.io/projects/saveol/saveol-boussole.html]
[cdn.prod.website-files.com/62014dd97e014e5a161f0175/64f98a7b2324ecc4fb461dc8_hero-saveol-identite-small.jpg]
[cdn.prod.website-files.com/62014dd97e014e5a161f0175/6514006c06c8aef877e38f8f_HEADER-identite-p-500.webp]
[cdn.prod.website-files.com/62014dd97e014e5a161f0175/6514006c06c8aef877e38f8f_HEADER-identite-p-800.webp]
[cdn.prod.website-files.com/62014dd97e014e5a161f0175/6514006c06c8aef877e38f8f_HEADER-identite-p-1080.webp]
[cdn.prod.website-files.com/62014dd97e014e5a161f0175/6514006c06c8aef877e38f8f_HEADER-identite-p-1600.webp]
[cdn.prod.website-files.com/62014dd97e014e5a161f0175/6616a021a44c388913d9512d_cocktail fond jaune 1.webp]
[cdn.prod.website-files.com/62014dd97e014e5a161f0175/6616a021a44c388913d9512d_cocktail fond jaune 1-p-500.webp]
[cdn.prod.website-files.com/62014dd97e014e5a161f0175/6616a021a44c388913d9512d_cocktail fond jaune 1-p-800.webp]
[cdn.prod.website-files.com/62014dd97e014e5a161f0175/6616a021a44c388913d9512d_cocktail fond jaune 1-p-1080.webp]
[cdn.prod.website-files.com/62014dd97e014e5a161f0175/66472e9ee6f023c78279376c_Dooh_2_4K-poster-00001.jpg]
[cdn.prod.website-files.com/62014dd97e014e5a161f0175/66472e9ee6f023c78279376c_Dooh_2_4K-transcode.mp4]
[cdn.prod.website-files.com/62014dd97e014e5a161f0175/66472e9ee6f023c78279376c_Dooh_2_4K-transcode.webm]
[cdn.prod.website-files.com/62014dd97e014e5a161f0175/672cc4c5c355306b08c6eee2_mook-cut.avif]
[cdn.prod.website-files.com/62014dd97e014e5a161f0175/672ccc77e2483e0e0b00416e_buggy-video-save Dooh_3_4K-poster-00001.jpg]
[cdn.prod.website-files.com/62014dd97e014e5a161f0175/672ccc77e2483e0e0b00416e_buggy-video-save Dooh_3_4K-transcode.mp4]
[cdn.prod.website-files.com/62014dd97e014e5a161f0175/672ccc77e2483e0e0b00416e_buggy-video-save Dooh_3_4K-transcode.webm]
[cdn.prod.website-files.com/62014dd97e014e5a161f0175/66472f5bbdffa3838cf1199c_Dooh_4_4K-poster-00001.jpg]
[cdn.prod.website-files.com/62014dd97e014e5a161f0175/66472f5bbdffa3838cf1199c_Dooh_4_4K-transcode.mp4]
[cdn.prod.website-files.com/62014dd97e014e5a161f0175/66472f5bbdffa3838cf1199c_Dooh_4_4K-transcode.webm]
[cdn.prod.website-files.com/62014dd97e014e5a161f0175/66472f970ef829a07804cc97_Dooh_5_4K-poster-00001.jpg]
[cdn.prod.website-files.com/62014dd97e014e5a161f0175/66472f970ef829a07804cc97_Dooh_5_4K-transcode.mp4]
[cdn.prod.website-files.com/62014dd97e014e5a161f0175/66472f970ef829a07804cc97_Dooh_5_4K-transcode.webm]
[cdn.prod.website-files.com/62014dd97e014e5a161f0175/66472fd03e71b588213fe75e_Dooh_6_4K-poster-00001.jpg]
[cdn.prod.website-files.com/62014dd97e014e5a161f0175/66472fd03e71b588213fe75e_Dooh_6_4K-transcode.mp4]
[cdn.prod.website-files.com/62014dd97e014e5a161f0175/66472fd03e71b588213fe75e_Dooh_6_4K-transcode.webm]
[cdn.prod.website-files.com/62014dd97e014e5a161f0175/66473002a68a6a68ec18c82e_Dooh_7_4K-poster-00001.jpg]
[cdn.prod.website-files.com/62014dd97e014e5a161f0175/66473002a68a6a68ec18c82e_Dooh_7_4K-transcode.mp4]
[cdn.prod.website-files.com/62014dd97e014e5a161f0175/66473002a68a6a68ec18c82e_Dooh_7_4K-transcode.webm]
[cdn.prod.website-files.com/62014dd97e014e5a161f0175/6647302b77a16dc5a6b2cb6d_Dooh_8_4K-poster-00001.jpg]
[cdn.prod.website-files.com/62014dd97e014e5a161f0175/6647302b77a16dc5a6b2cb6d_Dooh_8_4K-transcode.mp4]
[cdn.prod.website-files.com/62014dd97e014e5a161f0175/6647302b77a16dc5a6b2cb6d_Dooh_8_4K-transcode.webm]
[cdn.prod.website-files.com/62014dd97e014e5a161f0175/66178581a66b299c83b372e3_cocktail fond jaune 1.webp]
[cdn.prod.website-files.com/62014dd97e014e5a161f0175/66178581a66b299c83b372e3_cocktail fond jaune 1-p-500.webp]
[cdn.prod.website-files.com/62014dd97e014e5a161f0175/66178581a66b299c83b372e3_cocktail fond jaune 1-p-800.webp]
[cdn.prod.website-files.com/62014dd97e014e5a161f0175/66178581a66b299c83b372e3_cocktail fond jaune 1-p-1080.webp]
[cdn.prod.website-files.com/62014dd97e014e5a161f0175/674860037c99912bff7de254_page-0-24.webp]
[cdn.prod.website-files.com/62014dd97e014e5a161f0175/674860033e64932656705b45_page-1-24.webp]
[cdn.prod.website-files.com/62014dd97e014e5a161f0175/6748600332d427d14a4bdc00_page2-24.webp]
[cdn.prod.website-files.com/62014dd97e014e5a161f0175/67486003e3b09aac306df53e_page3-24.webp]
[cdn.prod.website-files.com/62014dd97e014e5a161f0175/674860031d7a1c2497277154_page-4-24.webp]
[cdn.prod.website-files.com/62014dd97e014e5a161f0175/6617aa8326c1604c66b78e74_fleche-rose-24.png]
[lesgrosmotsfinal.webflow.io/projects/saveol/saveol-identite.html]
[cdn.prod.website-files.com/62014dd97e014e5a161f0175/6503fd25fd153e16af0487b9_mockup-veau-small.jpg]
[cdn.prod.website-files.com/62014dd97e014e5a161f0175/665053afce48181e47854c53_veau-1-A.webp]
[cdn.prod.website-files.com/62014dd97e014e5a161f0175/665053afce48181e47854c53_veau-1-A-p-500.webp]
[cdn.prod.website-files.com/62014dd97e014e5a161f0175/665053afce48181e47854c53_veau-1-A-p-800.webp]
[cdn.prod.website-files.com/62014dd97e014e5a161f0175/665053afce48181e47854c53_veau-1-A-p-1080.webp]
[cdn.prod.website-files.com/62014dd97e014e5a161f0175/665053afce48181e47854c53_veau-1-A-p-1600.webp]
[cdn.prod.website-files.com/62014dd97e014e5a161f0175/650863f0481323e714b5c28b_mame3.png]
[cdn.prod.website-files.com/62014dd97e014e5a161f0175/650863f0f1d1411b1dc08eac_mame4.png]
[cdn.prod.website-files.com/62014dd97e014e5a161f0175/650863f1a9c4bcb3e40656ab_mame1.png]
[cdn.prod.website-files.com/62014dd97e014e5a161f0175/650863f1a9c4bcb3e40656ab_mame1-p-500.png]
[cdn.prod.website-files.com/62014dd97e014e5a161f0175/650863f023fd1193a04a6793_mame2.png]
[cdn.prod.website-files.com/62014dd97e014e5a161f0175/650863f023fd1193a04a6793_mame2-p-500.png]
[cdn.prod.website-files.com/62014dd97e014e5a161f0175/66505438f97d8a481370a762_veau-2-C.webp]
[cdn.prod.website-files.com/62014dd97e014e5a161f0175/66505438f97d8a481370a762_veau-2-C-p-500.webp]
[cdn.prod.website-files.com/62014dd97e014e5a161f0175/66505438f97d8a481370a762_veau-2-C-p-800.webp]
[cdn.prod.website-files.com/62014dd97e014e5a161f0175/66505438f97d8a481370a762_veau-2-C-p-1080.webp]
[cdn.prod.website-files.com/62014dd97e014e5a161f0175/66505438f97d8a481370a762_veau-2-C-p-1600.webp]
[lesgrosmotsfinal.webflow.io/projects/le-veau/le-veau.html]
[cdn.prod.website-files.com/62014dd97e014e5a161f0175/64735a12821a39916e742f38_mockup.jpg]
[cdn.prod.website-files.com/62014dd97e014e5a161f0175/664de000fb21cbb9a864123d_1-unusual.webp]
[cdn.prod.website-files.com/62014dd97e014e5a161f0175/664de000fb21cbb9a864123d_1-unusual-p-500.webp]
[cdn.prod.website-files.com/62014dd97e014e5a161f0175/664de000fb21cbb9a864123d_1-unusual-p-800.webp]
[cdn.prod.website-files.com/62014dd97e014e5a161f0175/664de000fb21cbb9a864123d_1-unusual-p-1080.webp]
[cdn.prod.website-files.com/62014dd97e014e5a161f0175/664ddfffb9a13dfbfed8ccb2_2-unusual.webp]
[cdn.prod.website-files.com/62014dd97e014e5a161f0175/664ddfffb9a13dfbfed8ccb2_2-unusual-p-500.webp]
[cdn.prod.website-files.com/62014dd97e014e5a161f0175/664ddfffb9a13dfbfed8ccb2_2-unusual-p-800.webp]
[cdn.prod.website-files.com/62014dd97e014e5a161f0175/664ddfffb9a13dfbfed8ccb2_2-unusual-p-1080.webp]
[cdn.prod.website-files.com/62014dd97e014e5a161f0175/664ddfff6278c0037448b9c8_3-unusual.webp]
[cdn.prod.website-files.com/62014dd97e014e5a161f0175/664ddfff6278c0037448b9c8_3-unusual-p-500.webp]
[cdn.prod.website-files.com/62014dd97e014e5a161f0175/664ddfff6278c0037448b9c8_3-unusual-p-800.webp]
[cdn.prod.website-files.com/62014dd97e014e5a161f0175/664ddfff6278c0037448b9c8_3-unusual-p-1080.webp]
[cdn.prod.website-files.com/62014dd97e014e5a161f0175/664de002430a6648269dc2db_4-unusual.webp]
[cdn.prod.website-files.com/62014dd97e014e5a161f0175/664de002430a6648269dc2db_4-unusual-p-500.webp]
[cdn.prod.website-files.com/62014dd97e014e5a161f0175/664de002430a6648269dc2db_4-unusual-p-800.webp]
[cdn.prod.website-files.com/62014dd97e014e5a161f0175/664de002430a6648269dc2db_4-unusual-p-1080.webp]
[cdn.prod.website-files.com/62014dd97e014e5a161f0175/664de00114b8b31d2a417b00_5-unusual.webp]
[cdn.prod.website-files.com/62014dd97e014e5a161f0175/664de00114b8b31d2a417b00_5-unusual-p-500.webp]
[cdn.prod.website-files.com/62014dd97e014e5a161f0175/664de00114b8b31d2a417b00_5-unusual-p-800.webp]
[cdn.prod.website-files.com/62014dd97e014e5a161f0175/664de00114b8b31d2a417b00_5-unusual-p-1080.webp]
[cdn.prod.website-files.com/62014dd97e014e5a161f0175/664de002d8cb3dce09260b33_6-unusual.webp]
[cdn.prod.website-files.com/62014dd97e014e5a161f0175/664de002d8cb3dce09260b33_6-unusual-p-500.webp]
[cdn.prod.website-files.com/62014dd97e014e5a161f0175/664de002d8cb3dce09260b33_6-unusual-p-800.webp]
[cdn.prod.website-files.com/62014dd97e014e5a161f0175/664de002d8cb3dce09260b33_6-unusual-p-1080.webp]
[cdn.prod.website-files.com/62014dd97e014e5a161f0175/664de002f5090d200fe43c6d_7-unusual.webp]
[cdn.prod.website-files.com/62014dd97e014e5a161f0175/664de002f5090d200fe43c6d_7-unusual-p-500.webp]
[cdn.prod.website-files.com/62014dd97e014e5a161f0175/664de002f5090d200fe43c6d_7-unusual-p-800.webp]
[cdn.prod.website-files.com/62014dd97e014e5a161f0175/664de002f5090d200fe43c6d_7-unusual-p-1080.webp]
[cdn.prod.website-files.com/62014dd97e014e5a161f0175/664de000c29c36526631b59e_8-unusual.webp]
[cdn.prod.website-files.com/62014dd97e014e5a161f0175/664de000c29c36526631b59e_8-unusual-p-500.webp]
[cdn.prod.website-files.com/62014dd97e014e5a161f0175/664de000c29c36526631b59e_8-unusual-p-800.webp]
[cdn.prod.website-files.com/62014dd97e014e5a161f0175/664de000c29c36526631b59e_8-unusual-p-1080.webp]
[cdn.prod.website-files.com/62014dd97e014e5a161f0175/664df0774ea62773f5246d15_1mob-unusual.webp]
[cdn.prod.website-files.com/62014dd97e014e5a161f0175/664df0774ea62773f5246d15_1mob-unusual-p-500.webp]
[cdn.prod.website-files.com/62014dd97e014e5a161f0175/664df07737288d8d2729cef7_2mob-unusual.webp]
[cdn.prod.website-files.com/62014dd97e014e5a161f0175/664df07737288d8d2729cef7_2mob-unusual-p-500.webp]
[cdn.prod.website-files.com/62014dd97e014e5a161f0175/664df07749ef9d3b8233b5f0_3mob-unusual.webp]
[cdn.prod.website-files.com/62014dd97e014e5a161f0175/664df07749ef9d3b8233b5f0_3mob-unusual-p-500.webp]
[cdn.prod.website-files.com/62014dd97e014e5a161f0175/664df077f7f66d77699647f5_4mob-unusual.webp]
[cdn.prod.website-files.com/62014dd97e014e5a161f0175/664df077f7f66d77699647f5_4mob-unusual-p-500.webp]
[lesgrosmotsfinal.webflow.io/projects/pavillon-france/unusual-suspect.html]
[cdn.prod.website-files.com/62014dd97e014e5a161f0175/646c6402cb52e2e732e679f8_place-home-small.jpg]
[cdn.prod.website-files.com/62014dd97e014e5a161f0175/651fff51a906d15178600d2b_AFF_8m2_GIRAUDY_MASCOTTES_Ech1dix_320x240cm.webp]
[cdn.prod.website-files.com/62014dd97e014e5a161f0175/651fff51a906d15178600d2b_AFF_8m2_GIRAUDY_MASCOTTES_Ech1dix_320x240cm-p-500.webp]
[cdn.prod.website-files.com/62014dd97e014e5a161f0175/651fff51a906d15178600d2b_AFF_8m2_GIRAUDY_MASCOTTES_Ech1dix_320x240cm-p-800.webp]
[cdn.prod.website-files.com/62014dd97e014e5a161f0175/651fff51a906d15178600d2b_AFF_8m2_GIRAUDY_MASCOTTES_Ech1dix_320x240cm-p-1080.webp]
[cdn.prod.website-files.com/62014dd97e014e5a161f0175/651fff51a906d15178600d2b_AFF_8m2_GIRAUDY_MASCOTTES_Ech1dix_320x240cm-p-1600.webp]
[cdn.prod.website-files.com/62014dd97e014e5a161f0175/651fff51a906d15178600d2b_AFF_8m2_GIRAUDY_MASCOTTES_Ech1dix_320x240cm-p-2000.webp]
[cdn.prod.website-files.com/62014dd97e014e5a161f0175/651fff51a906d15178600d2b_AFF_8m2_GIRAUDY_MASCOTTES_Ech1dix_320x240cm-p-2600.webp]
[cdn.prod.website-files.com/62014dd97e014e5a161f0175/651fff51a906d15178600d2b_AFF_8m2_GIRAUDY_MASCOTTES_Ech1dix_320x240cm-p-3200.webp]
[cdn.prod.website-files.com/62014dd97e014e5a161f0175/646c691b67cea0594cfae541_GIRAUDY-HD-retake.webp]
[cdn.prod.website-files.com/62014dd97e014e5a161f0175/646c691b67cea0594cfae541_GIRAUDY-HD-retake-p-500.png]
[lesgrosmotsfinal.webflow.io/projects/giraudy/place-aux-grandes-idees.html]
[cdn.prod.website-files.com/62014dd97e014e5a161f0175/644a6fb09865c2f7db84b779_myriam-hero-small.jpg]
[cdn.prod.website-files.com/62014dd97e014e5a161f0175/644a94437029723c1fb70240_myriam-clin1-1800.webp]
[cdn.prod.website-files.com/62014dd97e014e5a161f0175/644a94437029723c1fb70240_myriam-clin1-1800-p-500.webp]
[cdn.prod.website-files.com/62014dd97e014e5a161f0175/644a94437029723c1fb70240_myriam-clin1-1800-p-800.webp]
[cdn.prod.website-files.com/62014dd97e014e5a161f0175/644a94437029723c1fb70240_myriam-clin1-1800-p-1080.webp]
[cdn.prod.website-files.com/62014dd97e014e5a161f0175/644a95af5644b62b99c6eaec_myriam-clinfull1800-3.webp]
[cdn.prod.website-files.com/62014dd97e014e5a161f0175/644a95af5644b62b99c6eaec_myriam-clinfull1800-3-p-500.webp]
[cdn.prod.website-files.com/62014dd97e014e5a161f0175/644a95af5644b62b99c6eaec_myriam-clinfull1800-3-p-800.webp]
[cdn.prod.website-files.com/62014dd97e014e5a161f0175/644a95af5644b62b99c6eaec_myriam-clinfull1800-3-p-1080.webp]
[cdn.prod.website-files.com/62014dd97e014e5a161f0175/6464ce35799b40179fda479a_my-1l.webp]
[cdn.prod.website-files.com/62014dd97e014e5a161f0175/6464ce35799b40179fda479a_my-1l-p-500.webp]
[cdn.prod.website-files.com/62014dd97e014e5a161f0175/6464ce35799b40179fda479a_my-1l-p-800.webp]
[cdn.prod.website-files.com/62014dd97e014e5a161f0175/6464ce35799b40179fda479a_my-1l-p-1080.webp]
[cdn.prod.website-files.com/62014dd97e014e5a161f0175/6464ce35799b40179fda479a_my-1l-p-1600.webp]
[cdn.prod.website-files.com/62014dd97e014e5a161f0175/6464ce35799b40179fda479a_my-1l-p-2000.webp]
[cdn.prod.website-files.com/62014dd97e014e5a161f0175/6464ce40391ec709787ebcdb_my-2l.webp]
[cdn.prod.website-files.com/62014dd97e014e5a161f0175/6464ce40391ec709787ebcdb_my-2l-p-500.webp]
[cdn.prod.website-files.com/62014dd97e014e5a161f0175/6464ce40391ec709787ebcdb_my-2l-p-800.webp]
[cdn.prod.website-files.com/62014dd97e014e5a161f0175/6464ce40391ec709787ebcdb_my-2l-p-1080.webp]
[cdn.prod.website-files.com/62014dd97e014e5a161f0175/6464ce40391ec709787ebcdb_my-2l-p-1600.webp]
[cdn.prod.website-files.com/62014dd97e014e5a161f0175/6464ce40391ec709787ebcdb_my-2l-p-2000.webp]
[cdn.prod.website-files.com/62014dd97e014e5a161f0175/646df9e02e0255b839a73697_couv-resize.jpg]
[cdn.prod.website-files.com/62014dd97e014e5a161f0175/6453cd664006f93eed093e40_TEMPS1-VF-volume-formatOk.jpg]
[cdn.prod.website-files.com/62014dd97e014e5a161f0175/6453ca5f3e05a66bab7813a1_TEMPS1-VF-volume.jpg]
[cdn.prod.website-files.com/62014dd97e014e5a161f0175/6453ca5f4393e475f912136e_TEMPS2-VF-volume.jpg]
[cdn.prod.website-files.com/62014dd97e014e5a161f0175/64672c45dc8a736ef24bb978_4ieme-1129.jpg]
[cdn.prod.website-files.com/62014dd97e014e5a161f0175/668d4ae3d2107fd7fd17c6f8_fleche-jaune.png]
[cdn.prod.website-files.com/62014dd97e014e5a161f0175/6464b2c951fa1678318d813d_1-1.webp]
[cdn.prod.website-files.com/62014dd97e014e5a161f0175/6464b2c951fa1678318d813d_1-1-p-500.webp]
[cdn.prod.website-files.com/62014dd97e014e5a161f0175/6464b2c951fa1678318d813d_1-1-p-800.webp]
[cdn.prod.website-files.com/62014dd97e014e5a161f0175/6464b2c951fa1678318d813d_1-1-p-1080.webp]
[cdn.prod.website-files.com/62014dd97e014e5a161f0175/6464b2c9aea854743c4b808e_1-2.webp]
[cdn.prod.website-files.com/62014dd97e014e5a161f0175/6464b2c9aea854743c4b808e_1-2-p-500.webp]
[cdn.prod.website-files.com/62014dd97e014e5a161f0175/6464b2c9aea854743c4b808e_1-2-p-800.webp]
[cdn.prod.website-files.com/62014dd97e014e5a161f0175/6464b2c9aea854743c4b808e_1-2-p-1080.webp]
[cdn.prod.website-files.com/62014dd97e014e5a161f0175/6464b2c9f940eff813bff0ef_1-3.webp]
[cdn.prod.website-files.com/62014dd97e014e5a161f0175/6464b2c9f940eff813bff0ef_1-3-p-500.webp]
[cdn.prod.website-files.com/62014dd97e014e5a161f0175/6464b2c9f940eff813bff0ef_1-3-p-800.webp]
[cdn.prod.website-files.com/62014dd97e014e5a161f0175/6464b2c9f940eff813bff0ef_1-3-p-1080.webp]
[cdn.prod.website-files.com/62014dd97e014e5a161f0175/6464b2c9dd60f852270b5f93_1-4.webp]
[cdn.prod.website-files.com/62014dd97e014e5a161f0175/6464b2c9dd60f852270b5f93_1-4-p-500.webp]
[cdn.prod.website-files.com/62014dd97e014e5a161f0175/6464b2c9dd60f852270b5f93_1-4-p-800.webp]
[cdn.prod.website-files.com/62014dd97e014e5a161f0175/6464bc6fa117c73ad36b409e_2-1.webp]
[cdn.prod.website-files.com/62014dd97e014e5a161f0175/6464bc6fa117c73ad36b409e_2-1-p-500.webp]
[cdn.prod.website-files.com/62014dd97e014e5a161f0175/6464bc6fa117c73ad36b409e_2-1-p-800.webp]
[cdn.prod.website-files.com/62014dd97e014e5a161f0175/6464bc6f39c131698d517bbd_2-2.webp]
[cdn.prod.website-files.com/62014dd97e014e5a161f0175/6464bc6f39c131698d517bbd_2-2-p-500.webp]
[cdn.prod.website-files.com/62014dd97e014e5a161f0175/6464bc6f39c131698d517bbd_2-2-p-800.webp]
[cdn.prod.website-files.com/62014dd97e014e5a161f0175/6464bc6f39c131698d517bbd_2-2-p-1080.webp]
[cdn.prod.website-files.com/62014dd97e014e5a161f0175/6464bc708c8fd22869fc831a_2-3.webp]
[cdn.prod.website-files.com/62014dd97e014e5a161f0175/6464bc708c8fd22869fc831a_2-3-p-500.webp]
[cdn.prod.website-files.com/62014dd97e014e5a161f0175/6464bc708c8fd22869fc831a_2-3-p-800.webp]
[cdn.prod.website-files.com/62014dd97e014e5a161f0175/6464bc708c8fd22869fc831a_2-3-p-1080.webp]
[cdn.prod.website-files.com/62014dd97e014e5a161f0175/6464bc6ff4191cab11e1f4f7_2-5.webp]
[cdn.prod.website-files.com/62014dd97e014e5a161f0175/6464bc6ff4191cab11e1f4f7_2-5-p-500.webp]
[cdn.prod.website-files.com/62014dd97e014e5a161f0175/6464bc6ff4191cab11e1f4f7_2-5-p-800.webp]
[cdn.prod.website-files.com/62014dd97e014e5a161f0175/6464bc6ff4191cab11e1f4f7_2-5-p-1080.webp]
[cdn.prod.website-files.com/62014dd97e014e5a161f0175/6464bcb568f2f33bbee28a08_3-1.webp]
[cdn.prod.website-files.com/62014dd97e014e5a161f0175/6464bcb568f2f33bbee28a08_3-1-p-500.webp]
[cdn.prod.website-files.com/62014dd97e014e5a161f0175/6464bcb568f2f33bbee28a08_3-1-p-800.webp]
[cdn.prod.website-files.com/62014dd97e014e5a161f0175/6464bcb568f2f33bbee28a08_3-1-p-1080.webp]
[cdn.prod.website-files.com/62014dd97e014e5a161f0175/6464bcb535100da043f6153f_3-2.webp]
[cdn.prod.website-files.com/62014dd97e014e5a161f0175/6464bcb535100da043f6153f_3-2-p-500.webp]
[cdn.prod.website-files.com/62014dd97e014e5a161f0175/6464bcb535100da043f6153f_3-2-p-800.webp]
[cdn.prod.website-files.com/62014dd97e014e5a161f0175/6464bcb535100da043f6153f_3-2-p-1080.webp]
[cdn.prod.website-files.com/62014dd97e014e5a161f0175/6464bcb6bcfedb569a47f4b8_3-3.webp]
[cdn.prod.website-files.com/62014dd97e014e5a161f0175/6464bcb6bcfedb569a47f4b8_3-3-p-500.webp]
[cdn.prod.website-files.com/62014dd97e014e5a161f0175/6464bcb6bcfedb569a47f4b8_3-3-p-800.webp]
[cdn.prod.website-files.com/62014dd97e014e5a161f0175/6464bcb6bcfedb569a47f4b8_3-3-p-1080.webp]
[cdn.prod.website-files.com/62014dd97e014e5a161f0175/6464bd9fb9688d64a3229fcb_3-bis.webp]
[cdn.prod.website-files.com/62014dd97e014e5a161f0175/6464bd9fb9688d64a3229fcb_3-bis-p-500.webp]
[cdn.prod.website-files.com/62014dd97e014e5a161f0175/6464bd9fb9688d64a3229fcb_3-bis-p-800.webp]
[cdn.prod.website-files.com/62014dd97e014e5a161f0175/6464bd9fb9688d64a3229fcb_3-bis-p-1080.webp]
[cdn.prod.website-files.com/62014dd97e014e5a161f0175/6464bcb55b1411bb06edf401_3-4.webp]
[cdn.prod.website-files.com/62014dd97e014e5a161f0175/6464bcb55b1411bb06edf401_3-4-p-500.webp]
[cdn.prod.website-files.com/62014dd97e014e5a161f0175/6464bcb55b1411bb06edf401_3-4-p-800.webp]
[cdn.prod.website-files.com/62014dd97e014e5a161f0175/6464bcb55b1411bb06edf401_3-4-p-1080.webp]
[lesgrosmotsfinal.webflow.io/projects/giraudy/campagne-myriam.html]
[cdn.prod.website-files.com/62014dd97e014e5a161f0175/63c97ed75722f02a2215051b_LE MONDE_ SOUS LA DOUCHE _ AFFICHAGE.webp]
[cdn.prod.website-files.com/62014dd97e014e5a161f0175/63c97ed75722f02a2215051b_LE MONDE_ SOUS LA DOUCHE _ AFFICHAGE-p-500.webp]
[cdn.prod.website-files.com/62014dd97e014e5a161f0175/63c97ed75722f02a2215051b_LE MONDE_ SOUS LA DOUCHE _ AFFICHAGE-p-800.webp]
[cdn.prod.website-files.com/62014dd97e014e5a161f0175/63c97ed75722f02a2215051b_LE MONDE_ SOUS LA DOUCHE _ AFFICHAGE-p-1080.webp]
[cdn.prod.website-files.com/62014dd97e014e5a161f0175/63c97ed75722f02a2215051b_LE MONDE_ SOUS LA DOUCHE _ AFFICHAGE-p-1600.webp]
[cdn.prod.website-files.com/62014dd97e014e5a161f0175/63c97ed75722f02a2215051b_LE MONDE_ SOUS LA DOUCHE _ AFFICHAGE-p-2000.webp]
[cdn.prod.website-files.com/62014dd97e014e5a161f0175/64637475ea7395f65370852c_prenez-bigger.jpg]
[cdn.prod.website-files.com/62014dd97e014e5a161f0175/63c80d79c077d901641f8eb7_LE MONDE_ LE MONDE APPARTIENT _ AFFICHAGE.webp]
[cdn.prod.website-files.com/62014dd97e014e5a161f0175/63c80d79c077d901641f8eb7_LE MONDE_ LE MONDE APPARTIENT _ AFFICHAGE-p-500.webp]
[cdn.prod.website-files.com/62014dd97e014e5a161f0175/63c80d79c077d901641f8eb7_LE MONDE_ LE MONDE APPARTIENT _ AFFICHAGE-p-800.webp]
[cdn.prod.website-files.com/62014dd97e014e5a161f0175/63c80d79c077d901641f8eb7_LE MONDE_ LE MONDE APPARTIENT _ AFFICHAGE-p-1080.webp]
[cdn.prod.website-files.com/62014dd97e014e5a161f0175/63c80d79c077d901641f8eb7_LE MONDE_ LE MONDE APPARTIENT _ AFFICHAGE-p-1600.webp]
[cdn.prod.website-files.com/62014dd97e014e5a161f0175/63c80d79c077d901641f8eb7_LE MONDE_ LE MONDE APPARTIENT _ AFFICHAGE-p-2000.webp]
[cdn.prod.website-files.com/62014dd97e014e5a161f0175/63c97e9edde68e1e0e9ff210_LE MONDE_ UN CAFE SVP _ AFFICHAGE.webp]
[cdn.prod.website-files.com/62014dd97e014e5a161f0175/63c97e9edde68e1e0e9ff210_LE MONDE_ UN CAFE SVP _ AFFICHAGE-p-500.webp]
[cdn.prod.website-files.com/62014dd97e014e5a161f0175/63c97e9edde68e1e0e9ff210_LE MONDE_ UN CAFE SVP _ AFFICHAGE-p-800.webp]
[cdn.prod.website-files.com/62014dd97e014e5a161f0175/63c97e9edde68e1e0e9ff210_LE MONDE_ UN CAFE SVP _ AFFICHAGE-p-1080.webp]
[cdn.prod.website-files.com/62014dd97e014e5a161f0175/63c97e9edde68e1e0e9ff210_LE MONDE_ UN CAFE SVP _ AFFICHAGE-p-1600.webp]
[cdn.prod.website-files.com/62014dd97e014e5a161f0175/63c97e9edde68e1e0e9ff210_LE MONDE_ UN CAFE SVP _ AFFICHAGE-p-2000.webp]
[cdn.prod.website-files.com/62014dd97e014e5a161f0175/63c80e65f7e7c546e4ea7d65_LE MONDE_ LA UNE _ PRESSE.webp]
[cdn.prod.website-files.com/62014dd97e014e5a161f0175/63c80e65f7e7c546e4ea7d65_LE MONDE_ LA UNE _ PRESSE-p-500.webp]
[cdn.prod.website-files.com/62014dd97e014e5a161f0175/63c80e65f7e7c546e4ea7d65_LE MONDE_ LA UNE _ PRESSE-p-800.webp]
[cdn.prod.website-files.com/62014dd97e014e5a161f0175/63c80e65f7e7c546e4ea7d65_LE MONDE_ LA UNE _ PRESSE-p-1080.webp]
[cdn.prod.website-files.com/62014dd97e014e5a161f0175/63c80e4423beea662ea089b4_LE MONDE_ LES YEUX FERMES _ PRESSE.webp]
[cdn.prod.website-files.com/62014dd97e014e5a161f0175/63c80e4423beea662ea089b4_LE MONDE_ LES YEUX FERMES _ PRESSE-p-500.webp]
[cdn.prod.website-files.com/62014dd97e014e5a161f0175/63c80e4423beea662ea089b4_LE MONDE_ LES YEUX FERMES _ PRESSE-p-800.webp]
[cdn.prod.website-files.com/62014dd97e014e5a161f0175/63c80e4423beea662ea089b4_LE MONDE_ LES YEUX FERMES _ PRESSE-p-1080.webp]
[lesgrosmotsfinal.webflow.io/projects/le-monde/la-matinale.html]
[cdn.prod.website-files.com/62014dd97e014e5a161f0175/649160fdc8e94718fe0b38c8_jamais-trop2.jpg]
[cdn.prod.website-files.com/62014dd97e014e5a161f0175/64479415eef074d7746a2c83_1_JPEG.jpg]
[cdn.prod.website-files.com/62014dd97e014e5a161f0175/6447937d8da47b0cfa38ee0d_1_JPEG.jpg]
[cdn.prod.website-files.com/62014dd97e014e5a161f0175/6446b3a08601772fd941528e_1ok_JPEG.jpg]
[cdn.prod.website-files.com/62014dd97e014e5a161f0175/64479420a5d84f771e73c2fd_2_JPEG.jpg]
[cdn.prod.website-files.com/62014dd97e014e5a161f0175/6447938e098c1f32efbe67dd_2_JPEG.jpg]
[cdn.prod.website-files.com/62014dd97e014e5a161f0175/64469c57a13532538e97ca2c_2_JPEG.jpg]
[cdn.prod.website-files.com/62014dd97e014e5a161f0175/6447942a4084c9bd11c192df_3_JPEG.jpg]
[cdn.prod.website-files.com/62014dd97e014e5a161f0175/6447939a2b6236dae874116d_3_JPEG.jpg]
[cdn.prod.website-files.com/62014dd97e014e5a161f0175/64469c57ba1b29d8d4713f50_3_JPEG.jpg]
[cdn.prod.website-files.com/62014dd97e014e5a161f0175/644794358b041119a3bdf349_4_JPEG.jpg]
[cdn.prod.website-files.com/62014dd97e014e5a161f0175/644793a77b36e570d1552389_4_JPEG.jpg]
[cdn.prod.website-files.com/62014dd97e014e5a161f0175/64469c578bb67fe75694e5c0_4_JPEG.jpg]
[cdn.prod.website-files.com/62014dd97e014e5a161f0175/6447943fbe53ba87049a1b34_5_JPEG.jpg]
[cdn.prod.website-files.com/62014dd97e014e5a161f0175/644793b4a9ea7492f9705ed9_5_JPEG.jpg]
[cdn.prod.website-files.com/62014dd97e014e5a161f0175/64469c57635bd75fac7540ad_5_JPEG.jpg]
[cdn.prod.website-files.com/62014dd97e014e5a161f0175/6447944a73a58a5a85ac19df_6_JPEG.jpg]
[cdn.prod.website-files.com/62014dd97e014e5a161f0175/644793c1be53ba2b739a11c5_6_JPEG.jpg]
[cdn.prod.website-files.com/62014dd97e014e5a161f0175/64469c5763698ea4e4525431_6_JPEG.jpg]
[cdn.prod.website-files.com/62014dd97e014e5a161f0175/64479a27c9c7e2526608c2ae_7_JPEG.jpg]
[cdn.prod.website-files.com/62014dd97e014e5a161f0175/644799c2f4af349b3a0847bf_7_JPEG.jpg]
[cdn.prod.website-files.com/62014dd97e014e5a161f0175/6447973d9fb5982d3947d9df_7_JPEG.jpg]
[cdn.prod.website-files.com/62014dd97e014e5a161f0175/64479a279f2e77c952615df3_8_JPEG.jpg]
[cdn.prod.website-files.com/62014dd97e014e5a161f0175/644799c27b5f632bb4ea5735_8_JPEG.jpg]
[cdn.prod.website-files.com/62014dd97e014e5a161f0175/644797479f2e7778746137f2_8_JPEG.jpg]
[cdn.prod.website-files.com/62014dd97e014e5a161f0175/64479a272b623658b0747f74_9_JPEG.jpg]
[cdn.prod.website-files.com/62014dd97e014e5a161f0175/644799c29f2e77f2ba61543d_9_JPEG.jpg]
[cdn.prod.website-files.com/62014dd97e014e5a161f0175/6447975408231f681c1ab76b_9_JPEG.jpg]
[cdn.prod.website-files.com/62014dd97e014e5a161f0175/64479a27339d634961db5e82_10_JPEG.jpg]
[cdn.prod.website-files.com/62014dd97e014e5a161f0175/644799c27b36e53bd5556dc5_10_JPEG.jpg]
[cdn.prod.website-files.com/62014dd97e014e5a161f0175/644797639f2e7778816138de_10_JPEG.jpg]
[cdn.prod.website-files.com/62014dd97e014e5a161f0175/646f1f7eb226d5caa1aac609_modele3.jpg]
[cdn.prod.website-files.com/62014dd97e014e5a161f0175/646f1f903ca9d0c4e57346e5_modele2.jpg]
[cdn.prod.website-files.com/62014dd97e014e5a161f0175/646f1f8f833c1b599c286c31_modele1.jpg]
[cdn.prod.website-files.com/62014dd97e014e5a161f0175/64479c772b6236eeb17493ab_12_JPEG.jpg]
[cdn.prod.website-files.com/62014dd97e014e5a161f0175/64479bcfced7883ae245dddb_12_JPEG.jpg]
[cdn.prod.website-files.com/62014dd97e014e5a161f0175/64479ac94084c92d66c20986_12_JPEG.jpg]
[cdn.prod.website-files.com/62014dd97e014e5a161f0175/64479c787b36e51e9b558a9d_13_JPEG.jpg]
[cdn.prod.website-files.com/62014dd97e014e5a161f0175/64479bcf17e18846a4698ef6_13_JPEG.jpg]
[cdn.prod.website-files.com/62014dd97e014e5a161f0175/64479ac9338d75df8398a895_13_JPEG.jpg]
[cdn.prod.website-files.com/62014dd97e014e5a161f0175/64479c7752994b9607d1c277_14_JPEG.jpg]
[cdn.prod.website-files.com/62014dd97e014e5a161f0175/64479bcfcf306827afdda517_14_JPEG.jpg]
[cdn.prod.website-files.com/62014dd97e014e5a161f0175/64479ac9f4af3482fa085823_14_JPEG.jpg]
[cdn.prod.website-files.com/62014dd97e014e5a161f0175/64479c772335cc63f8d4eda1_15_JPEG.jpg]
[cdn.prod.website-files.com/62014dd97e014e5a161f0175/64479bd0cf30681dc2dda52b_15_JPEG.jpg]
[cdn.prod.website-files.com/62014dd97e014e5a161f0175/64479ac9be53ba86149a7a80_15_JPEG.jpg]
[cdn.prod.website-files.com/62014dd97e014e5a161f0175/64479c77cf30686e5addaa58_16_JPEG.jpg]
[cdn.prod.website-files.com/62014dd97e014e5a161f0175/64479bcf05ffee65290bdd60_16_JPEG.jpg]
[cdn.prod.website-files.com/62014dd97e014e5a161f0175/64479ac9005b84dabdf07f72_16_JPEG.jpg]
[cdn.prod.website-files.com/62014dd97e014e5a161f0175/6447989ca8ef9ae1ce7eca77_bloc marque-cut.jpg]
[cdn.prod.website-files.com/62014dd97e014e5a161f0175/66bcb3f54f00ff62a7df57c9_macaron prix 2.avif]
[cdn.prod.website-files.com/62014dd97e014e5a161f0175/66bcb3f54f00ff62a7df57c9_macaron prix 2-p-500.avif]
[cdn.prod.website-files.com/62014dd97e014e5a161f0175/66bcb3f54f00ff62a7df57c9_macaron prix 2-p-800.avif]
[cdn.prod.website-files.com/62014dd97e014e5a161f0175/646f205651befa201443864b_4X3_JAMAIS-TROP-TRANCHE_396x300_echelle1-222_10.webp]
[cdn.prod.website-files.com/62014dd97e014e5a161f0175/646f205651befa201443864b_4X3_JAMAIS-TROP-TRANCHE_396x300_echelle1-222_10-p-500.webp]
[cdn.prod.website-files.com/62014dd97e014e5a161f0175/646f205651befa201443864b_4X3_JAMAIS-TROP-TRANCHE_396x300_echelle1-222_10-p-800.webp]
[cdn.prod.website-files.com/62014dd97e014e5a161f0175/646f205651befa201443864b_4X3_JAMAIS-TROP-TRANCHE_396x300_echelle1-222_10-p-1080.webp]
[cdn.prod.website-files.com/62014dd97e014e5a161f0175/646f205624f29c03676232e5_4X3_JAMAIS-TROP-FIN_396x300_echelle1_10.webp]
[cdn.prod.website-files.com/62014dd97e014e5a161f0175/646f205624f29c03676232e5_4X3_JAMAIS-TROP-FIN_396x300_echelle1_10-p-500.webp]
[cdn.prod.website-files.com/62014dd97e014e5a161f0175/646f205624f29c03676232e5_4X3_JAMAIS-TROP-FIN_396x300_echelle1_10-p-800.webp]
[cdn.prod.website-files.com/62014dd97e014e5a161f0175/646f205624f29c03676232e5_4X3_JAMAIS-TROP-FIN_396x300_echelle1_10-p-1080.webp]
[cdn.prod.website-files.com/62014dd97e014e5a161f0175/646f2056982c8628222c60d4_4X3_JAMAIS-TROP-DELICAT_396x300_echelle1_10.webp]
[cdn.prod.website-files.com/62014dd97e014e5a161f0175/646f2056982c8628222c60d4_4X3_JAMAIS-TROP-DELICAT_396x300_echelle1_10-p-500.webp]
[cdn.prod.website-files.com/62014dd97e014e5a161f0175/646f2056982c8628222c60d4_4X3_JAMAIS-TROP-DELICAT_396x300_echelle1_10-p-800.webp]
[cdn.prod.website-files.com/62014dd97e014e5a161f0175/646f2056982c8628222c60d4_4X3_JAMAIS-TROP-DELICAT_396x300_echelle1_10-p-1080.webp]
[cdn.prod.website-files.com/62014dd97e014e5a161f0175/646474569e59a733dde976ee_big-metro2.webp]
[cdn.prod.website-files.com/62014dd97e014e5a161f0175/646474569e59a733dde976ee_big-metro2-p-500.webp]
[cdn.prod.website-files.com/62014dd97e014e5a161f0175/646474569e59a733dde976ee_big-metro2-p-800.webp]
[cdn.prod.website-files.com/62014dd97e014e5a161f0175/646474569e59a733dde976ee_big-metro2-p-1080.webp]
[cdn.prod.website-files.com/62014dd97e014e5a161f0175/646474569e59a733dde976ee_big-metro2-p-1600.webp]
[cdn.prod.website-files.com/62014dd97e014e5a161f0175/646474569e59a733dde976ee_big-metro2-p-2000.webp]
[cdn.prod.website-files.com/62014dd97e014e5a161f0175/646474569e59a733dde976ee_big-metro2-p-2600.webp]
[cdn.prod.website-files.com/62014dd97e014e5a161f0175/646474569e59a733dde976ee_big-metro2-p-3200.webp]
[cdn.prod.website-files.com/62014dd97e014e5a161f0175/646cc92660bc4ae7a004e746_all-etiquettefinal-bigger-no-cut.json]
[cdn.prod.website-files.com/62014dd97e014e5a161f0175/646cf99970be54c88581e717_all-etiquettefinal-bigger-mobile.json]
[cdn.prod.website-files.com/62014dd97e014e5a161f0175/66bcbf12499367d1381e8354_1.avif]
[cdn.prod.website-files.com/62014dd97e014e5a161f0175/66bcbf12499367d1381e8354_1-p-500.avif]
[cdn.prod.website-files.com/62014dd97e014e5a161f0175/66bcbf11225b6ebdf79549e5_2.avif]
[cdn.prod.website-files.com/62014dd97e014e5a161f0175/66bcbf11225b6ebdf79549e5_2-p-500.avif]
[cdn.prod.website-files.com/62014dd97e014e5a161f0175/66bcbf11ac3da358e3e9be7b_1_Ronde 8.avif]
[cdn.prod.website-files.com/62014dd97e014e5a161f0175/66bcbf11ac3da358e3e9be7b_1_Ronde 8-p-500.avif]
[cdn.prod.website-files.com/62014dd97e014e5a161f0175/66bcbf11802f7b160c0614f9_1_Ronde 13.avif]
[cdn.prod.website-files.com/62014dd97e014e5a161f0175/66bcbf11802f7b160c0614f9_1_Ronde 13-p-500.avif]
[cdn.prod.website-files.com/62014dd97e014e5a161f0175/66bcbf1116af4c896a329227_1_Ronde 3.avif]
[cdn.prod.website-files.com/62014dd97e014e5a161f0175/66bcbf1116af4c896a329227_1_Ronde 3-p-500.avif]
[cdn.prod.website-files.com/62014dd97e014e5a161f0175/66bcbf1382f212262054783e_1_Ronde 5.png]
[cdn.prod.website-files.com/62014dd97e014e5a161f0175/66bcbf1382f212262054783e_1_Ronde 5-p-500.png]
[cdn.prod.website-files.com/62014dd97e014e5a161f0175/66bcbf1382f212262054783e_1_Ronde 5-p-800.png]
[cdn.prod.website-files.com/62014dd97e014e5a161f0175/66bcbf1382f212262054783e_1_Ronde 5-p-1080.png]
[cdn.prod.website-files.com/62014dd97e014e5a161f0175/66bcbf100e95a8c6bef83271_1_Ronde 4.avif]
[cdn.prod.website-files.com/62014dd97e014e5a161f0175/66bcbf100e95a8c6bef83271_1_Ronde 4-p-500.avif]
[cdn.prod.website-files.com/62014dd97e014e5a161f0175/66bcbf13a88781079d7258d9_1_Ronde 11.png]
[cdn.prod.website-files.com/62014dd97e014e5a161f0175/66bcbf13a88781079d7258d9_1_Ronde 11-p-500.png]
[cdn.prod.website-files.com/62014dd97e014e5a161f0175/66bcbf13a88781079d7258d9_1_Ronde 11-p-800.png]
[cdn.prod.website-files.com/62014dd97e014e5a161f0175/66bcbf13a88781079d7258d9_1_Ronde 11-p-1080.png]
[cdn.prod.website-files.com/62014dd97e014e5a161f0175/66bcbf109e64997d3f6a4a57_1_Ronde 12.avif]
[cdn.prod.website-files.com/62014dd97e014e5a161f0175/66bcbf109e64997d3f6a4a57_1_Ronde 12-p-500.avif]
[cdn.prod.website-files.com/62014dd97e014e5a161f0175/66bcbf0f2902db0d48408100_1_Ronde 6.avif]
[cdn.prod.website-files.com/62014dd97e014e5a161f0175/66bcbf0f2902db0d48408100_1_Ronde 6-p-500.avif]
[cdn.prod.website-files.com/62014dd97e014e5a161f0175/66bcbf10802f7b160c0613ce_1_Ronde 7.avif]
[cdn.prod.website-files.com/62014dd97e014e5a161f0175/66bcbf10802f7b160c0613ce_1_Ronde 7-p-500.avif]
[cdn.prod.website-files.com/62014dd97e014e5a161f0175/66bcbf10802f7b160c0613ce_1_Ronde 7-p-800.avif]
[cdn.prod.website-files.com/62014dd97e014e5a161f0175/66bcbf0f720c76fab4c8037f_1_Ronde 8 copie.avif]
[cdn.prod.website-files.com/62014dd97e014e5a161f0175/66bcbf0f720c76fab4c8037f_1_Ronde 8 copie-p-500.avif]
[cdn.prod.website-files.com/62014dd97e014e5a161f0175/66c495ccc56a7e56d9a2e22e_interfel1.webp]
[cdn.prod.website-files.com/62014dd97e014e5a161f0175/66c495ccc56a7e56d9a2e22e_interfel1-p-500.webp]
[cdn.prod.website-files.com/62014dd97e014e5a161f0175/66c495ccc56a7e56d9a2e22e_interfel1-p-800.webp]
[cdn.prod.website-files.com/62014dd97e014e5a161f0175/66c495fdbf02cbe5f641a353_interfel2.webp]
[cdn.prod.website-files.com/62014dd97e014e5a161f0175/66c495fdbf02cbe5f641a353_interfel2-p-500.webp]
[cdn.prod.website-files.com/62014dd97e014e5a161f0175/66c495fdbf02cbe5f641a353_interfel2-p-800.webp]
[cdn.prod.website-files.com/62014dd97e014e5a161f0175/66c496a07f0b7e8886a5fae9_interfel3.webp]
[cdn.prod.website-files.com/62014dd97e014e5a161f0175/66c496a07f0b7e8886a5fae9_interfel3-p-500.webp]
[cdn.prod.website-files.com/62014dd97e014e5a161f0175/66c496a07f0b7e8886a5fae9_interfel3-p-800.webp]
[cdn.prod.website-files.com/62014dd97e014e5a161f0175/66c496adf9a48a36314b38c7_interfel4.webp]
[cdn.prod.website-files.com/62014dd97e014e5a161f0175/66c496adf9a48a36314b38c7_interfel4-p-500.webp]
[cdn.prod.website-files.com/62014dd97e014e5a161f0175/66c496adf9a48a36314b38c7_interfel4-p-800.webp]
[lesgrosmotsfinal.webflow.io/projects/interfel/jamais-trop-2.html]
[cdn.prod.website-files.com/62014dd97e014e5a161f0175/663a309040355102659b8449_1.webp]
[cdn.prod.website-files.com/62014dd97e014e5a161f0175/663a309040355102659b8449_1-p-500.webp]
[cdn.prod.website-files.com/62014dd97e014e5a161f0175/663a309040355102659b8449_1-p-800.webp]
[cdn.prod.website-files.com/62014dd97e014e5a161f0175/663a309040355102659b8449_1-p-1080.webp]
[cdn.prod.website-files.com/62014dd97e014e5a161f0175/663a30aac492df4775b06e73_3.webp]
[cdn.prod.website-files.com/62014dd97e014e5a161f0175/663a30aac492df4775b06e73_3-p-500.webp]
[cdn.prod.website-files.com/62014dd97e014e5a161f0175/663a30aac492df4775b06e73_3-p-800.webp]
[cdn.prod.website-files.com/62014dd97e014e5a161f0175/663a30aac492df4775b06e73_3-p-1080.webp]
[cdn.prod.website-files.com/62014dd97e014e5a161f0175/663a36dbd8344ad482b3ba2a_5.webp]
[cdn.prod.website-files.com/62014dd97e014e5a161f0175/663a36dbd8344ad482b3ba2a_5-p-500.webp]
[cdn.prod.website-files.com/62014dd97e014e5a161f0175/663a36dbd8344ad482b3ba2a_5-p-800.webp]
[cdn.prod.website-files.com/62014dd97e014e5a161f0175/663a36dbd8344ad482b3ba2a_5-p-1080.webp]
[cdn.prod.website-files.com/62014dd97e014e5a161f0175/663a36dc645c3108c47ff5f4_6.webp]
[cdn.prod.website-files.com/62014dd97e014e5a161f0175/663a36dc645c3108c47ff5f4_6-p-500.webp]
[cdn.prod.website-files.com/62014dd97e014e5a161f0175/663a36dc645c3108c47ff5f4_6-p-800.webp]
[cdn.prod.website-files.com/62014dd97e014e5a161f0175/663a36dc645c3108c47ff5f4_6-p-1080.webp]
[cdn.prod.website-files.com/62014dd97e014e5a161f0175/663a36dcdf94920f1224cc99_2.webp]
[cdn.prod.website-files.com/62014dd97e014e5a161f0175/663a36dcdf94920f1224cc99_2-p-500.webp]
[cdn.prod.website-files.com/62014dd97e014e5a161f0175/663a36dcdf94920f1224cc99_2-p-800.webp]
[cdn.prod.website-files.com/62014dd97e014e5a161f0175/663a36dcdf94920f1224cc99_2-p-1080.webp]
[cdn.prod.website-files.com/62014dd97e014e5a161f0175/663a37710697e13aca40864a_1_Ronde 7.webp]
[cdn.prod.website-files.com/62014dd97e014e5a161f0175/663a37710697e13aca40864a_1_Ronde 7-p-500.webp]
[cdn.prod.website-files.com/62014dd97e014e5a161f0175/663a37710697e13aca40864a_1_Ronde 7-p-800.webp]
[cdn.prod.website-files.com/62014dd97e014e5a161f0175/663a37710697e13aca40864a_1_Ronde 7-p-1080.webp]
[cdn.prod.website-files.com/62014dd97e014e5a161f0175/663a3770f303477e6863434c_1_Ronde 8.webp]
[cdn.prod.website-files.com/62014dd97e014e5a161f0175/663a3770f303477e6863434c_1_Ronde 8-p-500.webp]
[cdn.prod.website-files.com/62014dd97e014e5a161f0175/663a3770f303477e6863434c_1_Ronde 8-p-800.webp]
[cdn.prod.website-files.com/62014dd97e014e5a161f0175/663a3770f303477e6863434c_1_Ronde 8-p-1080.webp]
[cdn.prod.website-files.com/62014dd97e014e5a161f0175/663a3770cc535ea69252a287_1_Ronde 3.webp]
[cdn.prod.website-files.com/62014dd97e014e5a161f0175/663a3770cc535ea69252a287_1_Ronde 3-p-500.webp]
[cdn.prod.website-files.com/62014dd97e014e5a161f0175/663a3770cc535ea69252a287_1_Ronde 3-p-800.webp]
[cdn.prod.website-files.com/62014dd97e014e5a161f0175/663a3770cc535ea69252a287_1_Ronde 3-p-1080.webp]
[cdn.prod.website-files.com/62014dd97e014e5a161f0175/663a3770eeb37c80e21e7672_1_Ronde 9.webp]
[cdn.prod.website-files.com/62014dd97e014e5a161f0175/663a3770eeb37c80e21e7672_1_Ronde 9-p-500.webp]
[cdn.prod.website-files.com/62014dd97e014e5a161f0175/663a3770eeb37c80e21e7672_1_Ronde 9-p-800.webp]
[cdn.prod.website-files.com/62014dd97e014e5a161f0175/663a3770eeb37c80e21e7672_1_Ronde 9-p-1080.webp]
[cdn.prod.website-files.com/62014dd97e014e5a161f0175/663a3929bebf5baaf432611b_1_Ronde 4.webp]
[cdn.prod.website-files.com/62014dd97e014e5a161f0175/663a3929bebf5baaf432611b_1_Ronde 4-p-500.webp]
[cdn.prod.website-files.com/62014dd97e014e5a161f0175/663a3929bebf5baaf432611b_1_Ronde 4-p-800.webp]
[cdn.prod.website-files.com/62014dd97e014e5a161f0175/663a3929bebf5baaf432611b_1_Ronde 4-p-1080.webp]
[cdn.prod.website-files.com/62014dd97e014e5a161f0175/663a392a7c8aeed2970311ba_1_Ronde 5.webp]
[cdn.prod.website-files.com/62014dd97e014e5a161f0175/663a392a7c8aeed2970311ba_1_Ronde 5-p-500.webp]
[cdn.prod.website-files.com/62014dd97e014e5a161f0175/663a392a7c8aeed2970311ba_1_Ronde 5-p-800.webp]
[cdn.prod.website-files.com/62014dd97e014e5a161f0175/663a392a7c8aeed2970311ba_1_Ronde 5-p-1080.webp]
[cdn.prod.website-files.com/62014dd97e014e5a161f0175/663a392abebf5baaf43261eb_1_Ronde 6.webp]
[cdn.prod.website-files.com/62014dd97e014e5a161f0175/663a392abebf5baaf43261eb_1_Ronde 6-p-500.webp]
[cdn.prod.website-files.com/62014dd97e014e5a161f0175/663a392abebf5baaf43261eb_1_Ronde 6-p-800.webp]
[cdn.prod.website-files.com/62014dd97e014e5a161f0175/663a392abebf5baaf43261eb_1_Ronde 6-p-1080.webp]
[cdn.prod.website-files.com/62014dd97e014e5a161f0175/663a39298fb48a66df865a33_1_Ronde 10.webp]
[cdn.prod.website-files.com/62014dd97e014e5a161f0175/663a39298fb48a66df865a33_1_Ronde 10-p-500.webp]
[cdn.prod.website-files.com/62014dd97e014e5a161f0175/663a39298fb48a66df865a33_1_Ronde 10-p-800.webp]
[cdn.prod.website-files.com/62014dd97e014e5a161f0175/663a39298fb48a66df865a33_1_Ronde 10-p-1080.webp]
[cdn.prod.website-files.com/62014dd97e014e5a161f0175/663a3d7ed4ea2fa113fd8f7e_1.webp]
[cdn.prod.website-files.com/62014dd97e014e5a161f0175/663a3d7ed4ea2fa113fd8f7e_1-p-500.webp]
[cdn.prod.website-files.com/62014dd97e014e5a161f0175/663a3d7ed4ea2fa113fd8f7e_1-p-800.webp]
[cdn.prod.website-files.com/62014dd97e014e5a161f0175/663a3d7ed4ea2fa113fd8f7e_1-p-1080.webp]
[cdn.prod.website-files.com/62014dd97e014e5a161f0175/663a3d7ec73ecb3f33337e5a_1_Ronde 8.webp]
[cdn.prod.website-files.com/62014dd97e014e5a161f0175/663a3d7ec73ecb3f33337e5a_1_Ronde 8-p-500.webp]
[cdn.prod.website-files.com/62014dd97e014e5a161f0175/663a3d7ec73ecb3f33337e5a_1_Ronde 8-p-800.webp]
[cdn.prod.website-files.com/62014dd97e014e5a161f0175/663a3d7ec73ecb3f33337e5a_1_Ronde 8-p-1080.webp]
[cdn.prod.website-files.com/62014dd97e014e5a161f0175/663a3d7e4ab4bb2e92f91a8d_1_Ronde 7.webp]
[cdn.prod.website-files.com/62014dd97e014e5a161f0175/663a3d7e4ab4bb2e92f91a8d_1_Ronde 7-p-500.webp]
[cdn.prod.website-files.com/62014dd97e014e5a161f0175/663a3d7e4ab4bb2e92f91a8d_1_Ronde 7-p-800.webp]
[cdn.prod.website-files.com/62014dd97e014e5a161f0175/663a3d7e4ab4bb2e92f91a8d_1_Ronde 7-p-1080.webp]
[cdn.prod.website-files.com/62014dd97e014e5a161f0175/663a3d7dbd0193147fa27e40_1_Ronde 5.webp]
[cdn.prod.website-files.com/62014dd97e014e5a161f0175/663a3d7dbd0193147fa27e40_1_Ronde 5-p-500.webp]
[cdn.prod.website-files.com/62014dd97e014e5a161f0175/663a3d7dbd0193147fa27e40_1_Ronde 5-p-800.webp]
[cdn.prod.website-files.com/62014dd97e014e5a161f0175/663a3d7dbd0193147fa27e40_1_Ronde 5-p-1080.webp]
[cdn.prod.website-files.com/62014dd97e014e5a161f0175/663a3d7dee416bb9930fd13d_1_Ronde 4.webp]
[cdn.prod.website-files.com/62014dd97e014e5a161f0175/663a3d7dee416bb9930fd13d_1_Ronde 4-p-500.webp]
[cdn.prod.website-files.com/62014dd97e014e5a161f0175/663a3d7dee416bb9930fd13d_1_Ronde 4-p-800.webp]
[cdn.prod.website-files.com/62014dd97e014e5a161f0175/663a3d7dee416bb9930fd13d_1_Ronde 4-p-1080.webp]
[cdn.prod.website-files.com/62014dd97e014e5a161f0175/663a3d7e555a0ead29dc61cf_1_Ronde 6.webp]
[cdn.prod.website-files.com/62014dd97e014e5a161f0175/663a3d7e555a0ead29dc61cf_1_Ronde 6-p-500.webp]
[cdn.prod.website-files.com/62014dd97e014e5a161f0175/663a3d7e555a0ead29dc61cf_1_Ronde 6-p-800.webp]
[cdn.prod.website-files.com/62014dd97e014e5a161f0175/663a3d7e555a0ead29dc61cf_1_Ronde 6-p-1080.webp]
[lesgrosmotsfinal.webflow.io/projects/speedy/le-futur.html]
[cdn.prod.website-files.com/62014dd97e014e5a161f0175/649161d38b5eab49d8b7bf5e_pit.jpg]
[cdn.prod.website-files.com/62014dd97e014e5a161f0175/664f063bf582f9a7cb71571e_1-pitch-D.webp]
[cdn.prod.website-files.com/62014dd97e014e5a161f0175/664f063bf582f9a7cb71571e_1-pitch-D-p-500.webp]
[cdn.prod.website-files.com/62014dd97e014e5a161f0175/664f082cf07959f4354502d5_2-pitch-D-cut.webp]
[cdn.prod.website-files.com/62014dd97e014e5a161f0175/664f082cf07959f4354502d5_2-pitch-D-cut-p-500.webp]
[cdn.prod.website-files.com/62014dd97e014e5a161f0175/664f0637a984221894945419_3-pitch-D.webp]
[cdn.prod.website-files.com/62014dd97e014e5a161f0175/664f0637a984221894945419_3-pitch-D-p-500.webp]
[cdn.prod.website-files.com/62014dd97e014e5a161f0175/664f0637b315d4041c40c9b8_4-pitch-D.webp]
[cdn.prod.website-files.com/62014dd97e014e5a161f0175/664f0637b315d4041c40c9b8_4-pitch-D-p-500.webp]
[cdn.prod.website-files.com/62014dd97e014e5a161f0175/664f063797cc4ad31ce52ca2_5-pitch-D.webp]
[cdn.prod.website-files.com/62014dd97e014e5a161f0175/664f063797cc4ad31ce52ca2_5-pitch-D-p-500.webp]
[cdn.prod.website-files.com/62014dd97e014e5a161f0175/664f0633665b0cc599d69739_6-pitch-D.webp]
[cdn.prod.website-files.com/62014dd97e014e5a161f0175/664f0633665b0cc599d69739_6-pitch-D-p-500.webp]
[cdn.prod.website-files.com/62014dd97e014e5a161f0175/664f0633be0455ae1a896eaf_6-pitch-D.webp]
[cdn.prod.website-files.com/62014dd97e014e5a161f0175/664f0633be0455ae1a896eaf_6-pitch-D-p-500.webp]
[cdn.prod.website-files.com/62014dd97e014e5a161f0175/664f063325f445715992bf53_8-pitch-D.webp]
[cdn.prod.website-files.com/62014dd97e014e5a161f0175/664f063325f445715992bf53_8-pitch-D-p-500.webp]
[cdn.prod.website-files.com/62014dd97e014e5a161f0175/664f06333155634fa19574a2_9-pitch-D.webp]
[cdn.prod.website-files.com/62014dd97e014e5a161f0175/664f06333155634fa19574a2_9-pitch-D-p-500.webp]
[cdn.prod.website-files.com/62014dd97e014e5a161f0175/664f062eee13dbab462b88c7_10-pitch-D.webp]
[cdn.prod.website-files.com/62014dd97e014e5a161f0175/664f062eee13dbab462b88c7_10-pitch-D-p-500.webp]
[cdn.prod.website-files.com/62014dd97e014e5a161f0175/664f062eefdf7e0419c50a5d_11-pitch-D.webp]
[cdn.prod.website-files.com/62014dd97e014e5a161f0175/664f062eefdf7e0419c50a5d_11-pitch-D-p-500.webp]
[cdn.prod.website-files.com/62014dd97e014e5a161f0175/672ce2a5db59a656d057181f_1_Ronde 18.avif]
[cdn.prod.website-files.com/62014dd97e014e5a161f0175/664f062d68ccf14bd0ccf4a0_13-pitch-D.webp]
[cdn.prod.website-files.com/62014dd97e014e5a161f0175/664f062d68ccf14bd0ccf4a0_13-pitch-D-p-500.webp]
[cdn.prod.website-files.com/62014dd97e014e5a161f0175/664f297a80d9d84c48aa010d_1-MOB-PITCH-FILM.webp]
[cdn.prod.website-files.com/62014dd97e014e5a161f0175/664f297a80d9d84c48aa010d_1-MOB-PITCH-FILM-p-500.webp]
[cdn.prod.website-files.com/62014dd97e014e5a161f0175/664f297bc3bffc3982a6f84b_2-MOB-PITCH-FILM.webp]
[cdn.prod.website-files.com/62014dd97e014e5a161f0175/664f297bc3bffc3982a6f84b_2-MOB-PITCH-FILM-p-500.webp]
[cdn.prod.website-files.com/62014dd97e014e5a161f0175/664f2990fbe3e220fe4bf067_3-MOB-PITCH-FILM.webp]
[cdn.prod.website-files.com/62014dd97e014e5a161f0175/664f2990fbe3e220fe4bf067_3-MOB-PITCH-FILM-p-500.webp]
[cdn.prod.website-files.com/62014dd97e014e5a161f0175/664f297a72753f5865a9e7c6_4-MOB-PITCH-FILM.webp]
[cdn.prod.website-files.com/62014dd97e014e5a161f0175/664f297a72753f5865a9e7c6_4-MOB-PITCH-FILM-p-500.webp]
[cdn.prod.website-files.com/62014dd97e014e5a161f0175/664f297ab4cf28be9d0ed7dc_5-MOB-PITCH-FILM.webp]
[cdn.prod.website-files.com/62014dd97e014e5a161f0175/664f297ab4cf28be9d0ed7dc_5-MOB-PITCH-FILM-p-500.webp]
[lesgrosmotsfinal.webflow.io/projects/pitch/pitch-le-film.html]
[cdn.prod.website-files.com/62014dd97e014e5a161f0175/64552413038cbbfda5e8f23d_puy-du-fou-campagne-affichage-small.jpg]
[cdn.prod.website-files.com/62014dd97e014e5a161f0175/64886954c3f712309dcf189b_97203-loader.gif]
[cdn.prod.website-files.com/62014dd97e014e5a161f0175/646f58c5a64f42e6c91ada63_2015-1.webp]
[cdn.prod.website-files.com/62014dd97e014e5a161f0175/646f58c5a64f42e6c91ada63_2015-1-p-500.webp]
[cdn.prod.website-files.com/62014dd97e014e5a161f0175/646f58c5a64f42e6c91ada63_2015-1-p-800.webp]
[cdn.prod.website-files.com/62014dd97e014e5a161f0175/646f58c5a64f42e6c91ada63_2015-1-p-1080.webp]
[cdn.prod.website-files.com/62014dd97e014e5a161f0175/646f58c552f3bf36c063235b_2016.webp]
[cdn.prod.website-files.com/62014dd97e014e5a161f0175/646f58c552f3bf36c063235b_2016-p-500.webp]
[cdn.prod.website-files.com/62014dd97e014e5a161f0175/646f58c552f3bf36c063235b_2016-p-800.webp]
[cdn.prod.website-files.com/62014dd97e014e5a161f0175/646f58c552f3bf36c063235b_2016-p-1080.webp]
[cdn.prod.website-files.com/62014dd97e014e5a161f0175/646f58c5445a3fe363508934_2017-1.webp]
[cdn.prod.website-files.com/62014dd97e014e5a161f0175/646f58c5445a3fe363508934_2017-1-p-500.webp]
[cdn.prod.website-files.com/62014dd97e014e5a161f0175/646f58c5445a3fe363508934_2017-1-p-800.webp]
[cdn.prod.website-files.com/62014dd97e014e5a161f0175/646f58c5445a3fe363508934_2017-1-p-1080.webp]
[cdn.prod.website-files.com/62014dd97e014e5a161f0175/646f58c65b5b32ec44a10618_2018-1.webp]
[cdn.prod.website-files.com/62014dd97e014e5a161f0175/646f58c65b5b32ec44a10618_2018-1-p-500.webp]
[cdn.prod.website-files.com/62014dd97e014e5a161f0175/646f58c65b5b32ec44a10618_2018-1-p-800.webp]
[cdn.prod.website-files.com/62014dd97e014e5a161f0175/646f58c65b5b32ec44a10618_2018-1-p-1080.webp]
[cdn.prod.website-files.com/62014dd97e014e5a161f0175/646f58c55363d6fa7ae6825f_2019-1.webp]
[cdn.prod.website-files.com/62014dd97e014e5a161f0175/646f58c55363d6fa7ae6825f_2019-1-p-500.webp]
[cdn.prod.website-files.com/62014dd97e014e5a161f0175/646f58c55363d6fa7ae6825f_2019-1-p-800.webp]
[cdn.prod.website-files.com/62014dd97e014e5a161f0175/646f58c55363d6fa7ae6825f_2019-1-p-1080.webp]
[cdn.prod.website-files.com/62014dd97e014e5a161f0175/646b873b483bd956d2ea1fc2_puy-2020.jpg]
[cdn.prod.website-files.com/62014dd97e014e5a161f0175/646b8778f6907682fc2b0af2_puy-2002-B.jpg]
[cdn.prod.website-files.com/62014dd97e014e5a161f0175/646b8efb6cfd1c323d098ea3_multi-one.webp]
[cdn.prod.website-files.com/62014dd97e014e5a161f0175/646b8efb6cfd1c323d098ea3_multi-one-p-500.webp]
[cdn.prod.website-files.com/62014dd97e014e5a161f0175/646b8efb6cfd1c323d098ea3_multi-one-p-800.webp]
[cdn.prod.website-files.com/62014dd97e014e5a161f0175/646b8efb6cfd1c323d098ea3_multi-one-p-1080.webp]
[cdn.prod.website-files.com/62014dd97e014e5a161f0175/646b8efb5f7ff1456cea74d8_multi-two.webp]
[cdn.prod.website-files.com/62014dd97e014e5a161f0175/646b8efb5f7ff1456cea74d8_multi-two-p-500.webp]
[cdn.prod.website-files.com/62014dd97e014e5a161f0175/646b8efbccbfdf0cd703c068_multi-three.webp]
[cdn.prod.website-files.com/62014dd97e014e5a161f0175/646b8efbccbfdf0cd703c068_multi-three-p-500.webp]
[cdn.prod.website-files.com/62014dd97e014e5a161f0175/646b8efbea6e96786b5e4d9f_multi-for.webp]
[cdn.prod.website-files.com/62014dd97e014e5a161f0175/646b8efbea6e96786b5e4d9f_multi-for-p-500.webp]
[cdn.prod.website-files.com/62014dd97e014e5a161f0175/646b8efbccbfdf0cd703c0a6_multi-five.webp]
[cdn.prod.website-files.com/62014dd97e014e5a161f0175/646b8efbccbfdf0cd703c0a6_multi-five-p-500.webp]
[cdn.prod.website-files.com/62014dd97e014e5a161f0175/646b8efb98d6496a6cd55304_multi-seven.webp]
[cdn.prod.website-files.com/62014dd97e014e5a161f0175/646b8efb98d6496a6cd55304_multi-seven-p-500.webp]
[cdn.prod.website-files.com/62014dd97e014e5a161f0175/646b8efb98d6496a6cd55304_multi-seven-p-800.webp]
[cdn.prod.website-files.com/62014dd97e014e5a161f0175/646b8efb98d6496a6cd55304_multi-seven-p-1080.webp]
[cdn.prod.website-files.com/62014dd97e014e5a161f0175/63628a4ef9df14ba4f6f90a2_Capture d’écran 2022-11-02 à 16.06.46.jpg]
[lesgrosmotsfinal.webflow.io/projects/puy-du-fou/la-saga-puy-du-fou2.html]
[cdn.prod.website-files.com/62014dd97e014e5a161f0175/6491625e8de7675a48e89480_liberte.jpg]
[cdn.prod.website-files.com/62014dd97e014e5a161f0175/664f3319dc3011cb945e3b8c_1-PDF-one.webp]
[cdn.prod.website-files.com/62014dd97e014e5a161f0175/664f3319dc3011cb945e3b8c_1-PDF-one-p-500.webp]
[cdn.prod.website-files.com/62014dd97e014e5a161f0175/664f33196747766f93561b57_2-PDF-one.webp]
[cdn.prod.website-files.com/62014dd97e014e5a161f0175/664f33196747766f93561b57_2-PDF-one-p-500.webp]
[cdn.prod.website-files.com/62014dd97e014e5a161f0175/664f331a0a982f1516a04df4_3-PDF-one.webp]
[cdn.prod.website-files.com/62014dd97e014e5a161f0175/664f331a0a982f1516a04df4_3-PDF-one-p-500.webp]
[cdn.prod.website-files.com/62014dd97e014e5a161f0175/664f33199014a440358bce33_4-PDF-one.webp]
[cdn.prod.website-files.com/62014dd97e014e5a161f0175/664f33199014a440358bce33_4-PDF-one-p-500.webp]
[cdn.prod.website-files.com/62014dd97e014e5a161f0175/664f3317d10f4ba2323e333a_5-PDF-one.webp]
[cdn.prod.website-files.com/62014dd97e014e5a161f0175/664f3317d10f4ba2323e333a_5-PDF-one-p-500.webp]
[cdn.prod.website-files.com/62014dd97e014e5a161f0175/664f3317d10f4ba2323e3335_6-PDF-one.webp]
[cdn.prod.website-files.com/62014dd97e014e5a161f0175/664f3317d10f4ba2323e3335_6-PDF-one-p-500.webp]
[cdn.prod.website-files.com/62014dd97e014e5a161f0175/664f331755324be6974c63ac_7-PDF-one.webp]
[cdn.prod.website-files.com/62014dd97e014e5a161f0175/664f331755324be6974c63ac_7-PDF-one-p-500.webp]
[cdn.prod.website-files.com/62014dd97e014e5a161f0175/664f33177c08f160771bafa1_8-PDF-one.webp]
[cdn.prod.website-files.com/62014dd97e014e5a161f0175/664f33177c08f160771bafa1_8-PDF-one-p-500.webp]
[cdn.prod.website-files.com/62014dd97e014e5a161f0175/664f331623dfa2216aae3235_9-PDF-one.webp]
[cdn.prod.website-files.com/62014dd97e014e5a161f0175/664f331623dfa2216aae3235_9-PDF-one-p-500.webp]
[cdn.prod.website-files.com/62014dd97e014e5a161f0175/664f331618396950c0fe1a46_10-PDF-one.webp]
[cdn.prod.website-files.com/62014dd97e014e5a161f0175/664f331618396950c0fe1a46_10-PDF-one-p-500.webp]
[cdn.prod.website-files.com/62014dd97e014e5a161f0175/664f33167d29f2dd46838103_11-PDF-one.webp]
[cdn.prod.website-files.com/62014dd97e014e5a161f0175/664f33167d29f2dd46838103_11-PDF-one-p-500.webp]
[cdn.prod.website-files.com/62014dd97e014e5a161f0175/664f3315ae2f285276dbd164_12-PDF-one.webp]
[cdn.prod.website-files.com/62014dd97e014e5a161f0175/664f3315ae2f285276dbd164_12-PDF-one-p-500.webp]
[cdn.prod.website-files.com/62014dd97e014e5a161f0175/664f377e8c3664edf9723d7a_1-p-mob.webp]
[cdn.prod.website-files.com/62014dd97e014e5a161f0175/664f377e8c3664edf9723d7a_1-p-mob-p-500.webp]
[cdn.prod.website-files.com/62014dd97e014e5a161f0175/664f377eed98b26b348ca738_2-p-mob.webp]
[cdn.prod.website-files.com/62014dd97e014e5a161f0175/664f377eed98b26b348ca738_2-p-mob-p-500.webp]
[cdn.prod.website-files.com/62014dd97e014e5a161f0175/664f378820e587d175e0f783_3-p-mob.webp]
[cdn.prod.website-files.com/62014dd97e014e5a161f0175/664f378820e587d175e0f783_3-p-mob-p-500.webp]
[cdn.prod.website-files.com/62014dd97e014e5a161f0175/664f377ea0d6c0f02b966da0_4-p-mob.webp]
[cdn.prod.website-files.com/62014dd97e014e5a161f0175/664f377ea0d6c0f02b966da0_4-p-mob-p-500.webp]
[cdn.prod.website-files.com/62014dd97e014e5a161f0175/664f377e4a85aaa8d417cee4_5-p-mob.webp]
[cdn.prod.website-files.com/62014dd97e014e5a161f0175/664f377e4a85aaa8d417cee4_5-p-mob-p-500.webp]
[lesgrosmotsfinal.webflow.io/projects/puy-du-fou/liberte.html]
[cdn.prod.website-files.com/62014dd97e014e5a161f0175/649162c74ac8ef54d6f0f809_Sans titre.jpg]
[cdn.prod.website-files.com/62014dd97e014e5a161f0175/664f3d54248c9d454b36bf41_1-pp2.webp]
[cdn.prod.website-files.com/62014dd97e014e5a161f0175/664f3d54248c9d454b36bf41_1-pp2-p-500.webp]
[cdn.prod.website-files.com/62014dd97e014e5a161f0175/664f3d542cc8477fdca52e62_2-pp2.webp]
[cdn.prod.website-files.com/62014dd97e014e5a161f0175/664f3d542cc8477fdca52e62_2-pp2-p-500.webp]
[cdn.prod.website-files.com/62014dd97e014e5a161f0175/664f3d54deba400cca3edfef_3-pp2.webp]
[cdn.prod.website-files.com/62014dd97e014e5a161f0175/664f3d54deba400cca3edfef_3-pp2-p-500.webp]
[cdn.prod.website-files.com/62014dd97e014e5a161f0175/664f3d5492758768486336a6_4-pp2.webp]
[cdn.prod.website-files.com/62014dd97e014e5a161f0175/664f3d5492758768486336a6_4-pp2-p-500.webp]
[cdn.prod.website-files.com/62014dd97e014e5a161f0175/664f3d524745969df30aa6c0_5-pp2.webp]
[cdn.prod.website-files.com/62014dd97e014e5a161f0175/664f3d524745969df30aa6c0_5-pp2-p-500.webp]
[cdn.prod.website-files.com/62014dd97e014e5a161f0175/664f3d52f7686bccecd011d5_6-pp2.webp]
[cdn.prod.website-files.com/62014dd97e014e5a161f0175/664f3d52f7686bccecd011d5_6-pp2-p-500.webp]
[cdn.prod.website-files.com/62014dd97e014e5a161f0175/664f3d5266aa396fe20030c9_7-pp2.webp]
[cdn.prod.website-files.com/62014dd97e014e5a161f0175/664f3d5266aa396fe20030c9_7-pp2-p-500.webp]
[cdn.prod.website-files.com/62014dd97e014e5a161f0175/664f3d512231b47311378c38_8-pp2.webp]
[cdn.prod.website-files.com/62014dd97e014e5a161f0175/664f3d512231b47311378c38_8-pp2-p-500.webp]
[cdn.prod.website-files.com/62014dd97e014e5a161f0175/664f3d524a85aaa8d41cdca2_9-pp2.webp]
[cdn.prod.website-files.com/62014dd97e014e5a161f0175/664f3d524a85aaa8d41cdca2_9-pp2-p-500.webp]
[cdn.prod.website-files.com/62014dd97e014e5a161f0175/664f400b1e7ffee558817f01_2-pMOB.webp]
[cdn.prod.website-files.com/62014dd97e014e5a161f0175/664f400b1e7ffee558817f01_2-pMOB-p-500.webp]
[cdn.prod.website-files.com/62014dd97e014e5a161f0175/664f400be670ebf688fdbfaf_3-pMOB.webp]
[cdn.prod.website-files.com/62014dd97e014e5a161f0175/664f400be670ebf688fdbfaf_3-pMOB-p-500.webp]
[cdn.prod.website-files.com/62014dd97e014e5a161f0175/664f400bcc1aa14207accfba_4-pMOB.webp]
[cdn.prod.website-files.com/62014dd97e014e5a161f0175/664f400bcc1aa14207accfba_4-pMOB-p-500.webp]
[cdn.prod.website-files.com/62014dd97e014e5a161f0175/664f400a0e29e66905782270_5-pMOB.webp]
[cdn.prod.website-files.com/62014dd97e014e5a161f0175/664f400a0e29e66905782270_5-pMOB-p-500.webp]
[cdn.prod.website-files.com/62014dd97e014e5a161f0175/664f400a36adf803bf2608bb_6-pMOB.webp]
[cdn.prod.website-files.com/62014dd97e014e5a161f0175/664f400a36adf803bf2608bb_6-pMOB-p-500.webp]
[lesgrosmotsfinal.webflow.io/projects/puy-du-fou/eternels.html]
[cdn.prod.website-files.com/62014dd97e014e5a161f0175/644a3f214d0a0bb0828d2e33_pago-small.jpg]
[cdn.prod.website-files.com/62014dd97e014e5a161f0175/644a40f22563702eac9f4963_pago1.webp]
[cdn.prod.website-files.com/62014dd97e014e5a161f0175/644a40f22563702eac9f4963_pago1-p-500.webp]
[cdn.prod.website-files.com/62014dd97e014e5a161f0175/644a40f19d569d41464ccbe7_pago2.webp]
[cdn.prod.website-files.com/62014dd97e014e5a161f0175/644a40f19d569d41464ccbe7_pago2-p-500.webp]
[cdn.prod.website-files.com/62014dd97e014e5a161f0175/644a40f123d92a15e7f248f3_pago 3.webp]
[cdn.prod.website-files.com/62014dd97e014e5a161f0175/644a40f123d92a15e7f248f3_pago 3-p-500.webp]
[cdn.prod.website-files.com/62014dd97e014e5a161f0175/644a40f143a68687191f248a_pago 4.webp]
[cdn.prod.website-files.com/62014dd97e014e5a161f0175/644a40f143a68687191f248a_pago 4-p-500.webp]
[cdn.prod.website-files.com/62014dd97e014e5a161f0175/6452485c99312f5f57186010_Billboard s‚rie OUT (8 sec) parfum fraise-transcode.mp4]
[cdn.prod.website-files.com/62014dd97e014e5a161f0175/6452485c99312f5f57186010_Billboard s‚rie OUT (8 sec) parfum fraise-transcode.webm]
[cdn.prod.website-files.com/62014dd97e014e5a161f0175/645249459bcbb33b6f846eed_Billboard s‚rie BA & IN (8 sec) parfum ACE-transcode.mp4]
[cdn.prod.website-files.com/62014dd97e014e5a161f0175/645249459bcbb33b6f846eed_Billboard s‚rie BA & IN (8 sec) parfum ACE-transcode.webm]
[lesgrosmotsfinal.webflow.io/projects/pago/livresse-du-fruit.html]
[cdn.prod.website-files.com/62014dd97e014e5a161f0175/6451ffca39c849280792f783_small-pavillon-france.jpg]
[cdn.prod.website-files.com/62014dd97e014e5a161f0175/645209204c1e8e75f0f564c8_p-1-1.webp]
[cdn.prod.website-files.com/62014dd97e014e5a161f0175/64520920f82dbf09839403df_p-2-1.webp]
[cdn.prod.website-files.com/62014dd97e014e5a161f0175/64520920b19c7f6b3554f9cd_p-3-1.webp]
[cdn.prod.website-files.com/62014dd97e014e5a161f0175/645209205dd6362aaabed206_p-4-1.webp]
[cdn.prod.website-files.com/62014dd97e014e5a161f0175/64520920d9ac1f9dce142b0b_p-4-2.webp]
[cdn.prod.website-files.com/62014dd97e014e5a161f0175/6452091f9767ce09d6570f80_p-3-2.webp]
[cdn.prod.website-files.com/62014dd97e014e5a161f0175/6452091ff82dbf53569403de_p-2-2.webp]
[cdn.prod.website-files.com/62014dd97e014e5a161f0175/6452091ffdafeb05f71e6530_p-1-2.webp]
[cdn.prod.website-files.com/62014dd97e014e5a161f0175/6452091f441fb18ed6e32d9e_p-1-3.webp]
[cdn.prod.website-files.com/62014dd97e014e5a161f0175/64520920428585e7bcc0b50c_p-2-3.webp]
[cdn.prod.website-files.com/62014dd97e014e5a161f0175/64520920089b6e41986d9e54_p-3-3.jpg]
[cdn.prod.website-files.com/62014dd97e014e5a161f0175/64520920f4549406a58147c6_p-4-3.webp]
[cdn.prod.website-files.com/62014dd97e014e5a161f0175/64772bdef3fd697025229d41_Affiche.webp]
[cdn.prod.website-files.com/62014dd97e014e5a161f0175/64772bdef3fd697025229d41_Affiche-p-500.webp]
[cdn.prod.website-files.com/62014dd97e014e5a161f0175/64772bdef3fd697025229d41_Affiche-p-800.webp]
[cdn.prod.website-files.com/62014dd97e014e5a161f0175/64772bdef3fd697025229d41_Affiche-p-1080.webp]
[cdn.prod.website-files.com/62014dd97e014e5a161f0175/64772bdef3fd697025229d41_Affiche-p-1600.webp]
[cdn.prod.website-files.com/62014dd97e014e5a161f0175/64772bdef3fd697025229d41_Affiche-p-2000.webp]
[cdn.prod.website-files.com/62014dd97e014e5a161f0175/64772bdef3fd697025229d41_Affiche-p-2600.webp]
[cdn.prod.website-files.com/62014dd97e014e5a161f0175/64772bdef3fd697025229d41_Affiche-p-3200.webp]
[cdn.prod.website-files.com/62014dd97e014e5a161f0175/64772bdce45b8de2e055afb7_Affiche2.webp]
[cdn.prod.website-files.com/62014dd97e014e5a161f0175/64772bdce45b8de2e055afb7_Affiche2-p-500.webp]
[cdn.prod.website-files.com/62014dd97e014e5a161f0175/64772bdce45b8de2e055afb7_Affiche2-p-800.webp]
[cdn.prod.website-files.com/62014dd97e014e5a161f0175/64772bdce45b8de2e055afb7_Affiche2-p-1080.webp]
[cdn.prod.website-files.com/62014dd97e014e5a161f0175/64772bdce45b8de2e055afb7_Affiche2-p-1600.webp]
[cdn.prod.website-files.com/62014dd97e014e5a161f0175/64772bdce45b8de2e055afb7_Affiche2-p-2000.webp]
[cdn.prod.website-files.com/62014dd97e014e5a161f0175/64772bdce45b8de2e055afb7_Affiche2-p-2600.webp]
[cdn.prod.website-files.com/62014dd97e014e5a161f0175/64772bdce45b8de2e055afb7_Affiche2-p-3200.webp]
[cdn.prod.website-files.com/62014dd97e014e5a161f0175/64772bdd2c531e64ba643c6b_Affiche3.webp]
[cdn.prod.website-files.com/62014dd97e014e5a161f0175/64772bdd2c531e64ba643c6b_Affiche3-p-500.webp]
[cdn.prod.website-files.com/62014dd97e014e5a161f0175/64772bdd2c531e64ba643c6b_Affiche3-p-800.webp]
[cdn.prod.website-files.com/62014dd97e014e5a161f0175/64772bdd2c531e64ba643c6b_Affiche3-p-1080.webp]
[cdn.prod.website-files.com/62014dd97e014e5a161f0175/64772bdd2c531e64ba643c6b_Affiche3-p-1600.webp]
[cdn.prod.website-files.com/62014dd97e014e5a161f0175/64772bdd2c531e64ba643c6b_Affiche3-p-2000.webp]
[cdn.prod.website-files.com/62014dd97e014e5a161f0175/64772bdd2c531e64ba643c6b_Affiche3-p-2600.webp]
[cdn.prod.website-files.com/62014dd97e014e5a161f0175/64772bdd2c531e64ba643c6b_Affiche3-p-3200.webp]
[cdn.prod.website-files.com/62014dd97e014e5a161f0175/64772bdecec4c0f9c54df3fe_Affiche4.webp]
[cdn.prod.website-files.com/62014dd97e014e5a161f0175/64772bdecec4c0f9c54df3fe_Affiche4-p-500.webp]
[cdn.prod.website-files.com/62014dd97e014e5a161f0175/64772bdecec4c0f9c54df3fe_Affiche4-p-800.webp]
[cdn.prod.website-files.com/62014dd97e014e5a161f0175/64772bdecec4c0f9c54df3fe_Affiche4-p-1080.webp]
[cdn.prod.website-files.com/62014dd97e014e5a161f0175/64772bdecec4c0f9c54df3fe_Affiche4-p-1600.webp]
[cdn.prod.website-files.com/62014dd97e014e5a161f0175/64772bdecec4c0f9c54df3fe_Affiche4-p-2000.webp]
[cdn.prod.website-files.com/62014dd97e014e5a161f0175/64772bdecec4c0f9c54df3fe_Affiche4-p-2600.webp]
[cdn.prod.website-files.com/62014dd97e014e5a161f0175/64772bdecec4c0f9c54df3fe_Affiche4-p-3200.webp]
[cdn.prod.website-files.com/62014dd97e014e5a161f0175/64772b03e578b119cff556e9_Frame-72.webp]
[cdn.prod.website-files.com/62014dd97e014e5a161f0175/64772b03e578b119cff556e9_Frame-72-p-500.webp]
[cdn.prod.website-files.com/62014dd97e014e5a161f0175/64772b03e578b119cff556e9_Frame-72-p-800.webp]
[cdn.prod.website-files.com/62014dd97e014e5a161f0175/64772b03e578b119cff556e9_Frame-72-p-1080.webp]
[cdn.prod.website-files.com/62014dd97e014e5a161f0175/64772b03e578b119cff556e9_Frame-72-p-1600.webp]
[cdn.prod.website-files.com/62014dd97e014e5a161f0175/64772b03e578b119cff556e9_Frame-72-p-2000.webp]
[cdn.prod.website-files.com/62014dd97e014e5a161f0175/64772b12ee0d9ea9838a0ca0_Frame-154.webp]
[cdn.prod.website-files.com/62014dd97e014e5a161f0175/64772b12ee0d9ea9838a0ca0_Frame-154-p-500.webp]
[cdn.prod.website-files.com/62014dd97e014e5a161f0175/64772b12ee0d9ea9838a0ca0_Frame-154-p-800.webp]
[cdn.prod.website-files.com/62014dd97e014e5a161f0175/64772b12ee0d9ea9838a0ca0_Frame-154-p-1080.webp]
[cdn.prod.website-files.com/62014dd97e014e5a161f0175/64772b12ee0d9ea9838a0ca0_Frame-154-p-1600.webp]
[cdn.prod.website-files.com/62014dd97e014e5a161f0175/64772b12ee0d9ea9838a0ca0_Frame-154-p-2000.webp]
[cdn.prod.website-files.com/62014dd97e014e5a161f0175/647768c81efa3fbe8464516a_Frame-3-peche.webp]
[cdn.prod.website-files.com/62014dd97e014e5a161f0175/647768c81efa3fbe8464516a_Frame-3-peche-p-500.webp]
[cdn.prod.website-files.com/62014dd97e014e5a161f0175/647768c81efa3fbe8464516a_Frame-3-peche-p-800.webp]
[cdn.prod.website-files.com/62014dd97e014e5a161f0175/647768c81efa3fbe8464516a_Frame-3-peche-p-1080.webp]
[cdn.prod.website-files.com/62014dd97e014e5a161f0175/647768c81efa3fbe8464516a_Frame-3-peche-p-1600.webp]
[cdn.prod.website-files.com/62014dd97e014e5a161f0175/647768c81efa3fbe8464516a_Frame-3-peche-p-2000.webp]
[cdn.prod.website-files.com/62014dd97e014e5a161f0175/6452257c0fba3c2d5d3140bb_rature-cut.png]
[cdn.prod.website-files.com/62014dd97e014e5a161f0175/6452257c0fba3c2d5d3140bb_rature-cut-p-500.png]
[cdn.prod.website-files.com/62014dd97e014e5a161f0175/6452257c0fba3c2d5d3140bb_rature-cut-p-800.png]
[cdn.prod.website-files.com/62014dd97e014e5a161f0175/6452257c0fba3c2d5d3140bb_rature-cut-p-1080.png]
[lesgrosmotsfinal.webflow.io/projects/pavillon-france/bleu-blanc-rouge.html]
[cdn.prod.website-files.com/62014dd97e014e5a161f0175/64513c4dc828e58634ddb40f_habitat-campagne-small.jpg]
[cdn.prod.website-files.com/62014dd97e014e5a161f0175/64513f660eeadf618f09f6cd_Annonce_Presse_HABITAT 1.webp]
[cdn.prod.website-files.com/62014dd97e014e5a161f0175/64513f660eeadf618f09f6cd_Annonce_Presse_HABITAT 1-p-500.webp]
[cdn.prod.website-files.com/62014dd97e014e5a161f0175/64513f660eeadf618f09f6cd_Annonce_Presse_HABITAT 1-p-800.webp]
[cdn.prod.website-files.com/62014dd97e014e5a161f0175/64513f651112f2738ad38772_Annonce_Presse_HABITAT 2.webp]
[cdn.prod.website-files.com/62014dd97e014e5a161f0175/64513f651112f2738ad38772_Annonce_Presse_HABITAT 2-p-500.webp]
[cdn.prod.website-files.com/62014dd97e014e5a161f0175/64513f651112f2738ad38772_Annonce_Presse_HABITAT 2-p-800.webp]
[cdn.prod.website-files.com/62014dd97e014e5a161f0175/64513f64effdb92023c72a33_Annonce_Presse_HABITAT 3.webp]
[cdn.prod.website-files.com/62014dd97e014e5a161f0175/64513f64effdb92023c72a33_Annonce_Presse_HABITAT 3-p-500.webp]
[cdn.prod.website-files.com/62014dd97e014e5a161f0175/64513f64effdb92023c72a33_Annonce_Presse_HABITAT 3-p-800.webp]
[cdn.prod.website-files.com/62014dd97e014e5a161f0175/64513f657485df761eb7889e_Annonce_Presse_HABITAT 4.webp]
[cdn.prod.website-files.com/62014dd97e014e5a161f0175/64513f657485df761eb7889e_Annonce_Presse_HABITAT 4-p-500.webp]
[cdn.prod.website-files.com/62014dd97e014e5a161f0175/64513f657485df761eb7889e_Annonce_Presse_HABITAT 4-p-800.webp]
[cdn.prod.website-files.com/62014dd97e014e5a161f0175/64513f652a7122f008eb020e_Annonce_Presse_HABITAT 5.webp]
[cdn.prod.website-files.com/62014dd97e014e5a161f0175/64513f652a7122f008eb020e_Annonce_Presse_HABITAT 5-p-500.webp]
[cdn.prod.website-files.com/62014dd97e014e5a161f0175/64513f652a7122f008eb020e_Annonce_Presse_HABITAT 5-p-800.webp]
[cdn.prod.website-files.com/62014dd97e014e5a161f0175/64513f652dec0f3a1cca81ff_Annonce_Presse_HABITAT 6.webp]
[cdn.prod.website-files.com/62014dd97e014e5a161f0175/64513f652dec0f3a1cca81ff_Annonce_Presse_HABITAT 6-p-500.webp]
[cdn.prod.website-files.com/62014dd97e014e5a161f0175/64513f652dec0f3a1cca81ff_Annonce_Presse_HABITAT 6-p-800.webp]
[cdn.prod.website-files.com/62014dd97e014e5a161f0175/64513f65110d4de1b8fd63c1_Annonce_Presse_HABITAT 7.webp]
[cdn.prod.website-files.com/62014dd97e014e5a161f0175/64513f65110d4de1b8fd63c1_Annonce_Presse_HABITAT 7-p-500.webp]
[cdn.prod.website-files.com/62014dd97e014e5a161f0175/64513f65110d4de1b8fd63c1_Annonce_Presse_HABITAT 7-p-800.webp]
[cdn.prod.website-files.com/62014dd97e014e5a161f0175/64513f65641903224750ad4c_Annonce_Presse_HABITAT 8.webp]
[cdn.prod.website-files.com/62014dd97e014e5a161f0175/64513f65641903224750ad4c_Annonce_Presse_HABITAT 8-p-500.webp]
[cdn.prod.website-files.com/62014dd97e014e5a161f0175/64513f65641903224750ad4c_Annonce_Presse_HABITAT 8-p-800.webp]
[cdn.prod.website-files.com/62014dd97e014e5a161f0175/64513f650eeadf8d8b09f6cc_Annonce_Presse_HABITAT 9.webp]
[cdn.prod.website-files.com/62014dd97e014e5a161f0175/64513f650eeadf8d8b09f6cc_Annonce_Presse_HABITAT 9-p-500.webp]
[cdn.prod.website-files.com/62014dd97e014e5a161f0175/64513f650eeadf8d8b09f6cc_Annonce_Presse_HABITAT 9-p-800.webp]
[cdn.prod.website-files.com/62014dd97e014e5a161f0175/6454b8db0bddb7f311a0e50f_carte-postale-cut_01.webp]
[cdn.prod.website-files.com/62014dd97e014e5a161f0175/6454b8db0bddb7f311a0e50f_carte-postale-cut_01-p-500.webp]
[cdn.prod.website-files.com/62014dd97e014e5a161f0175/6454b8efcd601a7a7cd424a4_carte-postale-cut_02.webp]
[cdn.prod.website-files.com/62014dd97e014e5a161f0175/6454b8efcd601a7a7cd424a4_carte-postale-cut_02-p-500.webp]
[cdn.prod.website-files.com/62014dd97e014e5a161f0175/6454b9005de5385b443c9134_carte-postale-cut_03.webp]
[cdn.prod.website-files.com/62014dd97e014e5a161f0175/6454b9005de5385b443c9134_carte-postale-cut_03-p-500.webp]
[cdn.prod.website-files.com/62014dd97e014e5a161f0175/6454b90dbcd4f2cd958845a7_carte-postale-cut_04.webp]
[cdn.prod.website-files.com/62014dd97e014e5a161f0175/6454b90dbcd4f2cd958845a7_carte-postale-cut_04-p-500.webp]
[cdn.prod.website-files.com/62014dd97e014e5a161f0175/6454b91cee2f164de61650e4_carte-postale-cut_05.webp]
[cdn.prod.website-files.com/62014dd97e014e5a161f0175/6454b91cee2f164de61650e4_carte-postale-cut_05-p-500.webp]
[cdn.prod.website-files.com/62014dd97e014e5a161f0175/6454ba0fcdc29e7630e40923_carte-postale-cut_06.webp]
[cdn.prod.website-files.com/62014dd97e014e5a161f0175/6454ba0fcdc29e7630e40923_carte-postale-cut_06-p-500.webp]
[cdn.prod.website-files.com/62014dd97e014e5a161f0175/6454ba176b14fd39a4be2454_carte-postale-cut_07.webp]
[cdn.prod.website-files.com/62014dd97e014e5a161f0175/6454ba176b14fd39a4be2454_carte-postale-cut_07-p-500.webp]
[cdn.prod.website-files.com/62014dd97e014e5a161f0175/6454ba28d6cf5ded8b216c83_carte-postale-cut_08.webp]
[cdn.prod.website-files.com/62014dd97e014e5a161f0175/6454ba28d6cf5ded8b216c83_carte-postale-cut_08-p-500.webp]
[cdn.prod.website-files.com/62014dd97e014e5a161f0175/6454ba3a0868fcc8a1a374de_carte-postale-cut_09.webp]
[cdn.prod.website-files.com/62014dd97e014e5a161f0175/6454ba3a0868fcc8a1a374de_carte-postale-cut_09-p-500.webp]
[cdn.prod.website-files.com/62014dd97e014e5a161f0175/6454ba45c04a31389d7623a0_carte-postale-cut_10.webp]
[cdn.prod.website-files.com/62014dd97e014e5a161f0175/6454ba45c04a31389d7623a0_carte-postale-cut_10-p-500.webp]
[cdn.prod.website-files.com/62014dd97e014e5a161f0175/6454ba50a81c29328ed574b0_carte-postale-cut_11.webp]
[cdn.prod.website-files.com/62014dd97e014e5a161f0175/6454ba50a81c29328ed574b0_carte-postale-cut_11-p-500.webp]
[cdn.prod.website-files.com/62014dd97e014e5a161f0175/6454ba5e52fbb3154eef6597_carte-postale-cut_12.webp]
[cdn.prod.website-files.com/62014dd97e014e5a161f0175/6454ba5e52fbb3154eef6597_carte-postale-cut_12-p-500.webp]
[cdn.prod.website-files.com/62014dd97e014e5a161f0175/6454ba6f0868fc1204a37748_carte-postale-cut_13.webp]
[cdn.prod.website-files.com/62014dd97e014e5a161f0175/6454ba6f0868fc1204a37748_carte-postale-cut_13-p-500.webp]
[cdn.prod.website-files.com/62014dd97e014e5a161f0175/6454ba7b593df054573a47f5_carte-postale-cut_14.webp]
[cdn.prod.website-files.com/62014dd97e014e5a161f0175/6454ba7b593df054573a47f5_carte-postale-cut_14-p-500.webp]
[cdn.prod.website-files.com/62014dd97e014e5a161f0175/6454ba84294e18aea78daa75_carte-postale-cut_15.webp]
[cdn.prod.website-files.com/62014dd97e014e5a161f0175/6454ba84294e18aea78daa75_carte-postale-cut_15-p-500.webp]
[cdn.prod.website-files.com/62014dd97e014e5a161f0175/6454ba8e52fbb3da73ef8075_carte-postale-cut_16.webp]
[cdn.prod.website-files.com/62014dd97e014e5a161f0175/6454ba8e52fbb3da73ef8075_carte-postale-cut_16-p-500.webp]
[cdn.prod.website-files.com/62014dd97e014e5a161f0175/6454ba9ed269ab8ccfcaa18c_carte-postale-cut_17.webp]
[cdn.prod.website-files.com/62014dd97e014e5a161f0175/6454ba9ed269ab8ccfcaa18c_carte-postale-cut_17-p-500.webp]
[cdn.prod.website-files.com/62014dd97e014e5a161f0175/6454baab3fe5c7e291d9a5e7_carte-postale-cut_18.webp]
[cdn.prod.website-files.com/62014dd97e014e5a161f0175/6454baab3fe5c7e291d9a5e7_carte-postale-cut_18-p-500.webp]
[cdn.prod.website-files.com/62014dd97e014e5a161f0175/6454bab752fbb35018ef82e9_carte-postale-cut_19.webp]
[cdn.prod.website-files.com/62014dd97e014e5a161f0175/6454bab752fbb35018ef82e9_carte-postale-cut_19-p-500.webp]
[cdn.prod.website-files.com/62014dd97e014e5a161f0175/6454bac2c04a317f8976337a_carte-postale-cut_20.webp]
[cdn.prod.website-files.com/62014dd97e014e5a161f0175/6454bac2c04a317f8976337a_carte-postale-cut_20-p-500.webp]
[cdn.prod.website-files.com/62014dd97e014e5a161f0175/6454bad0eaa5597de2aa8b12_carte-postale-cut_21.webp]
[cdn.prod.website-files.com/62014dd97e014e5a161f0175/6454bad0eaa5597de2aa8b12_carte-postale-cut_21-p-500.webp]
[cdn.prod.website-files.com/62014dd97e014e5a161f0175/6454badc7d9fbcf04c6eb9b8_carte-postale-cut_22.webp]
[cdn.prod.website-files.com/62014dd97e014e5a161f0175/6454badc7d9fbcf04c6eb9b8_carte-postale-cut_22-p-500.webp]
[cdn.prod.website-files.com/62014dd97e014e5a161f0175/6454bae6eedde3ac272a1e1a_carte-postale-cut_23.webp]
[cdn.prod.website-files.com/62014dd97e014e5a161f0175/6454bae6eedde3ac272a1e1a_carte-postale-cut_23-p-500.webp]
[cdn.prod.website-files.com/62014dd97e014e5a161f0175/6454baefa1a2ca314756643d_carte-postale-cut_24.webp]
[cdn.prod.website-files.com/62014dd97e014e5a161f0175/6454baefa1a2ca314756643d_carte-postale-cut_24-p-500.webp]
[cdn.prod.website-files.com/62014dd97e014e5a161f0175/6454c0c0a5c53c6c47fd58b4_trois-livre-habitat_01.webp]
[cdn.prod.website-files.com/62014dd97e014e5a161f0175/6454c0c0a5c53c6c47fd58b4_trois-livre-habitat_01-p-500.webp]
[cdn.prod.website-files.com/62014dd97e014e5a161f0175/6454c0c0292dc3e4ec957d97_trois-livre-habitat_02.webp]
[cdn.prod.website-files.com/62014dd97e014e5a161f0175/6454c0c0292dc3e4ec957d97_trois-livre-habitat_02-p-500.webp]
[cdn.prod.website-files.com/62014dd97e014e5a161f0175/6454c0c0d6adde087f0d2c21_trois-livre-habitat_03.webp]
[cdn.prod.website-files.com/62014dd97e014e5a161f0175/6454c0c0d6adde087f0d2c21_trois-livre-habitat_03-p-500.webp]
[cdn.prod.website-files.com/62014dd97e014e5a161f0175/646730303d82451ca5f1411d_gifdp 7.webp]
[cdn.prod.website-files.com/62014dd97e014e5a161f0175/646730303d82451ca5f1411d_gifdp 7-p-500.webp]
[cdn.prod.website-files.com/62014dd97e014e5a161f0175/646730303d82451ca5f1411d_gifdp 7-p-800.webp]
[cdn.prod.website-files.com/62014dd97e014e5a161f0175/646730303d82451ca5f1411d_gifdp 7-p-1080.webp]
[cdn.prod.website-files.com/62014dd97e014e5a161f0175/646730303d82451ca5f1411d_gifdp 7-p-1600.webp]
[cdn.prod.website-files.com/62014dd97e014e5a161f0175/646730303d82451ca5f1411d_gifdp 7-p-2000.webp]
[cdn.prod.website-files.com/62014dd97e014e5a161f0175/6467302fdc8a736ef2503120_gifdp 6.webp]
[cdn.prod.website-files.com/62014dd97e014e5a161f0175/6467302fdc8a736ef2503120_gifdp 6-p-500.webp]
[cdn.prod.website-files.com/62014dd97e014e5a161f0175/6467302fdc8a736ef2503120_gifdp 6-p-800.webp]
[cdn.prod.website-files.com/62014dd97e014e5a161f0175/6467302fdc8a736ef2503120_gifdp 6-p-1080.webp]
[cdn.prod.website-files.com/62014dd97e014e5a161f0175/6467302fdc8a736ef2503120_gifdp 6-p-1600.webp]
[cdn.prod.website-files.com/62014dd97e014e5a161f0175/6467302fdc8a736ef2503120_gifdp 6-p-2000.webp]
[cdn.prod.website-files.com/62014dd97e014e5a161f0175/64673030c813541f4783e591_gifdp 5.webp]
[cdn.prod.website-files.com/62014dd97e014e5a161f0175/64673030c813541f4783e591_gifdp 5-p-500.webp]
[cdn.prod.website-files.com/62014dd97e014e5a161f0175/64673030c813541f4783e591_gifdp 5-p-800.webp]
[cdn.prod.website-files.com/62014dd97e014e5a161f0175/64673030c813541f4783e591_gifdp 5-p-1080.webp]
[cdn.prod.website-files.com/62014dd97e014e5a161f0175/64673030c813541f4783e591_gifdp 5-p-1600.webp]
[cdn.prod.website-files.com/62014dd97e014e5a161f0175/64673030c813541f4783e591_gifdp 5-p-2000.webp]
[cdn.prod.website-files.com/62014dd97e014e5a161f0175/6467303022dd1cc63b2952f0_gifdp 1.webp]
[cdn.prod.website-files.com/62014dd97e014e5a161f0175/6467303022dd1cc63b2952f0_gifdp 1-p-500.webp]
[cdn.prod.website-files.com/62014dd97e014e5a161f0175/6467303022dd1cc63b2952f0_gifdp 1-p-800.webp]
[cdn.prod.website-files.com/62014dd97e014e5a161f0175/6467303022dd1cc63b2952f0_gifdp 1-p-1080.webp]
[cdn.prod.website-files.com/62014dd97e014e5a161f0175/6467303022dd1cc63b2952f0_gifdp 1-p-1600.webp]
[cdn.prod.website-files.com/62014dd97e014e5a161f0175/6467303022dd1cc63b2952f0_gifdp 1-p-2000.webp]
[cdn.prod.website-files.com/62014dd97e014e5a161f0175/6454c2840f20352ed7293525_livre-habitat-ouvert.webp]
[cdn.prod.website-files.com/62014dd97e014e5a161f0175/6454c2840f20352ed7293525_livre-habitat-ouvert-p-500.webp]
[cdn.prod.website-files.com/62014dd97e014e5a161f0175/6454c2840f20352ed7293525_livre-habitat-ouvert-p-800.webp]
[cdn.prod.website-files.com/62014dd97e014e5a161f0175/6454c2840f20352ed7293525_livre-habitat-ouvert-p-1080.webp]
[cdn.prod.website-files.com/62014dd97e014e5a161f0175/6454c2840f20352ed7293525_livre-habitat-ouvert-p-1600.webp]
[cdn.prod.website-files.com/62014dd97e014e5a161f0175/6454c2840f20352ed7293525_livre-habitat-ouvert-p-2000.webp]
[lesgrosmotsfinal.webflow.io/projects/habitat/le-design-est-notre-ami.html]
[cdn.prod.website-files.com/62014dd97e014e5a161f0175/646dfcfb0fe0c1a6e9e59ed9_small-ok-bret.jpg]
[cdn.prod.website-files.com/62014dd97e014e5a161f0175/672ceccce65f8af88d73faa2_GIF_PAIN-BRETZEL_TEST2-ezgif.com-gif-to-webp-converter.webp]
[cdn.prod.website-files.com/62014dd97e014e5a161f0175/672ceccce65f8af88d73faa2_GIF_PAIN-BRETZEL_TEST2-ezgif.com-gif-to-webp-converter-p-500.webp]
[cdn.prod.website-files.com/62014dd97e014e5a161f0175/672ceccce65f8af88d73faa2_GIF_PAIN-BRETZEL_TEST2-ezgif.com-gif-to-webp-converter-p-800.webp]
[cdn.prod.website-files.com/62014dd97e014e5a161f0175/66506bd4a56221ec07b285e9_pains façon bretzel 1.webp]
[cdn.prod.website-files.com/62014dd97e014e5a161f0175/66506bd4a56221ec07b285e9_pains façon bretzel 1-p-500.webp]
[cdn.prod.website-files.com/62014dd97e014e5a161f0175/66506bd4a56221ec07b285e9_pains façon bretzel 1-p-800.webp]
[cdn.prod.website-files.com/62014dd97e014e5a161f0175/66506bd4a56221ec07b285e9_pains façon bretzel 1-p-1080.webp]
[lesgrosmotsfinal.webflow.io/projects/brioche-pasquier/une-infinite-de-recettes.html]
[cdn.prod.website-files.com/62014dd97e014e5a161f0175/6458e6278cae85be045686fb_l'avenir-de-la-peche-small.jpg]
[cdn.prod.website-files.com/62014dd97e014e5a161f0175/646cae982c2d24d33528108a_hd-peche.webp]
[cdn.prod.website-files.com/62014dd97e014e5a161f0175/646cae982c2d24d33528108a_hd-peche-p-500.webp]
[cdn.prod.website-files.com/62014dd97e014e5a161f0175/646cae982c2d24d33528108a_hd-peche-p-800.webp]
[cdn.prod.website-files.com/62014dd97e014e5a161f0175/646cae982c2d24d33528108a_hd-peche-p-1080.webp]
[cdn.prod.website-files.com/62014dd97e014e5a161f0175/646cae982c2d24d33528108a_hd-peche-p-1600.webp]
[cdn.prod.website-files.com/62014dd97e014e5a161f0175/646cae98d8d24a94479828da_hd-peche2.webp]
[cdn.prod.website-files.com/62014dd97e014e5a161f0175/646cae98d8d24a94479828da_hd-peche2-p-500.webp]
[cdn.prod.website-files.com/62014dd97e014e5a161f0175/646cae98d8d24a94479828da_hd-peche2-p-800.webp]
[cdn.prod.website-files.com/62014dd97e014e5a161f0175/646cae98d8d24a94479828da_hd-peche2-p-1080.webp]
[cdn.prod.website-files.com/62014dd97e014e5a161f0175/646cae98d8d24a94479828da_hd-peche2-p-1600.webp]
[cdn.prod.website-files.com/62014dd97e014e5a161f0175/646caf10b6098da0b5677c21_hd-peche3.webp]
[cdn.prod.website-files.com/62014dd97e014e5a161f0175/646caf10b6098da0b5677c21_hd-peche3-p-500.webp]
[cdn.prod.website-files.com/62014dd97e014e5a161f0175/646caf10b6098da0b5677c21_hd-peche3-p-800.webp]
[cdn.prod.website-files.com/62014dd97e014e5a161f0175/646caf10b6098da0b5677c21_hd-peche3-p-1080.webp]
[cdn.prod.website-files.com/62014dd97e014e5a161f0175/646caf10b6098da0b5677c21_hd-peche3-p-1600.webp]
[lesgrosmotsfinal.webflow.io/projects/pavillon-france/lavenir-de-la-terre-se-joue-aussi-en-mer.html]
[cdn.prod.website-files.com/62014dd97e014e5a161f0175/644bc9234986257235ee18ff_chauffeur-privee-hero2-small.jpg]
[cdn.prod.website-files.com/62014dd97e014e5a161f0175/644bcb1d37653a0b2b23d458_mai68-one.webp]
[cdn.prod.website-files.com/62014dd97e014e5a161f0175/644bcb1d37653a0b2b23d458_mai68-one-p-500.webp]
[cdn.prod.website-files.com/62014dd97e014e5a161f0175/644bcb1d881cba68ad14ed24_mai-68-two.webp]
[cdn.prod.website-files.com/62014dd97e014e5a161f0175/644bcb1d881cba68ad14ed24_mai-68-two-p-500.webp]
[cdn.prod.website-files.com/62014dd97e014e5a161f0175/644bcb1d35711f9d6f31cfb7_mai-68-three.webp]
[cdn.prod.website-files.com/62014dd97e014e5a161f0175/644bcb1d35711f9d6f31cfb7_mai-68-three-p-500.webp]
[cdn.prod.website-files.com/62014dd97e014e5a161f0175/644bcb1d8f7a2cc6cb12d06e_mai-68-for.webp]
[cdn.prod.website-files.com/62014dd97e014e5a161f0175/644bcb1d8f7a2cc6cb12d06e_mai-68-for-p-500.webp]
[lesgrosmotsfinal.webflow.io/projects/chauffeur-prive/50-ans-de-mai-68.html]
[cdn.prod.website-files.com/62014dd97e014e5a161f0175/6448d36102b84d3480681874_pitch-hero-small.jpg]
[cdn.prod.website-files.com/62014dd97e014e5a161f0175/6464dd82074591457570e5a0_MASSIF_QUAI_400x300_MENTION-cut.jpg]
[cdn.prod.website-files.com/62014dd97e014e5a161f0175/6448fc1a1572f732caa54c7c_macaron-clean.png]
[cdn.prod.website-files.com/62014dd97e014e5a161f0175/6448fc1a1572f732caa54c7c_macaron-clean-p-500.png]
[cdn.prod.website-files.com/62014dd97e014e5a161f0175/6448fc1a1572f732caa54c7c_macaron-clean-p-800.png]
[cdn.prod.website-files.com/62014dd97e014e5a161f0175/6450b74ea698edf93611fd73_MASSIF_QUAI_400x300_MENTION.jpg]
[cdn.prod.website-files.com/62014dd97e014e5a161f0175/64539c7ae735de02763df1eb_1370-confetti.json]
[cdn.prod.website-files.com/62014dd97e014e5a161f0175/64491d9ca3be0133b2d48591_pitch-slider-one2.jpg]
[cdn.prod.website-files.com/62014dd97e014e5a161f0175/64491d9ca0b4f713ac6ff23c_pitch-slider-two2.jpg]
[cdn.prod.website-files.com/62014dd97e014e5a161f0175/64491d9b598f8707648432ba_pitch-slider-three2.jpg]
[cdn.prod.website-files.com/62014dd97e014e5a161f0175/64491d9c15ea8a419599c4d9_pitch-slider-for2.jpg]
[cdn.prod.website-files.com/62014dd97e014e5a161f0175/6449203715ea8a172599f1fc_pitch-game-two.jpeg]
[cdn.prod.website-files.com/62014dd97e014e5a161f0175/6449203715ea8a172599f1fc_pitch-game-two-p-500.jpeg]
[cdn.prod.website-files.com/62014dd97e014e5a161f0175/6449203715ea8a172599f1fc_pitch-game-two-p-800.jpeg]
[cdn.prod.website-files.com/62014dd97e014e5a161f0175/6449203715ea8a172599f1fc_pitch-game-two-p-1080.jpeg]
[lesgrosmotsfinal.webflow.io/projects/pitch/le-pitch-qui-cache-bien-son-cote-dur.html]
[cdn.prod.website-files.com/62014dd97e014e5a161f0175/64492e3d2cbcd96d9c8da2f1_val-de-loire-small.jpg]
[cdn.prod.website-files.com/62014dd97e014e5a161f0175/646737753d82451ca5f87ef3_annonce-Anjou-LIVRABLE 4 (X4B).webp]
[cdn.prod.website-files.com/62014dd97e014e5a161f0175/646737753d82451ca5f87ef3_annonce-Anjou-LIVRABLE 4 (X4B)-p-500.webp]
[cdn.prod.website-files.com/62014dd97e014e5a161f0175/646737753d82451ca5f87ef3_annonce-Anjou-LIVRABLE 4 (X4B)-p-800.webp]
[cdn.prod.website-files.com/62014dd97e014e5a161f0175/646737753d82451ca5f87ef3_annonce-Anjou-LIVRABLE 4 (X4B)-p-1080.webp]
[cdn.prod.website-files.com/62014dd97e014e5a161f0175/646737753d82451ca5f87ef3_annonce-Anjou-LIVRABLE 4 (X4B)-p-1600.webp]
[cdn.prod.website-files.com/62014dd97e014e5a161f0175/646737751d41344dd4f38fdb_annonce-Anjou-LIVRABLE 3 (X4B).webp]
[cdn.prod.website-files.com/62014dd97e014e5a161f0175/646737751d41344dd4f38fdb_annonce-Anjou-LIVRABLE 3 (X4B)-p-500.webp]
[cdn.prod.website-files.com/62014dd97e014e5a161f0175/646737751d41344dd4f38fdb_annonce-Anjou-LIVRABLE 3 (X4B)-p-800.webp]
[cdn.prod.website-files.com/62014dd97e014e5a161f0175/646737751d41344dd4f38fdb_annonce-Anjou-LIVRABLE 3 (X4B)-p-1080.webp]
[cdn.prod.website-files.com/62014dd97e014e5a161f0175/646737751d41344dd4f38fdb_annonce-Anjou-LIVRABLE 3 (X4B)-p-1600.webp]
[cdn.prod.website-files.com/62014dd97e014e5a161f0175/64673774d58fafe12f58eb59_annonce-Anjou-LIVRABLE 3 (X4C).webp]
[cdn.prod.website-files.com/62014dd97e014e5a161f0175/64673774d58fafe12f58eb59_annonce-Anjou-LIVRABLE 3 (X4C)-p-500.webp]
[cdn.prod.website-files.com/62014dd97e014e5a161f0175/64673774d58fafe12f58eb59_annonce-Anjou-LIVRABLE 3 (X4C)-p-800.webp]
[cdn.prod.website-files.com/62014dd97e014e5a161f0175/64673774d58fafe12f58eb59_annonce-Anjou-LIVRABLE 3 (X4C)-p-1080.webp]
[cdn.prod.website-files.com/62014dd97e014e5a161f0175/64673774d58fafe12f58eb59_annonce-Anjou-LIVRABLE 3 (X4C)-p-1600.webp]
[cdn.prod.website-files.com/62014dd97e014e5a161f0175/64673774a425fbd1669d9d66_annonce-Anjou-LIVRABLE 2 (X4B).webp]
[cdn.prod.website-files.com/62014dd97e014e5a161f0175/64673774a425fbd1669d9d66_annonce-Anjou-LIVRABLE 2 (X4B)-p-500.webp]
[cdn.prod.website-files.com/62014dd97e014e5a161f0175/64673774a425fbd1669d9d66_annonce-Anjou-LIVRABLE 2 (X4B)-p-800.webp]
[cdn.prod.website-files.com/62014dd97e014e5a161f0175/64673774a425fbd1669d9d66_annonce-Anjou-LIVRABLE 2 (X4B)-p-1080.webp]
[cdn.prod.website-files.com/62014dd97e014e5a161f0175/64673774a425fbd1669d9d66_annonce-Anjou-LIVRABLE 2 (X4B)-p-1600.webp]
[cdn.prod.website-files.com/62014dd97e014e5a161f0175/646737742d6c9e790cc2457c_annonce-Anjou-LIVRABLE 5 (X4C).webp]
[cdn.prod.website-files.com/62014dd97e014e5a161f0175/646737742d6c9e790cc2457c_annonce-Anjou-LIVRABLE 5 (X4C)-p-500.webp]
[cdn.prod.website-files.com/62014dd97e014e5a161f0175/646737742d6c9e790cc2457c_annonce-Anjou-LIVRABLE 5 (X4C)-p-800.webp]
[cdn.prod.website-files.com/62014dd97e014e5a161f0175/646737742d6c9e790cc2457c_annonce-Anjou-LIVRABLE 5 (X4C)-p-1080.webp]
[cdn.prod.website-files.com/62014dd97e014e5a161f0175/646737742d6c9e790cc2457c_annonce-Anjou-LIVRABLE 5 (X4C)-p-1600.webp]
[cdn.prod.website-files.com/62014dd97e014e5a161f0175/646737747daca386e33078e0_annonce-Anjou-LIVRABLE 4 (X4C).webp]
[cdn.prod.website-files.com/62014dd97e014e5a161f0175/646737747daca386e33078e0_annonce-Anjou-LIVRABLE 4 (X4C)-p-500.webp]
[cdn.prod.website-files.com/62014dd97e014e5a161f0175/646737747daca386e33078e0_annonce-Anjou-LIVRABLE 4 (X4C)-p-800.webp]
[cdn.prod.website-files.com/62014dd97e014e5a161f0175/646737747daca386e33078e0_annonce-Anjou-LIVRABLE 4 (X4C)-p-1080.webp]
[cdn.prod.website-files.com/62014dd97e014e5a161f0175/646737747daca386e33078e0_annonce-Anjou-LIVRABLE 4 (X4C)-p-1600.webp]
[cdn.prod.website-files.com/62014dd97e014e5a161f0175/64673773a425fbd1669d9cc1_annonce-Anjou-LIVRABLE 2 (X4C).webp]
[cdn.prod.website-files.com/62014dd97e014e5a161f0175/64673773a425fbd1669d9cc1_annonce-Anjou-LIVRABLE 2 (X4C)-p-500.webp]
[cdn.prod.website-files.com/62014dd97e014e5a161f0175/64673773a425fbd1669d9cc1_annonce-Anjou-LIVRABLE 2 (X4C)-p-800.webp]
[cdn.prod.website-files.com/62014dd97e014e5a161f0175/64673773a425fbd1669d9cc1_annonce-Anjou-LIVRABLE 2 (X4C)-p-1080.webp]
[cdn.prod.website-files.com/62014dd97e014e5a161f0175/64673773a425fbd1669d9cc1_annonce-Anjou-LIVRABLE 2 (X4C)-p-1600.webp]
[cdn.prod.website-files.com/62014dd97e014e5a161f0175/64673773621bfd34bd52ac64_annonce-Anjou-LIVRABLE 6 (X4B).webp]
[cdn.prod.website-files.com/62014dd97e014e5a161f0175/64673773621bfd34bd52ac64_annonce-Anjou-LIVRABLE 6 (X4B)-p-500.webp]
[cdn.prod.website-files.com/62014dd97e014e5a161f0175/64673773621bfd34bd52ac64_annonce-Anjou-LIVRABLE 6 (X4B)-p-800.webp]
[cdn.prod.website-files.com/62014dd97e014e5a161f0175/64673773621bfd34bd52ac64_annonce-Anjou-LIVRABLE 6 (X4B)-p-1080.webp]
[cdn.prod.website-files.com/62014dd97e014e5a161f0175/64673773621bfd34bd52ac64_annonce-Anjou-LIVRABLE 6 (X4B)-p-1600.webp]
[cdn.prod.website-files.com/62014dd97e014e5a161f0175/6467377351ed2a347f87d418_annonce-Anjou-LIVRABLE 5 (X4).webp]
[cdn.prod.website-files.com/62014dd97e014e5a161f0175/6467377351ed2a347f87d418_annonce-Anjou-LIVRABLE 5 (X4)-p-500.webp]
[cdn.prod.website-files.com/62014dd97e014e5a161f0175/6467377351ed2a347f87d418_annonce-Anjou-LIVRABLE 5 (X4)-p-800.webp]
[cdn.prod.website-files.com/62014dd97e014e5a161f0175/6467377351ed2a347f87d418_annonce-Anjou-LIVRABLE 5 (X4)-p-1080.webp]
[cdn.prod.website-files.com/62014dd97e014e5a161f0175/6467377351ed2a347f87d418_annonce-Anjou-LIVRABLE 5 (X4)-p-1600.webp]
[cdn.prod.website-files.com/62014dd97e014e5a161f0175/6467377348b1689a2bc73f4b_annonce-Anjou-LIVRABLE 6 (X4).webp]
[cdn.prod.website-files.com/62014dd97e014e5a161f0175/6467377348b1689a2bc73f4b_annonce-Anjou-LIVRABLE 6 (X4)-p-500.webp]
[cdn.prod.website-files.com/62014dd97e014e5a161f0175/6467377348b1689a2bc73f4b_annonce-Anjou-LIVRABLE 6 (X4)-p-800.webp]
[cdn.prod.website-files.com/62014dd97e014e5a161f0175/6467377348b1689a2bc73f4b_annonce-Anjou-LIVRABLE 6 (X4)-p-1080.webp]
[cdn.prod.website-files.com/62014dd97e014e5a161f0175/6467377348b1689a2bc73f4b_annonce-Anjou-LIVRABLE 6 (X4)-p-1600.webp]
[cdn.prod.website-files.com/62014dd97e014e5a161f0175/64673773da1f5f64a6fcf4ed_annonce-Anjou-LIVRABLE 3 (X4).webp]
[cdn.prod.website-files.com/62014dd97e014e5a161f0175/64673773da1f5f64a6fcf4ed_annonce-Anjou-LIVRABLE 3 (X4)-p-500.webp]
[cdn.prod.website-files.com/62014dd97e014e5a161f0175/64673773da1f5f64a6fcf4ed_annonce-Anjou-LIVRABLE 3 (X4)-p-800.webp]
[cdn.prod.website-files.com/62014dd97e014e5a161f0175/64673773da1f5f64a6fcf4ed_annonce-Anjou-LIVRABLE 3 (X4)-p-1080.webp]
[cdn.prod.website-files.com/62014dd97e014e5a161f0175/64673773da1f5f64a6fcf4ed_annonce-Anjou-LIVRABLE 3 (X4)-p-1600.webp]
[cdn.prod.website-files.com/62014dd97e014e5a161f0175/64673773dc8a736ef257ef13_annonce-Anjou-LIVRABLE 5 (X4B).webp]
[cdn.prod.website-files.com/62014dd97e014e5a161f0175/64673773dc8a736ef257ef13_annonce-Anjou-LIVRABLE 5 (X4B)-p-500.webp]
[cdn.prod.website-files.com/62014dd97e014e5a161f0175/64673773dc8a736ef257ef13_annonce-Anjou-LIVRABLE 5 (X4B)-p-800.webp]
[cdn.prod.website-files.com/62014dd97e014e5a161f0175/64673773dc8a736ef257ef13_annonce-Anjou-LIVRABLE 5 (X4B)-p-1080.webp]
[cdn.prod.website-files.com/62014dd97e014e5a161f0175/64673773dc8a736ef257ef13_annonce-Anjou-LIVRABLE 5 (X4B)-p-1600.webp]
[cdn.prod.website-files.com/62014dd97e014e5a161f0175/646737722d6c9e790cc2443b_annonce-Anjou-LIVRABLE 6X4.webp]
[cdn.prod.website-files.com/62014dd97e014e5a161f0175/646737722d6c9e790cc2443b_annonce-Anjou-LIVRABLE 6X4-p-500.webp]
[cdn.prod.website-files.com/62014dd97e014e5a161f0175/646737722d6c9e790cc2443b_annonce-Anjou-LIVRABLE 6X4-p-800.webp]
[cdn.prod.website-files.com/62014dd97e014e5a161f0175/646737722d6c9e790cc2443b_annonce-Anjou-LIVRABLE 6X4-p-1080.webp]
[cdn.prod.website-files.com/62014dd97e014e5a161f0175/646737722d6c9e790cc2443b_annonce-Anjou-LIVRABLE 6X4-p-1600.webp]
[cdn.prod.website-files.com/62014dd97e014e5a161f0175/6467377285409ac9daca9d97_annonce-Anjou-LIVRABLE 2 (X4).webp]
[cdn.prod.website-files.com/62014dd97e014e5a161f0175/6467377285409ac9daca9d97_annonce-Anjou-LIVRABLE 2 (X4)-p-500.webp]
[cdn.prod.website-files.com/62014dd97e014e5a161f0175/6467377285409ac9daca9d97_annonce-Anjou-LIVRABLE 2 (X4)-p-800.webp]
[cdn.prod.website-files.com/62014dd97e014e5a161f0175/6467377285409ac9daca9d97_annonce-Anjou-LIVRABLE 2 (X4)-p-1080.webp]
[cdn.prod.website-files.com/62014dd97e014e5a161f0175/6467377285409ac9daca9d97_annonce-Anjou-LIVRABLE 2 (X4)-p-1600.webp]
[cdn.prod.website-files.com/62014dd97e014e5a161f0175/64673771ee79240403e857a1_annonce-Anjou-LIVRABLE 4 (X4).webp]
[cdn.prod.website-files.com/62014dd97e014e5a161f0175/64673771ee79240403e857a1_annonce-Anjou-LIVRABLE 4 (X4)-p-500.webp]
[cdn.prod.website-files.com/62014dd97e014e5a161f0175/64673771ee79240403e857a1_annonce-Anjou-LIVRABLE 4 (X4)-p-800.webp]
[cdn.prod.website-files.com/62014dd97e014e5a161f0175/64673771ee79240403e857a1_annonce-Anjou-LIVRABLE 4 (X4)-p-1080.webp]
[cdn.prod.website-files.com/62014dd97e014e5a161f0175/64673771ee79240403e857a1_annonce-Anjou-LIVRABLE 4 (X4)-p-1600.webp]
[cdn.prod.website-files.com/62014dd97e014e5a161f0175/644933810c33f807d4d05353_annonce-Anjou-LIVRABLE 2.webp]
[cdn.prod.website-files.com/62014dd97e014e5a161f0175/644933819eed0c5893e298dc_annonce-Anjou-LIVRABLE 3.webp]
[cdn.prod.website-files.com/62014dd97e014e5a161f0175/6449338186eae331cf37768b_annonce-Anjou-LIVRABLE 4.webp]
[cdn.prod.website-files.com/62014dd97e014e5a161f0175/644933809d52abf7bde9d678_annonce-Anjou-LIVRABLE 5.webp]
[cdn.prod.website-files.com/62014dd97e014e5a161f0175/644933815b30dc1f8f865385_annonce-Anjou-LIVRABLE 6.webp]
[cdn.prod.website-files.com/62014dd97e014e5a161f0175/644934a865a2a76be5c4b4bf_annonce-Anjou-LIVRABLE 2.webp]
[cdn.prod.website-files.com/62014dd97e014e5a161f0175/644934a85b27c7f7d606ff5c_annonce-Anjou-LIVRABLE 3.webp]
[cdn.prod.website-files.com/62014dd97e014e5a161f0175/644934a8eec43673dd9f0233_annonce-Anjou-LIVRABLE 4.webp]
[cdn.prod.website-files.com/62014dd97e014e5a161f0175/644934a867399e6378f93f01_annonce-Anjou-LIVRABLE 5.webp]
[cdn.prod.website-files.com/62014dd97e014e5a161f0175/644934a85b30dc6bc1866477_annonce-Anjou-LIVRABLE 6.webp]
[cdn.prod.website-files.com/62014dd97e014e5a161f0175/6449382fdc178ed2f85f38b2_annonce-Anjou-LIVRABLE 2 (1).webp]
[cdn.prod.website-files.com/62014dd97e014e5a161f0175/6449382feec436dc739f4317_annonce-Anjou-LIVRABLE 3 (1).webp]
[cdn.prod.website-files.com/62014dd97e014e5a161f0175/6449382f86eae32e4837af85_annonce-Anjou-LIVRABLE 4 (1).webp]
[cdn.prod.website-files.com/62014dd97e014e5a161f0175/6449382f6bab906bd0f8ce20_annonce-Anjou-LIVRABLE 5 (1).webp]
[cdn.prod.website-files.com/62014dd97e014e5a161f0175/6449382f3d90d9fdcaf3c6d5_annonce-Anjou-LIVRABLE 6 (1).webp]
[cdn.prod.website-files.com/62014dd97e014e5a161f0175/6449391550104c7dd8228e17_annonce-Anjou-LIVRABLE 2 (2).webp]
[cdn.prod.website-files.com/62014dd97e014e5a161f0175/6449391550104c5fb2228e18_annonce-Anjou-LIVRABLE 3 (2).webp]
[cdn.prod.website-files.com/62014dd97e014e5a161f0175/644939156bab907a7cf8d757_annonce-Anjou-LIVRABLE 4 (2).webp]
[cdn.prod.website-files.com/62014dd97e014e5a161f0175/6449391538d4d9606d09781a_annonce-Anjou-LIVRABLE 5 (2).webp]
[cdn.prod.website-files.com/62014dd97e014e5a161f0175/64493915547147fe5a1a54ff_annonce-Anjou-LIVRABLE 6 (2).png]
[cdn.prod.website-files.com/62014dd97e014e5a161f0175/64493a45d048daa245247bf5_annonce-Anjou-LIVRABLE 2 (3).webp]
[cdn.prod.website-files.com/62014dd97e014e5a161f0175/64493a45d048da3659247bf4_annonce-Anjou-LIVRABLE 3 (3).webp]
[cdn.prod.website-files.com/62014dd97e014e5a161f0175/64493a44f68afd6cc1ff4ea7_annonce-Anjou-LIVRABLE 4 (3).webp]
[cdn.prod.website-files.com/62014dd97e014e5a161f0175/64493a45b26d89887898cac9_annonce-Anjou-LIVRABLE 5 (3).webp]
[cdn.prod.website-files.com/62014dd97e014e5a161f0175/64493a444be39ec62384976f_annonce-Anjou-LIVRABLE 6 (3).png]
[cdn.prod.website-files.com/62014dd97e014e5a161f0175/64493ab186eae3524137d610_annonce-Anjou-LIVRABLE 2 (4).png]
[cdn.prod.website-files.com/62014dd97e014e5a161f0175/64493ab16bab907049f8ec55_annonce-Anjou-LIVRABLE 3 (4).png]
[cdn.prod.website-files.com/62014dd97e014e5a161f0175/64493ab186eae3190137d60f_annonce-Anjou-LIVRABLE 4 (4).png]
[cdn.prod.website-files.com/62014dd97e014e5a161f0175/64493ab13d201ae569f25499_annonce-Anjou-LIVRABLE 5 (4).png]
[cdn.prod.website-files.com/62014dd97e014e5a161f0175/64493ab128c8e44e7fc1f2bb_annonce-Anjou-LIVRABLE 6 (4).png]
[cdn.prod.website-files.com/62014dd97e014e5a161f0175/64493ef3cbe38f345bbf82f3_loire-toutes-bouteilles.webp]
[cdn.prod.website-files.com/62014dd97e014e5a161f0175/64493ef3cbe38f345bbf82f3_loire-toutes-bouteilles-p-500.png]
[cdn.prod.website-files.com/62014dd97e014e5a161f0175/64493ef3cbe38f345bbf82f3_loire-toutes-bouteilles-p-800.png]
[lesgrosmotsfinal.webflow.io/projects/les-vins-du-val-de-loire/vins-du-val-de-loire.html]
[cdn.prod.website-files.com/62014dd97e014e5a161f0175/6468caad4666ac41a54a870f_SMALL-citadium.jpg]
[cdn.prod.website-files.com/62014dd97e014e5a161f0175/646f4d5d0f5fb9b01ad65e96_CITADIUM_Amours.webp]
[cdn.prod.website-files.com/62014dd97e014e5a161f0175/646f4d5d0f5fb9b01ad65e96_CITADIUM_Amours-p-500.webp]
[cdn.prod.website-files.com/62014dd97e014e5a161f0175/646f4d5d0f5fb9b01ad65e96_CITADIUM_Amours-p-800.webp]
[cdn.prod.website-files.com/62014dd97e014e5a161f0175/646f4d5d0f5fb9b01ad65e96_CITADIUM_Amours-p-1080.webp]
[cdn.prod.website-files.com/62014dd97e014e5a161f0175/64689e6e864ec9991b2da107_pas-que.png]
[cdn.prod.website-files.com/62014dd97e014e5a161f0175/646f4d5c9ff0d7324be3f5a7_CITADIUM_Filtre.webp]
[cdn.prod.website-files.com/62014dd97e014e5a161f0175/646f4d5c9ff0d7324be3f5a7_CITADIUM_Filtre-p-500.webp]
[cdn.prod.website-files.com/62014dd97e014e5a161f0175/646f4d5c9ff0d7324be3f5a7_CITADIUM_Filtre-p-800.webp]
[cdn.prod.website-files.com/62014dd97e014e5a161f0175/646f4d5c9ff0d7324be3f5a7_CITADIUM_Filtre-p-1080.webp]
[cdn.prod.website-files.com/62014dd97e014e5a161f0175/646f4d5cf0df6298f1fd0b19_CITADIUM_Rancune.webp]
[cdn.prod.website-files.com/62014dd97e014e5a161f0175/646f4d5cf0df6298f1fd0b19_CITADIUM_Rancune-p-500.webp]
[cdn.prod.website-files.com/62014dd97e014e5a161f0175/646f4d5cf0df6298f1fd0b19_CITADIUM_Rancune-p-800.webp]
[cdn.prod.website-files.com/62014dd97e014e5a161f0175/646f4d5cf0df6298f1fd0b19_CITADIUM_Rancune-p-1080.webp]
[cdn.prod.website-files.com/62014dd97e014e5a161f0175/646f4d5cfabb5998d580a658_CITADIUM_BFF.webp]
[cdn.prod.website-files.com/62014dd97e014e5a161f0175/646f4d5cfabb5998d580a658_CITADIUM_BFF-p-500.webp]
[cdn.prod.website-files.com/62014dd97e014e5a161f0175/646f4d5cfabb5998d580a658_CITADIUM_BFF-p-800.webp]
[cdn.prod.website-files.com/62014dd97e014e5a161f0175/646f4d5cfabb5998d580a658_CITADIUM_BFF-p-1080.webp]
[cdn.prod.website-files.com/62014dd97e014e5a161f0175/646f4d5cad579b0dcadd266e_CITADIUM_Panier.webp]
[cdn.prod.website-files.com/62014dd97e014e5a161f0175/646f4d5cad579b0dcadd266e_CITADIUM_Panier-p-500.webp]
[cdn.prod.website-files.com/62014dd97e014e5a161f0175/646f4d5cad579b0dcadd266e_CITADIUM_Panier-p-800.webp]
[cdn.prod.website-files.com/62014dd97e014e5a161f0175/646f4d5cad579b0dcadd266e_CITADIUM_Panier-p-1080.webp]
[lesgrosmotsfinal.webflow.io/projects/citadium/citadium-pas-que.html]
[cdn.prod.website-files.com/62014dd97e014e5a161f0175/6228d0c8191ca4bd886e6176_maison-home 2.png]
[cdn.prod.website-files.com/62014dd97e014e5a161f0175/6228d0c8191ca4bd886e6176_maison-home 2-p-500.png]
[cdn.prod.website-files.com/62014dd97e014e5a161f0175/6228d0c8191ca4bd886e6176_maison-home 2-p-800.png]
[cdn.prod.website-files.com/62014dd97e014e5a161f0175/6228d0c8191ca4bd886e6176_maison-home 2-p-1080.png]
[cdn.prod.website-files.com/62014dd97e014e5a161f0175/6228d0c8191ca4bd886e6176_maison-home 2-p-1600.png]
[cdn.prod.website-files.com/62014dd97e014e5a161f0175/6228d0c8191ca4bd886e6176_maison-home 2-p-2000.png]
[cdn.prod.website-files.com/62014dd97e014e5a161f0175/6228d0c8191ca4bd886e6176_maison-home 2-p-2600.png]
[cdn.prod.website-files.com/62014dd97e014e5a161f0175/6201525fda133c140edf8938_X.png]
[cdn.prod.website-files.com/62014dd97e014e5a161f0175/62053e0c9aa9e02b7a9532d2_Fichier 3.png]
[cdn.prod.website-files.com/62014dd97e014e5a161f0175/62053e0c9aa9e074cb9532d0_C LOGO.png]
[cdn.prod.website-files.com/62014dd97e014e5a161f0175/62053e0c9aa9e05cba9532ce_O logo.png]
[cdn.prod.website-files.com/61c1abec2473681456beb18e/61ed9aa229adec9203e96b97_oeil.json]
[cdn.prod.website-files.com/62014dd97e014e5a161f0175/62053e15758e0b30fe43622c_lettre_&_homepage_refondateurs.png]
[cdn.prod.website-files.com/62014dd97e014e5a161f0175/62053e15758e0b30fe43622c_lettre_%26_homepage_refondateurs-p-500.png]
[cdn.prod.website-files.com/62014dd97e014e5a161f0175/62053e15758e0b30fe43622c_lettre_%26_homepage_refondateurs-p-800.png]
[cdn.prod.website-files.com/62014dd97e014e5a161f0175/62053e15758e0b30fe43622c_lettre_%26_homepage_refondateurs-p-1080.png]
[cdn.prod.website-files.com/62014dd97e014e5a161f0175/62053e15758e0b30fe43622c_lettre_%26_homepage_refondateurs-p-1600.png]
[cdn.prod.website-files.com/62014dd97e014e5a161f0175/62053e15758e0b30fe43622c_lettre_%26_homepage_refondateurs-p-2000.png]
[cdn.prod.website-files.com/62014dd97e014e5a161f0175/62053e15758e0b30fe43622c_lettre_%26_homepage_refondateurs-p-2600.png]
[cdn.prod.website-files.com/62014dd97e014e5a161f0175/62053e18758e0b712d436249_Téléphone.png]
[cdn.prod.website-files.com/62014dd97e014e5a161f0175/62053e26a8471822b609e5d5_Logo-@.png]
[cdn.prod.website-files.com/62014dd97e014e5a161f0175/62053e26a847181e1409e5d1_Logo-Insta.png]
[cdn.prod.website-files.com/62014dd97e014e5a161f0175/62053e26a847181e1409e5d1_Logo-Insta-p-500.png]
[cdn.prod.website-files.com/62014dd97e014e5a161f0175/62053e26a847181e1409e5d1_Logo-Insta-p-800.png]
[cdn.prod.website-files.com/62014dd97e014e5a161f0175/643d24f9c01c63fa7a582c25_fleche.png]
[cdn.prod.website-files.com/62014dd97e014e5a161f0175/643d24f9c01c63fa7a582c25_fleche-p-500.png]
[cdn.prod.website-files.com/62014dd97e014e5a161f0175/643d24f9c01c63fa7a582c25_fleche-p-800.png]
[cdn.prod.website-files.com/62014dd97e014e5a161f0175/643d24f9c01c63fa7a582c25_fleche-p-1080.png]
[cdn.prod.website-files.com/62014dd97e014e5a161f0175/643d24f9c01c63fa7a582c25_fleche-p-1600.png]
[cdn.prod.website-files.com/62014dd97e014e5a161f0175/643d24f9c01c63fa7a582c25_fleche-p-2000.png]
[cdn.prod.website-files.com/62014dd97e014e5a161f0175/643d24f9c01c63fa7a582c25_fleche-p-2600.png]
[lesgrosmotsfinal.webflow.io/old-home.html]
[lesgrosmotsfinal.webflow.io/_https_/cdn.prod.website-files.com/62014dd97e014e5a161f0175/65bd17ac560ed9e447670e74_PF_LE POISSON FRAIS-poster-00001.jpg_.html]
[lesgrosmotsfinal.webflow.io/_https_/cdn.prod.website-files.com/62014dd97e014e5a161f0175/65b3c4eee423e10d68bc02e0_-f9cb-4bb5-8495-c336b1add405-poster-00001.jpg_.html]
[lesgrosmotsfinal.webflow.io/_https_/cdn.prod.website-files.com/62014dd97e014e5a161f0175/65b3c490bfb500445a7d50cd_-2ae5-452a-a065-c1041b52c651-poster-00001.jpg_.html]
[lesgrosmotsfinal.webflow.io/_https_/cdn.prod.website-files.com/62014dd97e014e5a161f0175/65b3c3e733707c9f6a0b16a3_-37e2-4857-8de0-6239410ba8f9-poster-00001.jpg_.html]
[lesgrosmotsfinal.webflow.io/_https_/cdn.prod.website-files.com/62014dd97e014e5a161f0175/65b3d7ce8860f2582279fa6a_-48b8-401a-b1ec-eefd945fea56 (1.html]
[lesgrosmotsfinal.webflow.io/_https_/cdn.prod.website-files.com/62014dd97e014e5a161f0175/65b3dad701cc221ce711915e_-d87f-4f23-ad0a-6c2daa3585fa (1.html]
[lesgrosmotsfinal.webflow.io/_https_/cdn.prod.website-files.com/62014dd97e014e5a161f0175/65bbba351cecc923e97db21d_PF_UNUSUALSUSPECT_02-poster-00001.jpg_.html]
[lesgrosmotsfinal.webflow.io/_https_/cdn.prod.website-files.com/62014dd97e014e5a161f0175/65bbb5ae9d64ac446692abd5_PF_UNUSUALSUSPECT_01-poster-00001.jpg_.html]
[lesgrosmotsfinal.webflow.io/_https_/cdn.prod.website-files.com/62014dd97e014e5a161f0175/65bbd498349b70ea8817c224_INTERFEL_JAMAIS TROP-poster-00001.jpg_.html]
[lesgrosmotsfinal.webflow.io/_https_/cdn.prod.website-files.com/62014dd97e014e5a161f0175/65bcc1458907f7513c6e4359_SPEEDY_LEFUTUR_03-poster-00001.jpg_.html]
[lesgrosmotsfinal.webflow.io/_https_/cdn.prod.website-files.com/62014dd97e014e5a161f0175/65bcbf35ca5e0dcc43c39496_SPEEDY_LEFUTUR_02-poster-00001.jpg_.html]
[cdn.prod.website-files.com/62014dd97e014e5a161f0175/js/webflow.a508c6bd.f9446aeb25ac5e6d.js]
[cdn.prod.website-files.com/62014dd97e014e5a161f0175/js/webflow.dd5b066c.532541dad18f95a7.js]
[cdn.prod.website-files.com/placeholder.svg]
[cdn.prod.website-files.com/62014dd97e014e5a161f0175/67a08a46a921f402fbbe410f_inside-phone-vinsta-p-2600.jpg]
[lesgrosmotsfinal.webflow.io/projects/vinsta/_https_/cdn.prod.website-files.com/62014dd97e014e5a161f0175/679a56eaeb003bbb6b5ecdf2_glaccon-poster-00001.jpg_.html]
[cdn.prod.website-files.com/62014dd97e014e5a161f0175/66879eebc63c5096089cf403_speaker-2.svg]
[cdn.prod.website-files.com/62014dd97e014e5a161f0175/66879eeba3b0947f3b71b007_speaker-1.svg]
[cdn.prod.website-files.com/62014dd97e014e5a161f0175/66879eebd4201bf728b0ef29_speaker-3.svg]
[lesgrosmotsfinal.webflow.io/projects/pavillon-france/_https_/cdn.prod.website-files.com/62014dd97e014e5a161f0175/661fb6853cc8c085f4aee515_DOOH_Merlan_2-poster-00001.jpg_.html]
[lesgrosmotsfinal.webflow.io/projects/pavillon-france/_https_/cdn.prod.website-files.com/62014dd97e014e5a161f0175/661fb915aada713416ca3ed7_DOOH_Vieille_2-poster-00001.jpg_.html]
[lesgrosmotsfinal.webflow.io/projects/pavillon-france/_https_/cdn.prod.website-files.com/62014dd97e014e5a161f0175/661fb93063c6a52f7a6ca029_DOOH_Raie_2-poster-00001.jpg_.html]
[lesgrosmotsfinal.webflow.io/projects/pavillon-france/_https_/cdn.prod.website-files.com/62014dd97e014e5a161f0175/661fb9421f9d478105d25d70_DOOH_Bulot_2-poster-00001.jpg_.html]
[lesgrosmotsfinal.webflow.io/projects/pavillon-france/_https_/cdn.prod.website-files.com/62014dd97e014e5a161f0175/661fbceabf79e380ed0f26a3_DOOH_Calamar_2-poster-00001.jpg_.html]
[lesgrosmotsfinal.webflow.io/projects/pavillon-france/_https_/cdn.prod.website-files.com/62014dd97e014e5a161f0175/661fb95e54899db329e1956b_DOOH_Seiche_2-poster-00001.jpg_.html]
[lesgrosmotsfinal.webflow.io/projects/pavillon-france/_https_/cdn.prod.website-files.com/62014dd97e014e5a161f0175/661fb98953622346773468a6_DOOH_Merlu_2-poster-00001.jpg_.html]
[lesgrosmotsfinal.webflow.io/projects/pavillon-france/_https_/cdn.prod.website-files.com/62014dd97e014e5a161f0175/661fb9a69cdd35fb7ac2d7a1_DOOH_Lotte_2-poster-00001.jpg_.html]
[lesgrosmotsfinal.webflow.io/projects/pavillon-france/_https_/cdn.prod.website-files.com/62014dd97e014e5a161f0175/661fc426056dd76739e5084c_-49eb-489d-9685-c18c8d084d87-poster-00001.jpg_.html]
[cdn.prod.website-files.com/62014dd97e014e5a161f0175/js/webflow.schunk.f919141e3448519b.js]
[cdn.prod.website-files.com/62014dd97e014e5a161f0175/js/webflow.ed6bd11f.94d05eda03120f98.js]
[lesgrosmotsfinal.webflow.io/projects/saveol/_https_/cdn.prod.website-files.com/62014dd97e014e5a161f0175/6525049fed5a8646cda8754c_Savéol DOOH 2-poster-00001.jpg_.html]
[cdn.prod.website-files.com/62014dd97e014e5a161f0175/js/webflow.schunk.c42549641b7d4501.js]
[cdn.prod.website-files.com/62014dd97e014e5a161f0175/js/webflow.5d0e440c.f603e29e64cfac14.js]
[lesgrosmotsfinal.webflow.io/projects/saveol/_https_/cdn.prod.website-files.com/62014dd97e014e5a161f0175/66472e9ee6f023c78279376c_Dooh_2_4K-poster-00001.jpg_.html]
[lesgrosmotsfinal.webflow.io/projects/saveol/_https_/cdn.prod.website-files.com/62014dd97e014e5a161f0175/672ccc77e2483e0e0b00416e_buggy-video-save Dooh_3_4K-poster-00001.jpg_.html]
[lesgrosmotsfinal.webflow.io/projects/saveol/_https_/cdn.prod.website-files.com/62014dd97e014e5a161f0175/66472f5bbdffa3838cf1199c_Dooh_4_4K-poster-00001.jpg_.html]
[lesgrosmotsfinal.webflow.io/projects/saveol/_https_/cdn.prod.website-files.com/62014dd97e014e5a161f0175/66472f970ef829a07804cc97_Dooh_5_4K-poster-00001.jpg_.html]
[lesgrosmotsfinal.webflow.io/projects/saveol/_https_/cdn.prod.website-files.com/62014dd97e014e5a161f0175/66472fd03e71b588213fe75e_Dooh_6_4K-poster-00001.jpg_.html]
[lesgrosmotsfinal.webflow.io/projects/saveol/_https_/cdn.prod.website-files.com/62014dd97e014e5a161f0175/66473002a68a6a68ec18c82e_Dooh_7_4K-poster-00001.jpg_.html]
[lesgrosmotsfinal.webflow.io/projects/saveol/_https_/cdn.prod.website-files.com/62014dd97e014e5a161f0175/6647302b77a16dc5a6b2cb6d_Dooh_8_4K-poster-00001.jpg_.html]
[cdn.prod.website-files.com/62014dd97e014e5a161f0175/64637475ea7395f65370852c_prenez-bigger-p-500.jpg]
[cdn.prod.website-files.com/62014dd97e014e5a161f0175/64637475ea7395f65370852c_prenez-bigger-p-800.jpg]
[cdn.prod.website-files.com/62014dd97e014e5a161f0175/64637475ea7395f65370852c_prenez-bigger-p-1080.jpg]
[cdn.prod.website-files.com/62014dd97e014e5a161f0175/64637475ea7395f65370852c_prenez-bigger-p-1600.jpg]
[cdn.prod.website-files.com/62014dd97e014e5a161f0175/64637475ea7395f65370852c_prenez-bigger-p-2000.jpg]
[cdn.prod.website-files.com/62014dd97e014e5a161f0175/64479415eef074d7746a2c83_1_JPEG-p-500.jpg]
[cdn.prod.website-files.com/62014dd97e014e5a161f0175/6447937d8da47b0cfa38ee0d_1_JPEG-p-500.jpg]
[cdn.prod.website-files.com/62014dd97e014e5a161f0175/6446b3a08601772fd941528e_1ok_JPEG-p-500.jpg]
[cdn.prod.website-files.com/62014dd97e014e5a161f0175/64479420a5d84f771e73c2fd_2_JPEG-p-500.jpg]
[cdn.prod.website-files.com/62014dd97e014e5a161f0175/6447938e098c1f32efbe67dd_2_JPEG-p-500.jpg]
[cdn.prod.website-files.com/62014dd97e014e5a161f0175/64469c57a13532538e97ca2c_2_JPEG-p-500.jpg]
[cdn.prod.website-files.com/62014dd97e014e5a161f0175/6447942a4084c9bd11c192df_3_JPEG-p-500.jpg]
[cdn.prod.website-files.com/62014dd97e014e5a161f0175/6447939a2b6236dae874116d_3_JPEG-p-500.jpg]
[cdn.prod.website-files.com/62014dd97e014e5a161f0175/64469c57ba1b29d8d4713f50_3_JPEG-p-500.jpg]
[cdn.prod.website-files.com/62014dd97e014e5a161f0175/644794358b041119a3bdf349_4_JPEG-p-500.jpg]
[cdn.prod.website-files.com/62014dd97e014e5a161f0175/644793a77b36e570d1552389_4_JPEG-p-500.jpg]
[cdn.prod.website-files.com/62014dd97e014e5a161f0175/64469c578bb67fe75694e5c0_4_JPEG-p-500.jpg]
[cdn.prod.website-files.com/62014dd97e014e5a161f0175/6447943fbe53ba87049a1b34_5_JPEG-p-500.jpg]
[cdn.prod.website-files.com/62014dd97e014e5a161f0175/644793b4a9ea7492f9705ed9_5_JPEG-p-500.jpg]
[cdn.prod.website-files.com/62014dd97e014e5a161f0175/64469c57635bd75fac7540ad_5_JPEG-p-500.jpg]
[cdn.prod.website-files.com/62014dd97e014e5a161f0175/6447944a73a58a5a85ac19df_6_JPEG-p-500.jpg]
[cdn.prod.website-files.com/62014dd97e014e5a161f0175/644793c1be53ba2b739a11c5_6_JPEG-p-500.jpg]
[cdn.prod.website-files.com/62014dd97e014e5a161f0175/64469c5763698ea4e4525431_6_JPEG-p-500.jpg]
[cdn.prod.website-files.com/62014dd97e014e5a161f0175/64479a27c9c7e2526608c2ae_7_JPEG-p-500.jpg]
[cdn.prod.website-files.com/62014dd97e014e5a161f0175/644799c2f4af349b3a0847bf_7_JPEG-p-500.jpg]
[cdn.prod.website-files.com/62014dd97e014e5a161f0175/6447973d9fb5982d3947d9df_7_JPEG-p-500.jpg]
[cdn.prod.website-files.com/62014dd97e014e5a161f0175/64479a279f2e77c952615df3_8_JPEG-p-500.jpg]
[cdn.prod.website-files.com/62014dd97e014e5a161f0175/644799c27b5f632bb4ea5735_8_JPEG-p-500.jpg]
[cdn.prod.website-files.com/62014dd97e014e5a161f0175/644797479f2e7778746137f2_8_JPEG-p-500.jpg]
[cdn.prod.website-files.com/62014dd97e014e5a161f0175/64479a272b623658b0747f74_9_JPEG-p-500.jpg]
[cdn.prod.website-files.com/62014dd97e014e5a161f0175/644799c29f2e77f2ba61543d_9_JPEG-p-500.jpg]
[cdn.prod.website-files.com/62014dd97e014e5a161f0175/6447975408231f681c1ab76b_9_JPEG-p-500.jpg]
[cdn.prod.website-files.com/62014dd97e014e5a161f0175/64479a27339d634961db5e82_10_JPEG-p-500.jpg]
[cdn.prod.website-files.com/62014dd97e014e5a161f0175/644799c27b36e53bd5556dc5_10_JPEG-p-500.jpg]
[cdn.prod.website-files.com/62014dd97e014e5a161f0175/644797639f2e7778816138de_10_JPEG-p-500.jpg]
[cdn.prod.website-files.com/62014dd97e014e5a161f0175/64479c772b6236eeb17493ab_12_JPEG-p-500.jpg]
[cdn.prod.website-files.com/62014dd97e014e5a161f0175/64479bcfced7883ae245dddb_12_JPEG-p-500.jpg]
[cdn.prod.website-files.com/62014dd97e014e5a161f0175/64479ac94084c92d66c20986_12_JPEG-p-500.jpg]
[cdn.prod.website-files.com/62014dd97e014e5a161f0175/64479c787b36e51e9b558a9d_13_JPEG-p-500.jpg]
[cdn.prod.website-files.com/62014dd97e014e5a161f0175/64479bcf17e18846a4698ef6_13_JPEG-p-500.jpg]
[cdn.prod.website-files.com/62014dd97e014e5a161f0175/64479ac9338d75df8398a895_13_JPEG-p-500.jpg]
[cdn.prod.website-files.com/62014dd97e014e5a161f0175/64479c7752994b9607d1c277_14_JPEG-p-500.jpg]
[cdn.prod.website-files.com/62014dd97e014e5a161f0175/64479bcfcf306827afdda517_14_JPEG-p-500.jpg]
[cdn.prod.website-files.com/62014dd97e014e5a161f0175/64479ac9f4af3482fa085823_14_JPEG-p-500.jpg]
[cdn.prod.website-files.com/62014dd97e014e5a161f0175/64479c772335cc63f8d4eda1_15_JPEG-p-500.jpg]
[cdn.prod.website-files.com/62014dd97e014e5a161f0175/64479bd0cf30681dc2dda52b_15_JPEG-p-500.jpg]
[cdn.prod.website-files.com/62014dd97e014e5a161f0175/64479ac9be53ba86149a7a80_15_JPEG-p-500.jpg]
[cdn.prod.website-files.com/62014dd97e014e5a161f0175/64479c77cf30686e5addaa58_16_JPEG-p-500.jpg]
[cdn.prod.website-files.com/62014dd97e014e5a161f0175/64479bcf05ffee65290bdd60_16_JPEG-p-500.jpg]
[cdn.prod.website-files.com/62014dd97e014e5a161f0175/64479ac9005b84dabdf07f72_16_JPEG-p-500.jpg]
[cdn.prod.website-files.com/62014dd97e014e5a161f0175/6447989ca8ef9ae1ce7eca77_bloc marque-cut-p-500.jpg]
[cdn.prod.website-files.com/62014dd97e014e5a161f0175/6447989ca8ef9ae1ce7eca77_bloc marque-cut-p-800.jpg]
[cdn.prod.website-files.com/62014dd97e014e5a161f0175/6447989ca8ef9ae1ce7eca77_bloc marque-cut-p-1080.jpg]
[cdn.prod.website-files.com/62014dd97e014e5a161f0175/646b873b483bd956d2ea1fc2_puy-2020-p-500.jpg]
[cdn.prod.website-files.com/62014dd97e014e5a161f0175/646b873b483bd956d2ea1fc2_puy-2020-p-800.jpg]
[cdn.prod.website-files.com/62014dd97e014e5a161f0175/646b8778f6907682fc2b0af2_puy-2002-B-p-500.jpg]
[cdn.prod.website-files.com/62014dd97e014e5a161f0175/646b8778f6907682fc2b0af2_puy-2002-B-p-800.jpg]
[cdn.prod.website-files.com/62014dd97e014e5a161f0175/646b8778f6907682fc2b0af2_puy-2002-B-p-1080.jpg]
[cdn.prod.website-files.com/62014dd97e014e5a161f0175/63628a4ef9df14ba4f6f90a2_Capture d’écran 2022-11-02 à 16.06.46-p-500.jpg]
[cdn.prod.website-files.com/62014dd97e014e5a161f0175/63628a4ef9df14ba4f6f90a2_Capture d’écran 2022-11-02 à 16.06.46-p-800.jpg]
[cdn.prod.website-files.com/62014dd97e014e5a161f0175/63628a4ef9df14ba4f6f90a2_Capture d’écran 2022-11-02 à 16.06.46-p-1080.jpg]
[cdn.prod.website-files.com/62014dd97e014e5a161f0175/63628a4ef9df14ba4f6f90a2_Capture d’écran 2022-11-02 à 16.06.46-p-1600.jpg]
[cdn.prod.website-files.com/62014dd97e014e5a161f0175/63628a4ef9df14ba4f6f90a2_Capture d’écran 2022-11-02 à 16.06.46-p-2000.jpg]
[lesgrosmotsfinal.webflow.io/projects/pago/_https_/cdn.prod.website-files.com/62014dd97e014e5a161f0175/6452485c99312f5f57186010_Billboard s‚rie OUT (8 sec.html]
[lesgrosmotsfinal.webflow.io/projects/pago/_https_/cdn.prod.website-files.com/62014dd97e014e5a161f0175/645249459bcbb33b6f846eed_Billboard s‚rie BA & IN (8 sec.html]
[cdn.prod.website-files.com/62014dd97e014e5a161f0175/6464dd82074591457570e5a0_MASSIF_QUAI_400x300_MENTION-cut-p-500.jpg]
[cdn.prod.website-files.com/62014dd97e014e5a161f0175/6464dd82074591457570e5a0_MASSIF_QUAI_400x300_MENTION-cut-p-800.jpg]
[cdn.prod.website-files.com/62014dd97e014e5a161f0175/6464dd82074591457570e5a0_MASSIF_QUAI_400x300_MENTION-cut-p-1080.jpg]
[lesgrosmotsfinal.webflow.io/projects/pitch/transparent.html]
[cdn.prod.website-files.com/62014dd97e014e5a161f0175/6450b74ea698edf93611fd73_MASSIF_QUAI_400x300_MENTION-p-500.jpg]
[cdn.prod.website-files.com/62014dd97e014e5a161f0175/6450b74ea698edf93611fd73_MASSIF_QUAI_400x300_MENTION-p-800.jpg]
[cdn.prod.website-files.com/62014dd97e014e5a161f0175/6450b74ea698edf93611fd73_MASSIF_QUAI_400x300_MENTION-p-1080.jpg]
[cdn.prod.website-files.com/62014dd97e014e5a161f0175/64491d9ca3be0133b2d48591_pitch-slider-one2-p-500.jpg]
[cdn.prod.website-files.com/62014dd97e014e5a161f0175/64491d9ca3be0133b2d48591_pitch-slider-one2-p-800.jpg]
[cdn.prod.website-files.com/62014dd97e014e5a161f0175/64491d9ca3be0133b2d48591_pitch-slider-one2-p-1080.jpg]
[cdn.prod.website-files.com/62014dd97e014e5a161f0175/64491d9ca0b4f713ac6ff23c_pitch-slider-two2-p-500.jpg]
[cdn.prod.website-files.com/62014dd97e014e5a161f0175/64491d9ca0b4f713ac6ff23c_pitch-slider-two2-p-800.jpg]
[cdn.prod.website-files.com/62014dd97e014e5a161f0175/64491d9ca0b4f713ac6ff23c_pitch-slider-two2-p-1080.jpg]
[cdn.prod.website-files.com/62014dd97e014e5a161f0175/64491d9b598f8707648432ba_pitch-slider-three2-p-500.jpg]
[cdn.prod.website-files.com/62014dd97e014e5a161f0175/64491d9b598f8707648432ba_pitch-slider-three2-p-800.jpg]
[cdn.prod.website-files.com/62014dd97e014e5a161f0175/64491d9b598f8707648432ba_pitch-slider-three2-p-1080.jpg]
[cdn.prod.website-files.com/62014dd97e014e5a161f0175/64491d9c15ea8a419599c4d9_pitch-slider-for2-p-500.jpg]
[cdn.prod.website-files.com/62014dd97e014e5a161f0175/64491d9c15ea8a419599c4d9_pitch-slider-for2-p-800.jpg]
[cdn.prod.website-files.com/62014dd97e014e5a161f0175/64491d9c15ea8a419599c4d9_pitch-slider-for2-p-1080.jpg]
[cdn.prod.website-files.com/62014dd97e014e5a161f0175/62054589fe579c80e3db4389_Lettre-Header.png]
[cdn.prod.website-files.com/62014dd97e014e5a161f0175/62054589fe579cb9b2db438d_illustration-Header.png]
[cdn.prod.website-files.com/62014dd97e014e5a161f0175/62054589fe579cb9b2db438d_illustration-Header-p-500.png]
[cdn.prod.website-files.com/62014dd97e014e5a161f0175/620545928eab73c11372dbc6_Lettre-Bloc1.png]
[cdn.prod.website-files.com/62014dd97e014e5a161f0175/620545928eab73c11372dbc6_Lettre-Bloc1-p-500.png]
[cdn.prod.website-files.com/62014dd97e014e5a161f0175/620545928eab73c11372dbc6_Lettre-Bloc1-p-800.png]
[cdn.prod.website-files.com/62014dd97e014e5a161f0175/6205459655cb4f9c2ae709d4_Lettre-Bloc2.png]
[cdn.prod.website-files.com/62014dd97e014e5a161f0175/6205459655cb4f9c2ae709d4_Lettre-Bloc2-p-500.png]
[cdn.prod.website-files.com/62014dd97e014e5a161f0175/620545990c96daa75c116cd5_Lettre-Bloc3.png]
[cdn.prod.website-files.com/62014dd97e014e5a161f0175/620545990c96daa75c116cd5_Lettre-Bloc3-p-500.png]
[cdn.prod.website-files.com/62014dd97e014e5a161f0175/620545990c96daa75c116cd5_Lettre-Bloc3-p-800.png]
[cdn.prod.website-files.com/62014dd97e014e5a161f0175/620545990c96daa75c116cd5_Lettre-Bloc3-p-1080.png]
[cdn.prod.website-files.com/62014dd97e014e5a161f0175/620545990c96da9bde116cda_lettre_A_agence_Plan de travail 1.png]
[cdn.prod.website-files.com/62014dd97e014e5a161f0175/620545990c96da9bde116cda_lettre_A_agence_Plan%20de%20travail%201-p-500.png]
[cdn.prod.website-files.com/62014dd97e014e5a161f0175/620545990c96da9bde116cda_lettre_A_agence_Plan%20de%20travail%201-p-800.png]
[cdn.prod.website-files.com/62014dd97e014e5a161f0175/620545990c96da9bde116cda_lettre_A_agence_Plan%20de%20travail%201-p-1080.png]
[cdn.prod.website-files.com/62014dd97e014e5a161f0175/620545990c96da9bde116cda_lettre_A_agence_Plan%20de%20travail%201-p-1600.png]
[lesgrosmotsfinal.webflow.io/site-before-2024/agence.html]
[cdn.prod.website-files.com/62014dd97e014e5a161f0175/62014dd97e014ec2881f0181_C.png]
[cdn.prod.website-files.com/62014dd97e014e5a161f0175/62014dd97e014ec2881f0181_C-p-500.png]
[cdn.prod.website-files.com/62014dd97e014e5a161f0175/62014dd97e014ec2881f0181_C-p-800.png]
[cdn.prod.website-files.com/62014dd97e014e5a161f0175/62014dd97e014e7e0e1f017e_cible.png]
[cdn.prod.website-files.com/62014dd97e014e5a161f0175/62014dd97e014e7e0e1f017e_cible-p-500.png]
[cdn.prod.website-files.com/62014dd97e014e5a161f0175/62014dd97e014e7e0e1f017e_cible-p-800.png]
[cdn.prod.website-files.com/62014dd97e014e5a161f0175/653137b1b8eee51c9b243388_1-poisson-crea-p-500.png]
[cdn.prod.website-files.com/62014dd97e014e5a161f0175/653137b1b8eee51c9b243388_1-poisson-crea.png]
[cdn.prod.website-files.com/62014dd97e014e5a161f0175/653137b1a0905fd3ff409982_2-poisson-crea-p-500.png]
[cdn.prod.website-files.com/62014dd97e014e5a161f0175/653137b1a0905fd3ff409982_2-poisson-crea-p-800.png]
[cdn.prod.website-files.com/62014dd97e014e5a161f0175/653137b1a0905fd3ff409982_2-poisson-crea.png]
[cdn.prod.website-files.com/62014dd97e014e5a161f0175/65312c87cc44add6140015ef_1-crea-boeuf-1-p-500.webp]
[cdn.prod.website-files.com/62014dd97e014e5a161f0175/65312c87cc44add6140015ef_1-crea-boeuf-1-p-800.webp]
[cdn.prod.website-files.com/62014dd97e014e5a161f0175/65312c87cc44add6140015ef_1-crea-boeuf-1.webp]
[cdn.prod.website-files.com/62014dd97e014e5a161f0175/65312c7f32ec4775d1c14975_2-crea-boeuf-1-p-500.webp]
[cdn.prod.website-files.com/62014dd97e014e5a161f0175/65312c7f32ec4775d1c14975_2-crea-boeuf-1-p-800.webp]
[cdn.prod.website-files.com/62014dd97e014e5a161f0175/65312c7f32ec4775d1c14975_2-crea-boeuf-1.webp]
[cdn.prod.website-files.com/62014dd97e014e5a161f0175/652eb017374d39685e01d408_vignette-fier-1-p-500.webp]
[cdn.prod.website-files.com/62014dd97e014e5a161f0175/652eb017374d39685e01d408_vignette-fier-1.webp]
[cdn.prod.website-files.com/62014dd97e014e5a161f0175/652eb02857e2dfdd421fc709_vignette fiers 2-p-500.webp]
[cdn.prod.website-files.com/62014dd97e014e5a161f0175/652eb02857e2dfdd421fc709_vignette fiers 2-p-800.webp]
[cdn.prod.website-files.com/62014dd97e014e5a161f0175/652eb02857e2dfdd421fc709_vignette fiers 2-p-1080.webp]
[cdn.prod.website-files.com/62014dd97e014e5a161f0175/652eb02857e2dfdd421fc709_vignette fiers 2.webp]
[cdn.prod.website-files.com/62014dd97e014e5a161f0175/6501a8b2031e65217d5769b3_img1 (1)-p-500.webp]
[cdn.prod.website-files.com/62014dd97e014e5a161f0175/6501a8b2031e65217d5769b3_img1 (1)-p-800.webp]
[cdn.prod.website-files.com/62014dd97e014e5a161f0175/6501a8b2031e65217d5769b3_img1 (1)-p-1080.webp]
[cdn.prod.website-files.com/62014dd97e014e5a161f0175/6501a8b2031e65217d5769b3_img1 (1).webp]
[cdn.prod.website-files.com/62014dd97e014e5a161f0175/6501a8c170f3704b15451366_img2 (1)-p-500.webp]
[cdn.prod.website-files.com/62014dd97e014e5a161f0175/6501a8c170f3704b15451366_img2 (1)-p-800.webp]
[cdn.prod.website-files.com/62014dd97e014e5a161f0175/6501a8c170f3704b15451366_img2 (1)-p-1080.webp]
[cdn.prod.website-files.com/62014dd97e014e5a161f0175/6501a8c170f3704b15451366_img2 (1).webp]
[cdn.prod.website-files.com/62014dd97e014e5a161f0175/6501a7645694dcd84cb62089_img1-p-500.webp]
[cdn.prod.website-files.com/62014dd97e014e5a161f0175/6501a7645694dcd84cb62089_img1-p-800.webp]
[cdn.prod.website-files.com/62014dd97e014e5a161f0175/6501a7645694dcd84cb62089_img1-p-1080.webp]
[cdn.prod.website-files.com/62014dd97e014e5a161f0175/6501a7645694dcd84cb62089_img1.webp]
[cdn.prod.website-files.com/62014dd97e014e5a161f0175/6501a772d820c41e82441b01_img2-p-500.webp]
[cdn.prod.website-files.com/62014dd97e014e5a161f0175/6501a772d820c41e82441b01_img2-p-800.webp]
[cdn.prod.website-files.com/62014dd97e014e5a161f0175/6501a772d820c41e82441b01_img2.webp]
[cdn.prod.website-files.com/62014dd97e014e5a161f0175/650ab1b73d39d859418d17c0_img1 (2)-p-500.webp]
[cdn.prod.website-files.com/62014dd97e014e5a161f0175/650ab1b73d39d859418d17c0_img1 (2)-p-800.webp]
[cdn.prod.website-files.com/62014dd97e014e5a161f0175/650ab1b73d39d859418d17c0_img1 (2)-p-1080.webp]
[cdn.prod.website-files.com/62014dd97e014e5a161f0175/650ab1b73d39d859418d17c0_img1 (2).webp]
[cdn.prod.website-files.com/62014dd97e014e5a161f0175/650ab1c4a7e6f1aaf2e06271_img2 (2)-p-500.webp]
[cdn.prod.website-files.com/62014dd97e014e5a161f0175/650ab1c4a7e6f1aaf2e06271_img2 (2)-p-800.webp]
[cdn.prod.website-files.com/62014dd97e014e5a161f0175/650ab1c4a7e6f1aaf2e06271_img2 (2)-p-1080.webp]
[cdn.prod.website-files.com/62014dd97e014e5a161f0175/650ab1c4a7e6f1aaf2e06271_img2 (2).webp]
[cdn.prod.website-files.com/62014dd97e014e5a161f0175/6473566c834aa5882305d682_img1-p-500.webp]
[cdn.prod.website-files.com/62014dd97e014e5a161f0175/6473566c834aa5882305d682_img1-p-800.webp]
[cdn.prod.website-files.com/62014dd97e014e5a161f0175/6473566c834aa5882305d682_img1-p-1080.webp]
[cdn.prod.website-files.com/62014dd97e014e5a161f0175/6473566c834aa5882305d682_img1.webp]
[cdn.prod.website-files.com/62014dd97e014e5a161f0175/6473566d716711e650913fa0_img2-p-500.webp]
[cdn.prod.website-files.com/62014dd97e014e5a161f0175/6473566d716711e650913fa0_img2-p-800.webp]
[cdn.prod.website-files.com/62014dd97e014e5a161f0175/6473566d716711e650913fa0_img2-p-1080.webp]
[cdn.prod.website-files.com/62014dd97e014e5a161f0175/6473566d716711e650913fa0_img2.webp]
[cdn.prod.website-files.com/62014dd97e014e5a161f0175/646dd116ea8aa0afe26dba7f_giraud0.jpg]
[cdn.prod.website-files.com/62014dd97e014e5a161f0175/646dcba369dc948095cedc66_girau1-p-500.png]
[cdn.prod.website-files.com/62014dd97e014e5a161f0175/646dcba369dc948095cedc66_girau1.png]
[cdn.prod.website-files.com/62014dd97e014e5a161f0175/646dd6ec69400548599ee2a6_my-img1.png]
[cdn.prod.website-files.com/62014dd97e014e5a161f0175/6473530b8126600a5a281f26_myriam-2-p-500.webp]
[cdn.prod.website-files.com/62014dd97e014e5a161f0175/6473530b8126600a5a281f26_myriam-2.webp]
[cdn.prod.website-files.com/62014dd97e014e5a161f0175/6473584b75f136c55e51cb74_img 1-p-500.webp]
[cdn.prod.website-files.com/62014dd97e014e5a161f0175/6473584b75f136c55e51cb74_img 1-p-800.webp]
[cdn.prod.website-files.com/62014dd97e014e5a161f0175/6473584b75f136c55e51cb74_img 1-p-1080.webp]
[cdn.prod.website-files.com/62014dd97e014e5a161f0175/6473584b75f136c55e51cb74_img 1.webp]
[cdn.prod.website-files.com/62014dd97e014e5a161f0175/6473584a8341277e72929e98_monde2.webp]
[cdn.prod.website-files.com/62014dd97e014e5a161f0175/64735d598341277e72964751_inter-1-p-500.webp]
[cdn.prod.website-files.com/62014dd97e014e5a161f0175/64735d598341277e72964751_inter-1-p-800.webp]
[cdn.prod.website-files.com/62014dd97e014e5a161f0175/64735d598341277e72964751_inter-1.webp]
[cdn.prod.website-files.com/62014dd97e014e5a161f0175/64735d629c08906b602bbfe3_inter-2-p-500.webp]
[cdn.prod.website-files.com/62014dd97e014e5a161f0175/64735d629c08906b602bbfe3_inter-2-p-800.webp]
[cdn.prod.website-files.com/62014dd97e014e5a161f0175/64735d629c08906b602bbfe3_inter-2.webp]
[cdn.prod.website-files.com/62014dd97e014e5a161f0175/6474568baf0911e7a94a59de_Frame 9-p-500.png]
[cdn.prod.website-files.com/62014dd97e014e5a161f0175/6474568baf0911e7a94a59de_Frame 9.webp]
[cdn.prod.website-files.com/62014dd97e014e5a161f0175/6474568adf70334b40c6603c_Frame 8-p-500.png]
[cdn.prod.website-files.com/62014dd97e014e5a161f0175/6474568adf70334b40c6603c_Frame 8.webp]
[cdn.prod.website-files.com/62014dd97e014e5a161f0175/647458de6fc6bf5f6f690cdf_img 1 (1)-p-500.webp]
[cdn.prod.website-files.com/62014dd97e014e5a161f0175/647458de6fc6bf5f6f690cdf_img 1 (1)-p-800.webp]
[cdn.prod.website-files.com/62014dd97e014e5a161f0175/647458de6fc6bf5f6f690cdf_img 1 (1)-p-1080.webp]
[cdn.prod.website-files.com/62014dd97e014e5a161f0175/647458de6fc6bf5f6f690cdf_img 1 (1).webp]
[cdn.prod.website-files.com/62014dd97e014e5a161f0175/647458ddc78ce7bb4473ee6c_img 2 (2)-p-500.webp]
[cdn.prod.website-files.com/62014dd97e014e5a161f0175/647458ddc78ce7bb4473ee6c_img 2 (2)-p-800.webp]
[cdn.prod.website-files.com/62014dd97e014e5a161f0175/647458ddc78ce7bb4473ee6c_img 2 (2)-p-1080.webp]
[cdn.prod.website-files.com/62014dd97e014e5a161f0175/647458ddc78ce7bb4473ee6c_img 2 (2).webp]
[cdn.prod.website-files.com/62014dd97e014e5a161f0175/6474621dfa7c0d5993dd0de9_pitch1-p-500.webp]
[cdn.prod.website-files.com/62014dd97e014e5a161f0175/6474621dfa7c0d5993dd0de9_pitch1-p-800.webp]
[cdn.prod.website-files.com/62014dd97e014e5a161f0175/6474621dfa7c0d5993dd0de9_pitch1-p-1080.webp]
[cdn.prod.website-files.com/62014dd97e014e5a161f0175/6474621dfa7c0d5993dd0de9_pitch1.webp]
[cdn.prod.website-files.com/62014dd97e014e5a161f0175/64746229b2c76397ccbc33b4_pitch2-p-500.webp]
[cdn.prod.website-files.com/62014dd97e014e5a161f0175/64746229b2c76397ccbc33b4_pitch2-p-800.webp]
[cdn.prod.website-files.com/62014dd97e014e5a161f0175/64746229b2c76397ccbc33b4_pitch2-p-1080.webp]
[cdn.prod.website-files.com/62014dd97e014e5a161f0175/64746229b2c76397ccbc33b4_pitch2.webp]
[cdn.prod.website-files.com/62014dd97e014e5a161f0175/6474674ceec19d97a6eb5e62_pasq2-p-500.webp]
[cdn.prod.website-files.com/62014dd97e014e5a161f0175/6474674ceec19d97a6eb5e62_pasq2-p-800.webp]
[cdn.prod.website-files.com/62014dd97e014e5a161f0175/6474674ceec19d97a6eb5e62_pasq2-p-1080.webp]
[cdn.prod.website-files.com/62014dd97e014e5a161f0175/6474674ceec19d97a6eb5e62_pasq2.webp]
[cdn.prod.website-files.com/62014dd97e014e5a161f0175/647467566ccc23bbb51b835e_pasqu1-p-500.webp]
[cdn.prod.website-files.com/62014dd97e014e5a161f0175/647467566ccc23bbb51b835e_pasqu1-p-800.webp]
[cdn.prod.website-files.com/62014dd97e014e5a161f0175/647467566ccc23bbb51b835e_pasqu1-p-1080.webp]
[cdn.prod.website-files.com/62014dd97e014e5a161f0175/647467566ccc23bbb51b835e_pasqu1.webp]
[cdn.prod.website-files.com/62014dd97e014e5a161f0175/64746a708bd3841723f156e2_puy1-p-500.webp]
[cdn.prod.website-files.com/62014dd97e014e5a161f0175/64746a708bd3841723f156e2_puy1-p-800.webp]
[cdn.prod.website-files.com/62014dd97e014e5a161f0175/64746a708bd3841723f156e2_puy1.webp]
[cdn.prod.website-files.com/62014dd97e014e5a161f0175/64746a7b71bd1ec3d640c564_puy2-p-500.webp]
[cdn.prod.website-files.com/62014dd97e014e5a161f0175/64746a7b71bd1ec3d640c564_puy2-p-800.webp]
[cdn.prod.website-files.com/62014dd97e014e5a161f0175/64746a7b71bd1ec3d640c564_puy2.webp]
[cdn.prod.website-files.com/62014dd97e014e5a161f0175/64746bf6fe25af55e0e50edf_saga2-p-500.webp]
[cdn.prod.website-files.com/62014dd97e014e5a161f0175/64746bf6fe25af55e0e50edf_saga2-p-800.webp]
[cdn.prod.website-files.com/62014dd97e014e5a161f0175/64746bf6fe25af55e0e50edf_saga2.webp]
[cdn.prod.website-files.com/62014dd97e014e5a161f0175/64746bf6c35f97463d9b5ad4_saga1-p-500.webp]
[cdn.prod.website-files.com/62014dd97e014e5a161f0175/64746bf6c35f97463d9b5ad4_saga1-p-800.webp]
[cdn.prod.website-files.com/62014dd97e014e5a161f0175/64746bf6c35f97463d9b5ad4_saga1.webp]
[cdn.prod.website-files.com/62014dd97e014e5a161f0175/64746f104741d34df766a7ab_pag1-p-500.webp]
[cdn.prod.website-files.com/62014dd97e014e5a161f0175/64746f104741d34df766a7ab_pag1-p-800.webp]
[cdn.prod.website-files.com/62014dd97e014e5a161f0175/64746f104741d34df766a7ab_pag1.webp]
[cdn.prod.website-files.com/62014dd97e014e5a161f0175/64746f1ece2f02e8bd4d0786_pag2-p-500.webp]
[cdn.prod.website-files.com/62014dd97e014e5a161f0175/64746f1ece2f02e8bd4d0786_pag2-p-800.webp]
[cdn.prod.website-files.com/62014dd97e014e5a161f0175/64746f1ece2f02e8bd4d0786_pag2.webp]
[cdn.prod.website-files.com/62014dd97e014e5a161f0175/64884246f09f9a5dc00cb23e_ha-left-p-500.png]
[cdn.prod.website-files.com/62014dd97e014e5a161f0175/64884246f09f9a5dc00cb23e_ha-left-p-800.png]
[cdn.prod.website-files.com/62014dd97e014e5a161f0175/64884246f09f9a5dc00cb23e_ha-left.png]
[cdn.prod.website-files.com/62014dd97e014e5a161f0175/6488425589c52bbfa6963c1b_hi right-p-500.png]
[cdn.prod.website-files.com/62014dd97e014e5a161f0175/6488425589c52bbfa6963c1b_hi right.png]
[cdn.prod.website-files.com/62014dd97e014e5a161f0175/64748241107043aab0fa630e_bri1-p-500.webp]
[cdn.prod.website-files.com/62014dd97e014e5a161f0175/64748241107043aab0fa630e_bri1-p-800.webp]
[cdn.prod.website-files.com/62014dd97e014e5a161f0175/64748241107043aab0fa630e_bri1.webp]
[cdn.prod.website-files.com/62014dd97e014e5a161f0175/64748240c35f97463dac2153_bri2-p-500.webp]
[cdn.prod.website-files.com/62014dd97e014e5a161f0175/64748240c35f97463dac2153_bri2.webp]
[cdn.prod.website-files.com/62014dd97e014e5a161f0175/6475a2713a99deaf4e700f90_eter2-p-500.webp]
[cdn.prod.website-files.com/62014dd97e014e5a161f0175/6475a2713a99deaf4e700f90_eter2-p-800.webp]
[cdn.prod.website-files.com/62014dd97e014e5a161f0175/6475a2713a99deaf4e700f90_eter2.webp]
[cdn.prod.website-files.com/62014dd97e014e5a161f0175/6475a262ed4e2e778dd9e083_eter1-p-500.webp]
[cdn.prod.website-files.com/62014dd97e014e5a161f0175/6475a262ed4e2e778dd9e083_eter1-p-800.webp]
[cdn.prod.website-files.com/62014dd97e014e5a161f0175/6475a262ed4e2e778dd9e083_eter1.webp]
[cdn.prod.website-files.com/62014dd97e014e5a161f0175/6475a4e498c68f93e45991ef_avenir1-p-500.webp]
[cdn.prod.website-files.com/62014dd97e014e5a161f0175/6475a4e498c68f93e45991ef_avenir1-p-800.webp]
[cdn.prod.website-files.com/62014dd97e014e5a161f0175/6475a4e498c68f93e45991ef_avenir1.webp]
[cdn.prod.website-files.com/62014dd97e014e5a161f0175/6475a4f2591b8cffd55dfd68_avenir2-p-500.webp]
[cdn.prod.website-files.com/62014dd97e014e5a161f0175/6475a4f2591b8cffd55dfd68_avenir2-p-800.webp]
[cdn.prod.website-files.com/62014dd97e014e5a161f0175/6475a4f2591b8cffd55dfd68_avenir2.webp]
[cdn.prod.website-files.com/62014dd97e014e5a161f0175/6475a6a2f7c1766d97064e70_cho1-p-500.webp]
[cdn.prod.website-files.com/62014dd97e014e5a161f0175/6475a6a2f7c1766d97064e70_cho1-p-800.webp]
[cdn.prod.website-files.com/62014dd97e014e5a161f0175/6475a6a2f7c1766d97064e70_cho1.webp]
[cdn.prod.website-files.com/62014dd97e014e5a161f0175/6475a6a297aebdbe6d7687e0_cho2-p-500.webp]
[cdn.prod.website-files.com/62014dd97e014e5a161f0175/6475a6a297aebdbe6d7687e0_cho2.webp]
[cdn.prod.website-files.com/62014dd97e014e5a161f0175/6475e9095ee92aa84d180e62_bleu1-p-500.webp]
[cdn.prod.website-files.com/62014dd97e014e5a161f0175/6475e9095ee92aa84d180e62_bleu1-p-800.webp]
[cdn.prod.website-files.com/62014dd97e014e5a161f0175/6475e9095ee92aa84d180e62_bleu1.webp]
[cdn.prod.website-files.com/62014dd97e014e5a161f0175/6475e91594da1b23bf7e55fb_bleu2-p-500.webp]
[cdn.prod.website-files.com/62014dd97e014e5a161f0175/6475e91594da1b23bf7e55fb_bleu2-p-800.webp]
[cdn.prod.website-files.com/62014dd97e014e5a161f0175/6475e91594da1b23bf7e55fb_bleu2.webp]
[cdn.prod.website-files.com/62014dd97e014e5a161f0175/6475e774bec55dc42ed4e00c_game1-p-500.webp]
[cdn.prod.website-files.com/62014dd97e014e5a161f0175/6475e774bec55dc42ed4e00c_game1-p-800.webp]
[cdn.prod.website-files.com/62014dd97e014e5a161f0175/6475e774bec55dc42ed4e00c_game1.webp]
[cdn.prod.website-files.com/62014dd97e014e5a161f0175/6475e773bb881b6e10bd9276_gam2-p-500.webp]
[cdn.prod.website-files.com/62014dd97e014e5a161f0175/6475e773bb881b6e10bd9276_gam2.webp]
[cdn.prod.website-files.com/62014dd97e014e5a161f0175/6475eb09162b5cc05deb9377_vin1-p-500.webp]
[cdn.prod.website-files.com/62014dd97e014e5a161f0175/6475eb09162b5cc05deb9377_vin1-p-800.webp]
[cdn.prod.website-files.com/62014dd97e014e5a161f0175/6475eb09162b5cc05deb9377_vin1.webp]
[cdn.prod.website-files.com/62014dd97e014e5a161f0175/6475eb1586e51dd65fe086d3_vin2-p-500.webp]
[cdn.prod.website-files.com/62014dd97e014e5a161f0175/6475eb1586e51dd65fe086d3_vin2-p-800.webp]
[cdn.prod.website-files.com/62014dd97e014e5a161f0175/6475eb1586e51dd65fe086d3_vin2.webp]
[cdn.prod.website-files.com/62014dd97e014e5a161f0175/647627bcbc952ba676b57229_cita1-p-500.webp]
[cdn.prod.website-files.com/62014dd97e014e5a161f0175/647627bcbc952ba676b57229_cita1-p-800.webp]
[cdn.prod.website-files.com/62014dd97e014e5a161f0175/647627bcbc952ba676b57229_cita1.webp]
[cdn.prod.website-files.com/62014dd97e014e5a161f0175/647627bd97a549432fc9b3c1_cita2-p-500.webp]
[cdn.prod.website-files.com/62014dd97e014e5a161f0175/647627bd97a549432fc9b3c1_cita2.webp]
[lesgrosmotsfinal.webflow.io/site-before-2024/creations.html]
[cdn.prod.website-files.com/62014dd97e014e5a161f0175/6227efdefbab8b59ed3860c7_F.png]
[cdn.prod.website-files.com/62014dd97e014e5a161f0175/6227efdefbab8b59ed3860c7_F-p-500.png]
[cdn.prod.website-files.com/62014dd97e014e5a161f0175/622cc8deed1eac0745fee0ca_bloc1.jpg]
[cdn.prod.website-files.com/62014dd97e014e5a161f0175/622cc8deed1eac0745fee0ca_bloc1-p-500.jpeg]
[cdn.prod.website-files.com/62014dd97e014e5a161f0175/622cc8deed1eac0745fee0ca_bloc1-p-800.jpeg]
[cdn.prod.website-files.com/62014dd97e014e5a161f0175/622cc8dee6e8006134e9c7ff_bloc2.jpg]
[cdn.prod.website-files.com/62014dd97e014e5a161f0175/622cc8dee6e8006134e9c7ff_bloc2-p-500.jpeg]
[cdn.prod.website-files.com/62014dd97e014e5a161f0175/622cc8dee6e8006134e9c7ff_bloc2-p-800.jpeg]
[cdn.prod.website-files.com/62014dd97e014e5a161f0175/622cc8de71da873f4c49957c_bloc3.jpg]
[cdn.prod.website-files.com/62014dd97e014e5a161f0175/622cc8de71da873f4c49957c_bloc3-p-500.jpeg]
[cdn.prod.website-files.com/62014dd97e014e5a161f0175/622cc8de71da873f4c49957c_bloc3-p-800.jpeg]
[cdn.prod.website-files.com/62014dd97e014e5a161f0175/642aae945b5539826f34b4f0_Haters1.png]
[cdn.prod.website-files.com/62014dd97e014e5a161f0175/642aae945b5539826f34b4f0_Haters1-p-500.png]
[cdn.prod.website-files.com/62014dd97e014e5a161f0175/642aae945b5539826f34b4f0_Haters1-p-800.png]
[cdn.prod.website-files.com/62014dd97e014e5a161f0175/642aadd95b5539684e34aa7a_Haters2.png]
[cdn.prod.website-files.com/62014dd97e014e5a161f0175/642aadd95b5539684e34aa7a_Haters2-p-500.png]
[cdn.prod.website-files.com/62014dd97e014e5a161f0175/642aadd95b5539684e34aa7a_Haters2-p-800.png]
[cdn.prod.website-files.com/62014dd97e014e5a161f0175/642aadd95b5539684e34aa7a_Haters2-p-1080.png]
[cdn.prod.website-files.com/62014dd97e014e5a161f0175/642aadd95b5539684e34aa7a_Haters2-p-1600.png]
[cdn.prod.website-files.com/62014dd97e014e5a161f0175/63ea261ca6a1d28348e916dc_STRATEGIES 3.png]
[cdn.prod.website-files.com/62014dd97e014e5a161f0175/63ea261ca6a1d28348e916dc_STRATEGIES 3-p-1080.png]
[cdn.prod.website-files.com/62014dd97e014e5a161f0175/637de0e7fcacb5cc31f1d367_N°15-1.jpg]
[cdn.prod.website-files.com/62014dd97e014e5a161f0175/637de0f2d9344453bc6692b0_N°15-2.jpg]
[cdn.prod.website-files.com/62014dd97e014e5a161f0175/637de0fdd9344420826696ff_N°15-3.jpg]
[cdn.prod.website-files.com/62014dd97e014e5a161f0175/636cead358f7606531aff4db_ECHECMAT 1.jpg]
[cdn.prod.website-files.com/62014dd97e014e5a161f0175/636ceae0723267752c5ebd59_ECHECMAT 2.jpg]
[cdn.prod.website-files.com/62014dd97e014e5a161f0175/636ceaee6480faadec4a2797_ECHECMAT 3.jpg]
[cdn.prod.website-files.com/62014dd97e014e5a161f0175/636a3dae1c741715b7749356_LE MONDE1.jpg]
[cdn.prod.website-files.com/62014dd97e014e5a161f0175/636a3db9ba0d1055be565ff9_LE MONDE2.jpg]
[cdn.prod.website-files.com/62014dd97e014e5a161f0175/636a3dc3f755586ce3d65717_LEMONDE3.jpg]
[cdn.prod.website-files.com/62014dd97e014e5a161f0175/635fd09ebc9d9c5c4bf92c5a_N°14-1.jpg]
[cdn.prod.website-files.com/62014dd97e014e5a161f0175/635fd0a9618e0a443bc92767_N°14_2.jpg]
[cdn.prod.website-files.com/62014dd97e014e5a161f0175/635fd0b5799bce50e5216812_N°14-3.jpg]
[cdn.prod.website-files.com/62014dd97e014e5a161f0175/635fcf96b596362b73806bed_N°13-1.jpg]
[cdn.prod.website-files.com/62014dd97e014e5a161f0175/635fcfa27b758d7639e1e329_N°13-2.jpg]
[cdn.prod.website-files.com/62014dd97e014e5a161f0175/635fcfad3ea935798e179c14_N°13-3.jpg]
[cdn.prod.website-files.com/62014dd97e014e5a161f0175/635fc2bb70804584ed5e412b_SAVEOL1.jpg]
[cdn.prod.website-files.com/62014dd97e014e5a161f0175/635fc2c4d15f657e8c5d4bd7_SAVEOL2.jpg]
[cdn.prod.website-files.com/62014dd97e014e5a161f0175/635fced24cc38ff25db25db3_SAVEOL3.jpg]
[cdn.prod.website-files.com/62014dd97e014e5a161f0175/635fc1df61099e1c593a8fb2_N°12-1.jpg]
[cdn.prod.website-files.com/62014dd97e014e5a161f0175/635fc1ecf95dcc530f40a52e_N°12-2.jpg]
[cdn.prod.website-files.com/62014dd97e014e5a161f0175/635fc1f741528aa3bef5680a_N°12-3.jpg]
[cdn.prod.website-files.com/62014dd97e014e5a161f0175/635fc10c3ea9350b58169e70_N°11-1.jpg]
[cdn.prod.website-files.com/62014dd97e014e5a161f0175/635fc11630100384b73dd6f4_N°11-2.jpg]
[cdn.prod.website-files.com/62014dd97e014e5a161f0175/635fc1222936c28d8eba3bec_N°11-3.jpg]
[cdn.prod.website-files.com/62014dd97e014e5a161f0175/635fbf593010036d6d3dbc3d_ECHEC1.jpg]
[cdn.prod.website-files.com/62014dd97e014e5a161f0175/635fbf622ce3081944bd187a_ECHEC2.jpg]
[cdn.prod.website-files.com/62014dd97e014e5a161f0175/635fbf6bd15f657ff55d03bc_ECHEC3.jpg]
[cdn.prod.website-files.com/62014dd97e014e5a161f0175/635fbbd85dee79f46570b800_N°10-1.jpg]
[cdn.prod.website-files.com/62014dd97e014e5a161f0175/635fbbe7f95dcc3a59405b50_N°10-2.jpg]
[cdn.prod.website-files.com/62014dd97e014e5a161f0175/635fbbf3f95dcc7437405b78_N°10-3.jpg]
[cdn.prod.website-files.com/62014dd97e014e5a161f0175/635fbcfd799bce2c09201251_MEDIA1.jpg]
[cdn.prod.website-files.com/62014dd97e014e5a161f0175/635fbd0627b382462aa1498a_MEDIA2.jpg]
[cdn.prod.website-files.com/62014dd97e014e5a161f0175/635fbd0f6c5db64fadf74350_MEDIA3.jpg]
[cdn.prod.website-files.com/62014dd97e014e5a161f0175/635fbab3f0970456d2cd5f95_N°9-1.jpg]
[cdn.prod.website-files.com/62014dd97e014e5a161f0175/635fbabe6c5db6ce23f72449_N°9-2.jpg]
[cdn.prod.website-files.com/62014dd97e014e5a161f0175/635fbac82ce308d81dbcbf52_N°9-3.jpg]
[cdn.prod.website-files.com/62014dd97e014e5a161f0175/635fb9c5a5cfadf1021fd81e_N°8-1.jpg]
[cdn.prod.website-files.com/62014dd97e014e5a161f0175/635fb9d12936c2fd72b9d2c1_N°8-2.jpg]
[cdn.prod.website-files.com/62014dd97e014e5a161f0175/635fb9dc27b3829be6a10e86_N°8-3.jpg]
[cdn.prod.website-files.com/62014dd97e014e5a161f0175/635fb87141528a5e47f4cad5_N°7-1.jpg]
[cdn.prod.website-files.com/62014dd97e014e5a161f0175/635fb87c2ce308e53abc8584_N°7-2.jpg]
[cdn.prod.website-files.com/62014dd97e014e5a161f0175/635fb8872936c2d96ab9c11b_n°7-3.jpg]
[cdn.prod.website-files.com/62014dd97e014e5a161f0175/635fa3ff2ce3088257bb4f27_test LGM SITE.png]
[cdn.prod.website-files.com/62014dd97e014e5a161f0175/635fa3ff2ce3088257bb4f27_test LGM SITE-p-1080.png]
[cdn.prod.website-files.com/62014dd97e014e5a161f0175/635fb5a945a67266453090d9_N°6-2.jpg]
[cdn.prod.website-files.com/62014dd97e014e5a161f0175/635fb5ba4cc38f08d0b0d51f_N°6-3.jpg]
[cdn.prod.website-files.com/62014dd97e014e5a161f0175/622ccafd77d7b77047d094f2_Janvier_3_Def_Google2021.pdf]
[cdn.prod.website-files.com/62014dd97e014e5a161f0175/622cc9033e233355399fdeeb_bloc1.jpg]
[cdn.prod.website-files.com/62014dd97e014e5a161f0175/622cc9033e233355399fdeeb_bloc1-p-500.jpeg]
[cdn.prod.website-files.com/62014dd97e014e5a161f0175/622cc9033e233355399fdeeb_bloc1-p-800.jpeg]
[cdn.prod.website-files.com/62014dd97e014e5a161f0175/622cc90373fd3e13cd560879_bloc2.jpg]
[cdn.prod.website-files.com/62014dd97e014e5a161f0175/622cc90373fd3e13cd560879_bloc2-p-500.jpeg]
[cdn.prod.website-files.com/62014dd97e014e5a161f0175/622cc90373fd3e13cd560879_bloc2-p-800.jpeg]
[cdn.prod.website-files.com/62014dd97e014e5a161f0175/622cc9033e233330939fdeec_bloc3.jpg]
[cdn.prod.website-files.com/62014dd97e014e5a161f0175/622cc9033e233330939fdeec_bloc3-p-500.jpeg]
[cdn.prod.website-files.com/62014dd97e014e5a161f0175/622cc9033e233330939fdeec_bloc3-p-800.jpeg]
[cdn.prod.website-files.com/62014dd97e014e5a161f0175/622cc91c017df8b1bbd2ddce_bloc1.jpg]
[cdn.prod.website-files.com/62014dd97e014e5a161f0175/622cc91c017df8b1bbd2ddce_bloc1-p-500.jpeg]
[cdn.prod.website-files.com/62014dd97e014e5a161f0175/622cc91c017df8b1bbd2ddce_bloc1-p-800.jpeg]
[cdn.prod.website-files.com/62014dd97e014e5a161f0175/622cc91b9c36e5658357055e_bloc2.jpg]
[cdn.prod.website-files.com/62014dd97e014e5a161f0175/622cc91b9c36e5658357055e_bloc2-p-500.jpeg]
[cdn.prod.website-files.com/62014dd97e014e5a161f0175/622cc91b9c36e5658357055e_bloc2-p-800.jpeg]
[cdn.prod.website-files.com/62014dd97e014e5a161f0175/622cc91cf62c066fc191a5e2_bloc3.jpg]
[cdn.prod.website-files.com/62014dd97e014e5a161f0175/622cc91cf62c066fc191a5e2_bloc3-p-500.jpeg]
[cdn.prod.website-files.com/62014dd97e014e5a161f0175/622cc91cf62c066fc191a5e2_bloc3-p-800.jpeg]
[cdn.prod.website-files.com/62014dd97e014e5a161f0175/622ccb9ed7ef9375b3dc65ee_Janvier_4_Fossoyeurs.pdf]
[cdn.prod.website-files.com/62014dd97e014e5a161f0175/622cc93a97e8e755eecb20b8_bloc1.jpg]
[cdn.prod.website-files.com/62014dd97e014e5a161f0175/622cc93a97e8e755eecb20b8_bloc1-p-500.jpeg]
[cdn.prod.website-files.com/62014dd97e014e5a161f0175/622cc93a97e8e755eecb20b8_bloc1-p-800.jpeg]
[cdn.prod.website-files.com/62014dd97e014e5a161f0175/622cc93a79149ca1583d12f4_bloc2.jpg]
[cdn.prod.website-files.com/62014dd97e014e5a161f0175/622cc93a79149ca1583d12f4_bloc2-p-800.jpeg]
[cdn.prod.website-files.com/62014dd97e014e5a161f0175/622cc93a4de6f8274191a5e6_bloc3.jpg]
[cdn.prod.website-files.com/62014dd97e014e5a161f0175/622cc93a4de6f8274191a5e6_bloc3-p-500.jpeg]
[cdn.prod.website-files.com/62014dd97e014e5a161f0175/622cc93a4de6f8274191a5e6_bloc3-p-800.jpeg]
[cdn.prod.website-files.com/62014dd97e014e5a161f0175/622cc94983123051d29487ad_bloc1.jpg]
[cdn.prod.website-files.com/62014dd97e014e5a161f0175/622cc94983123051d29487ad_bloc1-p-500.jpeg]
[cdn.prod.website-files.com/62014dd97e014e5a161f0175/622cc94983123051d29487ad_bloc1-p-800.jpeg]
[cdn.prod.website-files.com/62014dd97e014e5a161f0175/622cc949017df873c0d2de7c_bloc2.jpg]
[cdn.prod.website-files.com/62014dd97e014e5a161f0175/622cc949017df873c0d2de7c_bloc2-p-500.jpeg]
[cdn.prod.website-files.com/62014dd97e014e5a161f0175/622cc949017df873c0d2de7c_bloc2-p-800.jpeg]
[cdn.prod.website-files.com/62014dd97e014e5a161f0175/622cc949a4cbc2f616e576db_bloc3.jpg]
[cdn.prod.website-files.com/62014dd97e014e5a161f0175/622cc949a4cbc2f616e576db_bloc3-p-500.jpeg]
[cdn.prod.website-files.com/62014dd97e014e5a161f0175/622cc949a4cbc2f616e576db_bloc3-p-800.jpeg]
[cdn.prod.website-files.com/62014dd97e014e5a161f0175/622ccbc2a4cbc274c6e584c0_Janvier_1_Karcher.pdf]
[cdn.prod.website-files.com/62014dd97e014e5a161f0175/622cc95b232d1db1bbc1609f_bloc1.jpg]
[cdn.prod.website-files.com/62014dd97e014e5a161f0175/622cc95b232d1db1bbc1609f_bloc1-p-500.jpeg]
[cdn.prod.website-files.com/62014dd97e014e5a161f0175/622cc95b232d1db1bbc1609f_bloc1-p-800.jpeg]
[cdn.prod.website-files.com/62014dd97e014e5a161f0175/622cc95b8699dc49083dae13_bloc2.jpg]
[cdn.prod.website-files.com/62014dd97e014e5a161f0175/622cc95b8699dc49083dae13_bloc2-p-500.jpeg]
[cdn.prod.website-files.com/62014dd97e014e5a161f0175/622cc95b8699dc49083dae13_bloc2-p-800.jpeg]
[cdn.prod.website-files.com/62014dd97e014e5a161f0175/622cc95b49ab8541577348be_bloc3.jpg]
[cdn.prod.website-files.com/62014dd97e014e5a161f0175/622cc95b49ab8541577348be_bloc3-p-800.jpeg]
[cdn.prod.website-files.com/62014dd97e014e5a161f0175/622cc970a0d19593bfc54ae4_bloc1.jpg]
[cdn.prod.website-files.com/62014dd97e014e5a161f0175/622cc970a0d19593bfc54ae4_bloc1-p-500.jpeg]
[cdn.prod.website-files.com/62014dd97e014e5a161f0175/622cc970a0d19593bfc54ae4_bloc1-p-800.jpeg]
[cdn.prod.website-files.com/62014dd97e014e5a161f0175/622cc9709c36e5884b57094b_bloc2.jpg]
[cdn.prod.website-files.com/62014dd97e014e5a161f0175/622cc9709c36e5884b57094b_bloc2-p-500.jpeg]
[cdn.prod.website-files.com/62014dd97e014e5a161f0175/622cc9709c36e5884b57094b_bloc2-p-800.jpeg]
[cdn.prod.website-files.com/62014dd97e014e5a161f0175/622cc970232d1db1cdc1617e_bloc3.jpg]
[cdn.prod.website-files.com/62014dd97e014e5a161f0175/622cc970232d1db1cdc1617e_bloc3-p-500.jpeg]
[cdn.prod.website-files.com/62014dd97e014e5a161f0175/622cc970232d1db1cdc1617e_bloc3-p-800.jpeg]
[cdn.prod.website-files.com/62014dd97e014e5a161f0175/622ccc078699dc0f573dc7b7_Fevrier_1_Wordle.pdf]
[cdn.prod.website-files.com/62014dd97e014e5a161f0175/622cc97f73fd3e50c4560d65_bloc1.jpg]
[cdn.prod.website-files.com/62014dd97e014e5a161f0175/622cc97f73fd3e50c4560d65_bloc1-p-500.jpeg]
[cdn.prod.website-files.com/62014dd97e014e5a161f0175/622cc97f73fd3e50c4560d65_bloc1-p-800.jpeg]
[cdn.prod.website-files.com/62014dd97e014e5a161f0175/622cc97f63bbc576eaab176b_bloc2.jpg]
[cdn.prod.website-files.com/62014dd97e014e5a161f0175/622cc97f63bbc576eaab176b_bloc2-p-500.jpeg]
[cdn.prod.website-files.com/62014dd97e014e5a161f0175/622cc97f63bbc576eaab176b_bloc2-p-800.jpeg]
[cdn.prod.website-files.com/62014dd97e014e5a161f0175/622cc97fa0d195699fc54b57_bloc3.jpg]
[cdn.prod.website-files.com/62014dd97e014e5a161f0175/622cc97fa0d195699fc54b57_bloc3-p-500.jpeg]
[cdn.prod.website-files.com/62014dd97e014e5a161f0175/622cc97fa0d195699fc54b57_bloc3-p-800.jpeg]
[cdn.prod.website-files.com/62014dd97e014e5a161f0175/622cc990122fb61574623496_bloc1.jpg]
[cdn.prod.website-files.com/62014dd97e014e5a161f0175/622cc990122fb61574623496_bloc1-p-500.jpeg]
[cdn.prod.website-files.com/62014dd97e014e5a161f0175/622cc990122fb61574623496_bloc1-p-800.jpeg]
[cdn.prod.website-files.com/62014dd97e014e5a161f0175/622cc990c4ae80810a757279_bloc2.jpg]
[cdn.prod.website-files.com/62014dd97e014e5a161f0175/622cc990c4ae80810a757279_bloc2-p-500.jpeg]
[cdn.prod.website-files.com/62014dd97e014e5a161f0175/622cc990c4ae80810a757279_bloc2-p-800.jpeg]
[cdn.prod.website-files.com/62014dd97e014e5a161f0175/622cc990f85ef654c3e1d6e9_bloc3.jpg]
[cdn.prod.website-files.com/62014dd97e014e5a161f0175/622cc990f85ef654c3e1d6e9_bloc3-p-500.jpeg]
[cdn.prod.website-files.com/62014dd97e014e5a161f0175/622cc990f85ef654c3e1d6e9_bloc3-p-800.jpeg]
[cdn.prod.website-files.com/62014dd97e014e5a161f0175/622ccc3d6b5a6738c2c545f0_Janvier_2_Novax.pdf]
[cdn.prod.website-files.com/62014dd97e014e5a161f0175/622cc9a2f52da2b0fc1a51c7_bloc1.jpg]
[cdn.prod.website-files.com/62014dd97e014e5a161f0175/622cc9a2f52da2b0fc1a51c7_bloc1-p-500.jpeg]
[cdn.prod.website-files.com/62014dd97e014e5a161f0175/622cc9a2f52da2b0fc1a51c7_bloc1-p-800.jpeg]
[cdn.prod.website-files.com/62014dd97e014e5a161f0175/622cc9a2f52da224d51a51ca_bloc2.jpg]
[cdn.prod.website-files.com/62014dd97e014e5a161f0175/622cc9a2f52da224d51a51ca_bloc2-p-800.jpeg]
[cdn.prod.website-files.com/62014dd97e014e5a161f0175/622cc9a2d6c18cc0b35e749c_bloc3.jpg]
[cdn.prod.website-files.com/62014dd97e014e5a161f0175/622cc9a2d6c18cc0b35e749c_bloc3-p-500.jpeg]
[cdn.prod.website-files.com/62014dd97e014e5a161f0175/622cc9a2d6c18cc0b35e749c_bloc3-p-800.jpeg]
[lesgrosmotsfinal.webflow.io/site-before-2024/feed.html]
[cdn.prod.website-files.com/62014dd97e014e5a161f0175/620a2c36130f26ff16b3147f_Lettre-Header.png]
[cdn.prod.website-files.com/62014dd97e014e5a161f0175/620a2c36130f26ff16b3147f_Lettre-Header-p-500.png]
[cdn.prod.website-files.com/62014dd97e014e5a161f0175/620a2c36130f261143b31483_Illustration-Header.png]
[cdn.prod.website-files.com/62014dd97e014e5a161f0175/620a2c3b6726d908c39c6edf_Lettre-Bloc1.png]
[cdn.prod.website-files.com/62014dd97e014e5a161f0175/620a2c3b6726d908c39c6edf_Lettre-Bloc1-p-500.png]
[cdn.prod.website-files.com/62014dd97e014e5a161f0175/620a2c3e08d12203f070ff71_Lettre-Bloc2.png]
[cdn.prod.website-files.com/62014dd97e014e5a161f0175/620a2c3e08d12203f070ff71_Lettre-Bloc2-p-500.png]
[cdn.prod.website-files.com/62014dd97e014e5a161f0175/620a2c41460a08413b5fdeb0_Lettre-Bloc3.png]
[lesgrosmotsfinal.webflow.io/site-before-2024/contact.html]
[cdn.prod.website-files.com/62014dd97e014e5a161f0175/62053dffaafaa82c40177d73_Logo-LGM vf.svg]
[cdn.prod.website-files.com/62014dd97e014e5a161f0175/62053dffaafaa88884177d72_illustration-agence.svg]
[cdn.prod.website-files.com/62014dd97e014e5a161f0175/62053e08da9cb87e3eb99989_L jaune.svg]
[cdn.prod.website-files.com/62014dd97e014e5a161f0175/62053e08da9cb8bbdcb99987_g bleu à l'envers.svg]
[cdn.prod.website-files.com/62014dd97e014e5a161f0175/62053e08da9cb8e87fb9998c_m vert.svg]
[cdn.prod.website-files.com/62014dd97e014e5a161f0175/62053e08da9cb85f6fb99988_esperluette rouge.svg]
[cdn.prod.website-files.com/62014dd97e014e5a161f0175/62053e08da9cb85942b9998a_c rose.svg]
[cdn.prod.website-files.com/62014dd97e014e5a161f0175/62053e08da9cb820d6b9998b_o blue foncé.svg]
[cdn.prod.website-files.com/61c1abec2473681456beb18e/61c1b05af78f21c3ebb71e77_m vert.svg]
[cdn.prod.website-files.com/61c1abec2473681456beb18e/61c1afaa1b91c14617ca635a_illustration-agence.svg]
[cdn.prod.website-files.com/62014dd97e014e5a161f0175/62053e26a8471883d009e5d8_Linkedin .svg]
[cdn.prod.website-files.com/62014dd97e014e5a161f0175/62053e26a847180a7c09e5d9_Facebook svg.svg]
[lesgrosmotsfinal.webflow.io/projects/saveol/giItT1WQy@!-/index.html]
[lesgrosmotsfinal.webflow.io/projects/saveol/manifest.json.html]
[cdn.prod.website-files.com/62014dd97e014e5a161f0175/6205459c9d50c5709c32bfc4_R.svg]
[cdn.prod.website-files.com/62014dd97e014e5a161f0175/646dd116ea8aa0afe26dba7f_giraud0-p-500.jpg]
[cdn.prod.website-files.com/62014dd97e014e5a161f0175/6443f16e51565252c194cf95_monde-ouvert.jpg]
[cdn.prod.website-files.com/62014dd97e014e290b1f0182/6531386199ea61a15b6ed4f1_1-poisson-crea.png]
[cdn.prod.website-files.com/62014dd97e014e290b1f0182/6531386199ea61a15b6ed4f1_1-poisson-crea-p-500.png]
[cdn.prod.website-files.com/62014dd97e014e290b1f0182/653134e2fb988c807da7b773_1-crea-boeuf-1.jpg]
[cdn.prod.website-files.com/62014dd97e014e290b1f0182/653240fc68af70aaae1173d2_vignette-interfel-carre.webp]
[cdn.prod.website-files.com/62014dd97e014e290b1f0182/653240fc68af70aaae1173d2_vignette-interfel-carre-p-500.webp]
[cdn.prod.website-files.com/62014dd97e014e290b1f0182/650ab3c32c7a3b8ebb0a6d66_img1-(4).jpg]
[cdn.prod.website-files.com/62014dd97e014e290b1f0182/6501ac362fc00ac3e942c200_saveol-identite.webp]
[cdn.prod.website-files.com/62014dd97e014e290b1f0182/6501ac362fc00ac3e942c200_saveol-identite-p-500.webp]
[cdn.prod.website-files.com/62014dd97e014e290b1f0182/6501ac362fc00ac3e942c200_saveol-identite-p-800.webp]
[cdn.prod.website-files.com/62014dd97e014e290b1f0182/6501ac362fc00ac3e942c200_saveol-identite-p-1080.webp]
[cdn.prod.website-files.com/62014dd97e014e290b1f0182/6501aa3b82f2892d3e67b044_saveol-bousole.webp]
[cdn.prod.website-files.com/62014dd97e014e290b1f0182/6501aa3b82f2892d3e67b044_saveol-bousole-p-500.webp]
[cdn.prod.website-files.com/62014dd97e014e290b1f0182/6501aa3b82f2892d3e67b044_saveol-bousole-p-800.webp]
[cdn.prod.website-files.com/62014dd97e014e290b1f0182/6501aa3b82f2892d3e67b044_saveol-bousole-p-1080.webp]
[cdn.prod.website-files.com/62014dd97e014e290b1f0182/647627f535e342c5a6332519_cita1.jpg]
[cdn.prod.website-files.com/62014dd97e014e290b1f0182/6475eb6786e51dd65fe0d948_vin1.jpg]
[cdn.prod.website-files.com/62014dd97e014e290b1f0182/6475ea006ad21d71b1e7c2c7_bleu1.jpg]
[cdn.prod.website-files.com/62014dd97e014e290b1f0182/6475e6a094da1b23bf7c40a0_game1.jpg]
[cdn.prod.website-files.com/62014dd97e014e290b1f0182/6475a7263afdd871f25362d7_cho1.jpg]
[cdn.prod.website-files.com/62014dd97e014e290b1f0182/6475a3f08661e084c5184d81_avenir1.jpg]
[cdn.prod.website-files.com/62014dd97e014e290b1f0182/6475a31af36e14ee9b94f033_eter1.jpg]
[cdn.prod.website-files.com/62014dd97e014e290b1f0182/647482a9b40eaf5958416225_bri1.png]
[cdn.prod.website-files.com/62014dd97e014e290b1f0182/647482a9b40eaf5958416225_bri1-p-500.png]
[cdn.prod.website-files.com/62014dd97e014e290b1f0182/647482a9b40eaf5958416225_bri1-p-800.png]
[cdn.prod.website-files.com/62014dd97e014e290b1f0182/647480c3131edc2632d5c8c1_habi1.jpg]
[cdn.prod.website-files.com/62014dd97e014e290b1f0182/64746ea6131edc2632c72794_pag1.jpg]
[cdn.prod.website-files.com/62014dd97e014e290b1f0182/64746c0dd636aeb010941edd_saga2.jpg]
[cdn.prod.website-files.com/62014dd97e014e290b1f0182/647469a096040b5fe4f27ca9_puy1.jpg]
[cdn.prod.website-files.com/62014dd97e014e290b1f0182/647469c7fa7c0d5993e2b204_pasq2.jpg]
[cdn.prod.website-files.com/62014dd97e014e290b1f0182/647469f2d636aeb01092a5df_pitch1.jpg]
[cdn.prod.website-files.com/62014dd97e014e290b1f0182/64745f90107043aab0df7296_6473566c834aa5882305d682_img1.webp]
[cdn.prod.website-files.com/62014dd97e014e290b1f0182/64745f90107043aab0df7296_6473566c834aa5882305d682_img1-p-500.webp]
[cdn.prod.website-files.com/62014dd97e014e290b1f0182/64745f90107043aab0df7296_6473566c834aa5882305d682_img1-p-800.webp]
[cdn.prod.website-files.com/62014dd97e014e290b1f0182/64745f90107043aab0df7296_6473566c834aa5882305d682_img1-p-1080.webp]
[cdn.prod.website-files.com/62014dd97e014e290b1f0182/643e95599964f4981cd331e9_speedy.jpg]
[cdn.prod.website-files.com/62014dd97e014e290b1f0182/64735ea54e7dfa2006ba2cb5_inter-1.JPG]
[cdn.prod.website-files.com/62014dd97e014e290b1f0182/64735ee9bb4de7eb23c90270_poil.png]
[cdn.prod.website-files.com/62014dd97e014e290b1f0182/64735ee9bb4de7eb23c90270_poil-p-500.png]
[cdn.prod.website-files.com/62014dd97e014e290b1f0182/643e9ad32afc11c0f2900c5e_lemonde.jpg]
[cdn.prod.website-files.com/62014dd97e014e290b1f0182/643e9279b704b41d3962d38e_myriam.jpg]
[cdn.prod.website-files.com/62014dd97e014e290b1f0182/643e91987138d2ba2a9d9dbc_girody.jpg]
[lesgrosmotsfinal.webflow.io/projects/le-monde/la-matinale-old.html]
[cdn.prod.website-files.com/62014dd97e014e5a161f0175/64915fb6b88c5c4729fc8887_jamais-trop.jpg]
[cdn.prod.website-files.com/62014dd97e014e5a161f0175/645cfca401c00b03df81570c_macaron-bleu.json]
[cdn.prod.website-files.com/62014dd97e014e5a161f0175/645cea5dec1fdd26b095d471_1_Ronde 3 (1).jpg]
[cdn.prod.website-files.com/62014dd97e014e5a161f0175/645cea5dc4493959f1ba89a7_1 (1).jpg]
[cdn.prod.website-files.com/62014dd97e014e5a161f0175/645cea5d7797e2cebbe84597_1_Ronde 3 (3).jpg]
[cdn.prod.website-files.com/62014dd97e014e5a161f0175/645cea5d4224ff1c77a647d9_1 (3).jpg]
[cdn.prod.website-files.com/62014dd97e014e5a161f0175/645cea5d2e89b95ad23fafc1_1_Ronde 3 (2).jpg]
[cdn.prod.website-files.com/62014dd97e014e5a161f0175/645cea5d09912c2a17751f09_1 (2).jpg]
[cdn.prod.website-files.com/62014dd97e014e5a161f0175/645cea5dd76a660a598c33b0_1_Ronde 3 (4).jpg]
[cdn.prod.website-files.com/62014dd97e014e5a161f0175/645ce954d2ef4d6991bb73a7_1_Ronde 3.webp]
[cdn.prod.website-files.com/62014dd97e014e5a161f0175/645ce954d2ef4d6991bb73a7_1_Ronde 3-p-500.webp]
[lesgrosmotsfinal.webflow.io/projects/interfel/jamais-trop.html]
[lesgrosmotsfinal.webflow.io/projects/brioche-pasquier/on-va-sbeignet.html]
[cdn.prod.website-files.com/62014dd97e014e5a161f0175/637de0e7fcacb5cc31f1d367_N°15-1-p-500.jpg]
[cdn.prod.website-files.com/62014dd97e014e5a161f0175/637de0e7fcacb5cc31f1d367_N°15-1-p-800.jpg]
[cdn.prod.website-files.com/62014dd97e014e5a161f0175/637de0e7fcacb5cc31f1d367_N°15-1-p-1080.jpg]
[cdn.prod.website-files.com/62014dd97e014e5a161f0175/637de0f2d9344453bc6692b0_N°15-2-p-500.jpg]
[cdn.prod.website-files.com/62014dd97e014e5a161f0175/637de0f2d9344453bc6692b0_N°15-2-p-800.jpg]
[cdn.prod.website-files.com/62014dd97e014e5a161f0175/637de0f2d9344453bc6692b0_N°15-2-p-1080.jpg]
[cdn.prod.website-files.com/62014dd97e014e5a161f0175/637de0fdd9344420826696ff_N°15-3-p-500.jpg]
[cdn.prod.website-files.com/62014dd97e014e5a161f0175/637de0fdd9344420826696ff_N°15-3-p-800.jpg]
[cdn.prod.website-files.com/62014dd97e014e5a161f0175/637de0fdd9344420826696ff_N°15-3-p-1080.jpg]
[cdn.prod.website-files.com/62014dd97e014e5a161f0175/636cead358f7606531aff4db_ECHECMAT 1-p-500.jpg]
[cdn.prod.website-files.com/62014dd97e014e5a161f0175/636cead358f7606531aff4db_ECHECMAT 1-p-800.jpg]
[cdn.prod.website-files.com/62014dd97e014e5a161f0175/636cead358f7606531aff4db_ECHECMAT 1-p-1080.jpg]
[cdn.prod.website-files.com/62014dd97e014e5a161f0175/636ceae0723267752c5ebd59_ECHECMAT 2-p-500.jpg]
[cdn.prod.website-files.com/62014dd97e014e5a161f0175/636ceae0723267752c5ebd59_ECHECMAT 2-p-800.jpg]
[cdn.prod.website-files.com/62014dd97e014e5a161f0175/636ceae0723267752c5ebd59_ECHECMAT 2-p-1080.jpg]
[cdn.prod.website-files.com/62014dd97e014e5a161f0175/636ceaee6480faadec4a2797_ECHECMAT 3-p-500.jpg]
[cdn.prod.website-files.com/62014dd97e014e5a161f0175/636ceaee6480faadec4a2797_ECHECMAT 3-p-800.jpg]
[cdn.prod.website-files.com/62014dd97e014e5a161f0175/636ceaee6480faadec4a2797_ECHECMAT 3-p-1080.jpg]
[cdn.prod.website-files.com/62014dd97e014e5a161f0175/636a3dae1c741715b7749356_LE MONDE1-p-500.jpg]
[cdn.prod.website-files.com/62014dd97e014e5a161f0175/636a3dae1c741715b7749356_LE MONDE1-p-800.jpg]
[cdn.prod.website-files.com/62014dd97e014e5a161f0175/636a3dae1c741715b7749356_LE MONDE1-p-1080.jpg]
[cdn.prod.website-files.com/62014dd97e014e5a161f0175/636a3db9ba0d1055be565ff9_LE MONDE2-p-500.jpg]
[cdn.prod.website-files.com/62014dd97e014e5a161f0175/636a3db9ba0d1055be565ff9_LE MONDE2-p-800.jpg]
[cdn.prod.website-files.com/62014dd97e014e5a161f0175/636a3db9ba0d1055be565ff9_LE MONDE2-p-1080.jpg]
[cdn.prod.website-files.com/62014dd97e014e5a161f0175/636a3dc3f755586ce3d65717_LEMONDE3-p-500.jpg]
[cdn.prod.website-files.com/62014dd97e014e5a161f0175/636a3dc3f755586ce3d65717_LEMONDE3-p-800.jpg]
[cdn.prod.website-files.com/62014dd97e014e5a161f0175/636a3dc3f755586ce3d65717_LEMONDE3-p-1080.jpg]
[cdn.prod.website-files.com/62014dd97e014e5a161f0175/635fd09ebc9d9c5c4bf92c5a_N°14-1-p-500.jpg]
[cdn.prod.website-files.com/62014dd97e014e5a161f0175/635fd09ebc9d9c5c4bf92c5a_N°14-1-p-800.jpg]
[cdn.prod.website-files.com/62014dd97e014e5a161f0175/635fd09ebc9d9c5c4bf92c5a_N°14-1-p-1080.jpg]
[cdn.prod.website-files.com/62014dd97e014e5a161f0175/635fd0a9618e0a443bc92767_N°14_2-p-500.jpg]
[cdn.prod.website-files.com/62014dd97e014e5a161f0175/635fd0a9618e0a443bc92767_N°14_2-p-800.jpg]
[cdn.prod.website-files.com/62014dd97e014e5a161f0175/635fd0a9618e0a443bc92767_N°14_2-p-1080.jpg]
[cdn.prod.website-files.com/62014dd97e014e5a161f0175/635fd0b5799bce50e5216812_N°14-3-p-500.jpg]
[cdn.prod.website-files.com/62014dd97e014e5a161f0175/635fd0b5799bce50e5216812_N°14-3-p-800.jpg]
[cdn.prod.website-files.com/62014dd97e014e5a161f0175/635fd0b5799bce50e5216812_N°14-3-p-1080.jpg]
[cdn.prod.website-files.com/62014dd97e014e5a161f0175/635fcf96b596362b73806bed_N°13-1-p-500.jpg]
[cdn.prod.website-files.com/62014dd97e014e5a161f0175/635fcf96b596362b73806bed_N°13-1-p-800.jpg]
[cdn.prod.website-files.com/62014dd97e014e5a161f0175/635fcf96b596362b73806bed_N°13-1-p-1080.jpg]
[cdn.prod.website-files.com/62014dd97e014e5a161f0175/635fcfa27b758d7639e1e329_N°13-2-p-500.jpg]
[cdn.prod.website-files.com/62014dd97e014e5a161f0175/635fcfa27b758d7639e1e329_N°13-2-p-800.jpg]
[cdn.prod.website-files.com/62014dd97e014e5a161f0175/635fcfa27b758d7639e1e329_N°13-2-p-1080.jpg]
[cdn.prod.website-files.com/62014dd97e014e5a161f0175/635fcfad3ea935798e179c14_N°13-3-p-500.jpg]
[cdn.prod.website-files.com/62014dd97e014e5a161f0175/635fcfad3ea935798e179c14_N°13-3-p-800.jpg]
[cdn.prod.website-files.com/62014dd97e014e5a161f0175/635fcfad3ea935798e179c14_N°13-3-p-1080.jpg]
[cdn.prod.website-files.com/62014dd97e014e5a161f0175/635fc2bb70804584ed5e412b_SAVEOL1-p-500.jpg]
[cdn.prod.website-files.com/62014dd97e014e5a161f0175/635fc2bb70804584ed5e412b_SAVEOL1-p-800.jpg]
[cdn.prod.website-files.com/62014dd97e014e5a161f0175/635fc2bb70804584ed5e412b_SAVEOL1-p-1080.jpg]
[cdn.prod.website-files.com/62014dd97e014e5a161f0175/635fc2c4d15f657e8c5d4bd7_SAVEOL2-p-500.jpg]
[cdn.prod.website-files.com/62014dd97e014e5a161f0175/635fc2c4d15f657e8c5d4bd7_SAVEOL2-p-800.jpg]
[cdn.prod.website-files.com/62014dd97e014e5a161f0175/635fc2c4d15f657e8c5d4bd7_SAVEOL2-p-1080.jpg]
[cdn.prod.website-files.com/62014dd97e014e5a161f0175/635fced24cc38ff25db25db3_SAVEOL3-p-500.jpg]
[cdn.prod.website-files.com/62014dd97e014e5a161f0175/635fced24cc38ff25db25db3_SAVEOL3-p-800.jpg]
[cdn.prod.website-files.com/62014dd97e014e5a161f0175/635fced24cc38ff25db25db3_SAVEOL3-p-1080.jpg]
[cdn.prod.website-files.com/62014dd97e014e5a161f0175/635fc1df61099e1c593a8fb2_N°12-1-p-500.jpg]
[cdn.prod.website-files.com/62014dd97e014e5a161f0175/635fc1df61099e1c593a8fb2_N°12-1-p-800.jpg]
[cdn.prod.website-files.com/62014dd97e014e5a161f0175/635fc1df61099e1c593a8fb2_N°12-1-p-1080.jpg]
[cdn.prod.website-files.com/62014dd97e014e5a161f0175/635fc1ecf95dcc530f40a52e_N°12-2-p-500.jpg]
[cdn.prod.website-files.com/62014dd97e014e5a161f0175/635fc1ecf95dcc530f40a52e_N°12-2-p-800.jpg]
[cdn.prod.website-files.com/62014dd97e014e5a161f0175/635fc1ecf95dcc530f40a52e_N°12-2-p-1080.jpg]
[cdn.prod.website-files.com/62014dd97e014e5a161f0175/635fc1f741528aa3bef5680a_N°12-3-p-500.jpg]
[cdn.prod.website-files.com/62014dd97e014e5a161f0175/635fc1f741528aa3bef5680a_N°12-3-p-800.jpg]
[cdn.prod.website-files.com/62014dd97e014e5a161f0175/635fc1f741528aa3bef5680a_N°12-3-p-1080.jpg]
[cdn.prod.website-files.com/62014dd97e014e5a161f0175/635fc10c3ea9350b58169e70_N°11-1-p-500.jpg]
[cdn.prod.website-files.com/62014dd97e014e5a161f0175/635fc10c3ea9350b58169e70_N°11-1-p-800.jpg]
[cdn.prod.website-files.com/62014dd97e014e5a161f0175/635fc10c3ea9350b58169e70_N°11-1-p-1080.jpg]
[cdn.prod.website-files.com/62014dd97e014e5a161f0175/635fc11630100384b73dd6f4_N°11-2-p-500.jpg]
[cdn.prod.website-files.com/62014dd97e014e5a161f0175/635fc11630100384b73dd6f4_N°11-2-p-800.jpg]
[cdn.prod.website-files.com/62014dd97e014e5a161f0175/635fc11630100384b73dd6f4_N°11-2-p-1080.jpg]
[cdn.prod.website-files.com/62014dd97e014e5a161f0175/635fc1222936c28d8eba3bec_N°11-3-p-500.jpg]
[cdn.prod.website-files.com/62014dd97e014e5a161f0175/635fc1222936c28d8eba3bec_N°11-3-p-800.jpg]
[cdn.prod.website-files.com/62014dd97e014e5a161f0175/635fc1222936c28d8eba3bec_N°11-3-p-1080.jpg]
[cdn.prod.website-files.com/62014dd97e014e5a161f0175/635fbf593010036d6d3dbc3d_ECHEC1-p-500.jpg]
[cdn.prod.website-files.com/62014dd97e014e5a161f0175/635fbf593010036d6d3dbc3d_ECHEC1-p-800.jpg]
[cdn.prod.website-files.com/62014dd97e014e5a161f0175/635fbf593010036d6d3dbc3d_ECHEC1-p-1080.jpg]
[cdn.prod.website-files.com/62014dd97e014e5a161f0175/635fbf622ce3081944bd187a_ECHEC2-p-500.jpg]
[cdn.prod.website-files.com/62014dd97e014e5a161f0175/635fbf622ce3081944bd187a_ECHEC2-p-800.jpg]
[cdn.prod.website-files.com/62014dd97e014e5a161f0175/635fbf622ce3081944bd187a_ECHEC2-p-1080.jpg]
[cdn.prod.website-files.com/62014dd97e014e5a161f0175/635fbf6bd15f657ff55d03bc_ECHEC3-p-500.jpg]
[cdn.prod.website-files.com/62014dd97e014e5a161f0175/635fbf6bd15f657ff55d03bc_ECHEC3-p-800.jpg]
[cdn.prod.website-files.com/62014dd97e014e5a161f0175/635fbf6bd15f657ff55d03bc_ECHEC3-p-1080.jpg]
[cdn.prod.website-files.com/62014dd97e014e5a161f0175/635fbbd85dee79f46570b800_N°10-1-p-500.jpg]
[cdn.prod.website-files.com/62014dd97e014e5a161f0175/635fbbd85dee79f46570b800_N°10-1-p-800.jpg]
[cdn.prod.website-files.com/62014dd97e014e5a161f0175/635fbbd85dee79f46570b800_N°10-1-p-1080.jpg]
[cdn.prod.website-files.com/62014dd97e014e5a161f0175/635fbbe7f95dcc3a59405b50_N°10-2-p-500.jpg]
[cdn.prod.website-files.com/62014dd97e014e5a161f0175/635fbbe7f95dcc3a59405b50_N°10-2-p-800.jpg]
[cdn.prod.website-files.com/62014dd97e014e5a161f0175/635fbbe7f95dcc3a59405b50_N°10-2-p-1080.jpg]
[cdn.prod.website-files.com/62014dd97e014e5a161f0175/635fbbf3f95dcc7437405b78_N°10-3-p-500.jpg]
[cdn.prod.website-files.com/62014dd97e014e5a161f0175/635fbbf3f95dcc7437405b78_N°10-3-p-800.jpg]
[cdn.prod.website-files.com/62014dd97e014e5a161f0175/635fbbf3f95dcc7437405b78_N°10-3-p-1080.jpg]
[cdn.prod.website-files.com/62014dd97e014e5a161f0175/635fbcfd799bce2c09201251_MEDIA1-p-500.jpg]
[cdn.prod.website-files.com/62014dd97e014e5a161f0175/635fbcfd799bce2c09201251_MEDIA1-p-800.jpg]
[cdn.prod.website-files.com/62014dd97e014e5a161f0175/635fbcfd799bce2c09201251_MEDIA1-p-1080.jpg]
[cdn.prod.website-files.com/62014dd97e014e5a161f0175/635fbd0627b382462aa1498a_MEDIA2-p-500.jpg]
[cdn.prod.website-files.com/62014dd97e014e5a161f0175/635fbd0627b382462aa1498a_MEDIA2-p-800.jpg]
[cdn.prod.website-files.com/62014dd97e014e5a161f0175/635fbd0627b382462aa1498a_MEDIA2-p-1080.jpg]
[cdn.prod.website-files.com/62014dd97e014e5a161f0175/635fbd0f6c5db64fadf74350_MEDIA3-p-500.jpg]
[cdn.prod.website-files.com/62014dd97e014e5a161f0175/635fbd0f6c5db64fadf74350_MEDIA3-p-800.jpg]
[cdn.prod.website-files.com/62014dd97e014e5a161f0175/635fbd0f6c5db64fadf74350_MEDIA3-p-1080.jpg]
[cdn.prod.website-files.com/62014dd97e014e5a161f0175/635fbab3f0970456d2cd5f95_N°9-1-p-500.jpg]
[cdn.prod.website-files.com/62014dd97e014e5a161f0175/635fbab3f0970456d2cd5f95_N°9-1-p-800.jpg]
[cdn.prod.website-files.com/62014dd97e014e5a161f0175/635fbab3f0970456d2cd5f95_N°9-1-p-1080.jpg]
[cdn.prod.website-files.com/62014dd97e014e5a161f0175/635fbabe6c5db6ce23f72449_N°9-2-p-500.jpg]
[cdn.prod.website-files.com/62014dd97e014e5a161f0175/635fbabe6c5db6ce23f72449_N°9-2-p-800.jpg]
[cdn.prod.website-files.com/62014dd97e014e5a161f0175/635fbabe6c5db6ce23f72449_N°9-2-p-1080.jpg]
[cdn.prod.website-files.com/62014dd97e014e5a161f0175/635fbac82ce308d81dbcbf52_N°9-3-p-500.jpg]
[cdn.prod.website-files.com/62014dd97e014e5a161f0175/635fbac82ce308d81dbcbf52_N°9-3-p-800.jpg]
[cdn.prod.website-files.com/62014dd97e014e5a161f0175/635fbac82ce308d81dbcbf52_N°9-3-p-1080.jpg]
[cdn.prod.website-files.com/62014dd97e014e5a161f0175/635fb9c5a5cfadf1021fd81e_N°8-1-p-500.jpg]
[cdn.prod.website-files.com/62014dd97e014e5a161f0175/635fb9c5a5cfadf1021fd81e_N°8-1-p-800.jpg]
[cdn.prod.website-files.com/62014dd97e014e5a161f0175/635fb9c5a5cfadf1021fd81e_N°8-1-p-1080.jpg]
[cdn.prod.website-files.com/62014dd97e014e5a161f0175/635fb9d12936c2fd72b9d2c1_N°8-2-p-500.jpg]
[cdn.prod.website-files.com/62014dd97e014e5a161f0175/635fb9d12936c2fd72b9d2c1_N°8-2-p-800.jpg]
[cdn.prod.website-files.com/62014dd97e014e5a161f0175/635fb9d12936c2fd72b9d2c1_N°8-2-p-1080.jpg]
[cdn.prod.website-files.com/62014dd97e014e5a161f0175/635fb9dc27b3829be6a10e86_N°8-3-p-500.jpg]
[cdn.prod.website-files.com/62014dd97e014e5a161f0175/635fb9dc27b3829be6a10e86_N°8-3-p-800.jpg]
[cdn.prod.website-files.com/62014dd97e014e5a161f0175/635fb9dc27b3829be6a10e86_N°8-3-p-1080.jpg]
[cdn.prod.website-files.com/62014dd97e014e5a161f0175/635fb87141528a5e47f4cad5_N°7-1-p-500.jpg]
[cdn.prod.website-files.com/62014dd97e014e5a161f0175/635fb87141528a5e47f4cad5_N°7-1-p-800.jpg]
[cdn.prod.website-files.com/62014dd97e014e5a161f0175/635fb87141528a5e47f4cad5_N°7-1-p-1080.jpg]
[cdn.prod.website-files.com/62014dd97e014e5a161f0175/635fb87c2ce308e53abc8584_N°7-2-p-500.jpg]
[cdn.prod.website-files.com/62014dd97e014e5a161f0175/635fb87c2ce308e53abc8584_N°7-2-p-800.jpg]
[cdn.prod.website-files.com/62014dd97e014e5a161f0175/635fb87c2ce308e53abc8584_N°7-2-p-1080.jpg]
[cdn.prod.website-files.com/62014dd97e014e5a161f0175/635fb8872936c2d96ab9c11b_n°7-3-p-500.jpg]
[cdn.prod.website-files.com/62014dd97e014e5a161f0175/635fb8872936c2d96ab9c11b_n°7-3-p-800.jpg]
[cdn.prod.website-files.com/62014dd97e014e5a161f0175/635fb8872936c2d96ab9c11b_n°7-3-p-1080.jpg]
[cdn.prod.website-files.com/62014dd97e014e5a161f0175/635fb5a945a67266453090d9_N°6-2-p-500.jpg]
[cdn.prod.website-files.com/62014dd97e014e5a161f0175/635fb5a945a67266453090d9_N°6-2-p-800.jpg]
[cdn.prod.website-files.com/62014dd97e014e5a161f0175/635fb5a945a67266453090d9_N°6-2-p-1080.jpg]
[cdn.prod.website-files.com/62014dd97e014e5a161f0175/635fb5ba4cc38f08d0b0d51f_N°6-3-p-500.jpg]
[cdn.prod.website-files.com/62014dd97e014e5a161f0175/635fb5ba4cc38f08d0b0d51f_N°6-3-p-800.jpg]
[cdn.prod.website-files.com/62014dd97e014e5a161f0175/635fb5ba4cc38f08d0b0d51f_N°6-3-p-1080.jpg]
[lesgrosmotsfinal.webflow.io/projects/saveol/giItT1WQy@!-.html]
[cdn.prod.website-files.com/62014dd97e014e5a161f0175/6442c2f56349ac608e621b5a_cross-back.svg]
[cdn.prod.website-files.com/62014dd97e014e5a161f0175/6443f16e51565252c194cf95_monde-ouvert-p-500.jpg]
[cdn.prod.website-files.com/62014dd97e014e5a161f0175/6443f16e51565252c194cf95_monde-ouvert-p-800.jpg]
[cdn.prod.website-files.com/62014dd97e014e5a161f0175/6443f16e51565252c194cf95_monde-ouvert-p-1080.jpg]
[cdn.prod.website-files.com/62014dd97e014e290b1f0182/653134e2fb988c807da7b773_1-crea-boeuf-1-p-500.jpg]
[cdn.prod.website-files.com/62014dd97e014e290b1f0182/653134e2fb988c807da7b773_1-crea-boeuf-1-p-800.jpg]
[cdn.prod.website-files.com/62014dd97e014e290b1f0182/647627f535e342c5a6332519_cita1-p-500.jpg]
[cdn.prod.website-files.com/62014dd97e014e290b1f0182/647627f535e342c5a6332519_cita1-p-800.jpg]
[cdn.prod.website-files.com/62014dd97e014e290b1f0182/6475eb6786e51dd65fe0d948_vin1-p-500.jpg]
[cdn.prod.website-files.com/62014dd97e014e290b1f0182/6475eb6786e51dd65fe0d948_vin1-p-800.jpg]
[cdn.prod.website-files.com/62014dd97e014e290b1f0182/6475ea006ad21d71b1e7c2c7_bleu1-p-500.jpg]
[cdn.prod.website-files.com/62014dd97e014e290b1f0182/6475ea006ad21d71b1e7c2c7_bleu1-p-800.jpg]
[cdn.prod.website-files.com/62014dd97e014e290b1f0182/6475e6a094da1b23bf7c40a0_game1-p-500.jpg]
[cdn.prod.website-files.com/62014dd97e014e290b1f0182/6475e6a094da1b23bf7c40a0_game1-p-800.jpg]
[cdn.prod.website-files.com/62014dd97e014e290b1f0182/6475a7263afdd871f25362d7_cho1-p-500.jpg]
[cdn.prod.website-files.com/62014dd97e014e290b1f0182/6475a7263afdd871f25362d7_cho1-p-800.jpg]
[cdn.prod.website-files.com/62014dd97e014e290b1f0182/6475a3f08661e084c5184d81_avenir1-p-500.jpg]
[cdn.prod.website-files.com/62014dd97e014e290b1f0182/6475a3f08661e084c5184d81_avenir1-p-800.jpg]
[cdn.prod.website-files.com/62014dd97e014e290b1f0182/6475a31af36e14ee9b94f033_eter1-p-500.jpg]
[cdn.prod.website-files.com/62014dd97e014e290b1f0182/6475a31af36e14ee9b94f033_eter1-p-800.jpg]
[cdn.prod.website-files.com/62014dd97e014e290b1f0182/647480c3131edc2632d5c8c1_habi1-p-500.jpg]
[cdn.prod.website-files.com/62014dd97e014e290b1f0182/647480c3131edc2632d5c8c1_habi1-p-800.jpg]
[cdn.prod.website-files.com/62014dd97e014e290b1f0182/64746ea6131edc2632c72794_pag1-p-500.jpg]
[cdn.prod.website-files.com/62014dd97e014e290b1f0182/64746ea6131edc2632c72794_pag1-p-800.jpg]
[cdn.prod.website-files.com/62014dd97e014e290b1f0182/64746c0dd636aeb010941edd_saga2-p-500.jpg]
[cdn.prod.website-files.com/62014dd97e014e290b1f0182/64746c0dd636aeb010941edd_saga2-p-800.jpg]
[cdn.prod.website-files.com/62014dd97e014e290b1f0182/647469a096040b5fe4f27ca9_puy1-p-500.jpg]
[cdn.prod.website-files.com/62014dd97e014e290b1f0182/647469a096040b5fe4f27ca9_puy1-p-800.jpg]
[cdn.prod.website-files.com/62014dd97e014e290b1f0182/647469c7fa7c0d5993e2b204_pasq2-p-500.jpg]
[cdn.prod.website-files.com/62014dd97e014e290b1f0182/647469c7fa7c0d5993e2b204_pasq2-p-800.jpg]
[cdn.prod.website-files.com/62014dd97e014e290b1f0182/647469c7fa7c0d5993e2b204_pasq2-p-1080.jpg]
[cdn.prod.website-files.com/62014dd97e014e290b1f0182/647469f2d636aeb01092a5df_pitch1-p-500.jpg]
[cdn.prod.website-files.com/62014dd97e014e290b1f0182/643e95599964f4981cd331e9_speedy-p-500.jpg]
[cdn.prod.website-files.com/62014dd97e014e290b1f0182/64735ea54e7dfa2006ba2cb5_inter-1-p-500.jpg]
[cdn.prod.website-files.com/62014dd97e014e290b1f0182/64735ea54e7dfa2006ba2cb5_inter-1-p-800.jpg]
[cdn.prod.website-files.com/62014dd97e014e290b1f0182/643e9ad32afc11c0f2900c5e_lemonde-p-500.jpg]
[cdn.prod.website-files.com/62014dd97e014e5a161f0175/645cea5dc4493959f1ba89a7_1 (1)-p-500.jpg]
[cdn.prod.website-files.com/62014dd97e014e5a161f0175/645cea5dc4493959f1ba89a7_1 (1)-p-800.jpg]
[cdn.prod.website-files.com/62014dd97e014e5a161f0175/645cea5dc4493959f1ba89a7_1 (1)-p-1080.jpg]
[cdn.prod.website-files.com/62014dd97e014e5a161f0175/645cea5dc4493959f1ba89a7_1 (1)-p-1600.jpg]
[cdn.prod.website-files.com/62014dd97e014e5a161f0175/645cea5d4224ff1c77a647d9_1 (3)-p-500.jpg]
[cdn.prod.website-files.com/62014dd97e014e5a161f0175/645cea5d4224ff1c77a647d9_1 (3)-p-800.jpg]
[cdn.prod.website-files.com/62014dd97e014e5a161f0175/645cea5d4224ff1c77a647d9_1 (3)-p-1080.jpg]
[cdn.prod.website-files.com/62014dd97e014e5a161f0175/645cea5d4224ff1c77a647d9_1 (3)-p-1600.jpg]
[cdn.prod.website-files.com/62014dd97e014e5a161f0175/645cea5d2e89b95ad23fafc1_1_Ronde 3 (2)-p-500.jpg]
[cdn.prod.website-files.com/62014dd97e014e5a161f0175/645cea5d2e89b95ad23fafc1_1_Ronde 3 (2)-p-800.jpg]
[cdn.prod.website-files.com/62014dd97e014e5a161f0175/645cea5d2e89b95ad23fafc1_1_Ronde 3 (2)-p-1080.jpg]
[cdn.prod.website-files.com/62014dd97e014e5a161f0175/645cea5d2e89b95ad23fafc1_1_Ronde 3 (2)-p-1600.jpg]
[cdn.prod.website-files.com/62014dd97e014e5a161f0175/645cea5d09912c2a17751f09_1 (2)-p-500.jpg]
[cdn.prod.website-files.com/62014dd97e014e5a161f0175/645cea5d09912c2a17751f09_1 (2)-p-800.jpg]
[cdn.prod.website-files.com/62014dd97e014e5a161f0175/645cea5d09912c2a17751f09_1 (2)-p-1080.jpg]
[cdn.prod.website-files.com/62014dd97e014e5a161f0175/645cea5d09912c2a17751f09_1 (2)-p-1600.jpg]
[cdn.prod.website-files.com/62014dd97e014e5a161f0175/645cea5dd76a660a598c33b0_1_Ronde 3 (4)-p-500.jpg]
[cdn.prod.website-files.com/62014dd97e014e5a161f0175/645cea5dd76a660a598c33b0_1_Ronde 3 (4)-p-800.jpg]
[cdn.prod.website-files.com/62014dd97e014e5a161f0175/645cea5dd76a660a598c33b0_1_Ronde 3 (4)-p-1080.jpg]
[cdn.prod.website-files.com/62014dd97e014e5a161f0175/645cea5dd76a660a598c33b0_1_Ronde 3 (4)-p-1600.jpg]
